domain,n,method,kernel_median_ms,e2e_median_ms,kernel_mroots_s,e2e_mroots_s,root_diff_p99,root_diff_max,wrong_root,iterations_p99,checksum
bem,1,df32,0.0276377610862,0.048972800374,0.0361823809418,0.0204194980145,1.38777878078e-16,1.38777878078e-16,0,6,0.123072337402
bem,1,fp64_equivalent,0.0276006385684,0.0425247997046,0.0362310457971,0.0235156898315,1.38777878078e-16,1.38777878078e-16,0,6,0.123072337402
bem,8,df32,0.134585916996,0.200841590762,0.0594415833288,0.0398323871547,4.41868763801e-14,4.4408920985e-14,0,43,8.03363004489
bem,8,fp64_equivalent,0.0276070404798,0.0363359972835,0.289781152234,0.220167343629,4.41868763801e-14,4.4408920985e-14,0,6,8.03363004489
bem,32,df32,0.143179193139,0.209155201912,0.223496160988,0.152996433784,8.12128142513e-14,9.64506252643e-14,0,47,39.7467202015
bem,32,fp64_equivalent,0.0378272011876,0.0722400024533,0.845952092551,0.442967869785,8.12128142513e-14,9.64506252643e-14,0,8,39.7467202015
bem,128,df32,0.153700470924,0.217884808779,0.832788599997,0.587466380595,9.64506252643e-14,9.76441150158e-14,0,52,303.741113672
bem,128,fp64_equivalent,0.182135045528,0.24581758678,0.702775238168,0.520711319629,9.64506252643e-14,9.76441150158e-14,0,52,303.741113672
bem,512,df32,0.183452472091,0.237023994327,2.79091360375,2.16011885824,9.64506252643e-14,9.9142916099e-14,0,52,1436.1135911
bem,512,fp64_equivalent,0.315945923328,0.373379200697,1.62053048384,1.37126009977,9.64506252643e-14,9.9142916099e-14,0,52,1436.1135911
bem,2048,df32,0.175571203232,0.24451200664,11.6647830755,8.37586680564,9.66449142936e-14,9.94482274308e-14,0,52,5635.52933306
bem,2048,fp64_equivalent,0.343715190887,0.403744012117,5.9584215487,5.07252104931,9.66449142936e-14,9.94482274308e-14,0,52,5635.52933306
bem,8192,df32,0.17618240416,0.25900799036,46.4972653713,31.6283678685,9.73943148352e-14,1.00586206031e-13,0,52,23613.1492477
bem,8192,fp64_equivalent,0.34441280365,0.414272010326,23.7854107431,19.7744472129,9.73943148352e-14,1.00586206031e-13,0,52,23613.1492477
bem,32768,df32,0.177952006459,0.371583998203,184.139536564,88.1846370092,9.73943148352e-14,1.0280665208e-13,0,52,95193.2216366
bem,32768,fp64_equivalent,0.335743993521,0.535744011402,97.5981719178,61.1635394939,9.73943148352e-14,1.0280665208e-13,0,52,95193.2216366
bem,131072,df32,0.515936017036,1.15267205238,254.047005194,113.711440933,9.75608482889e-14,1.75581771344e-13,0,52,293373.189708
bem,131072,fp64_equivalent,1.26595199108,1.92729604244,103.536311743,68.0082338746,9.75608482889e-14,1.75581771344e-13,0,52,293373.189708
bem,524288,df32,1.63676798344,3.99568009377,320.319071063,131.213707729,9.75608482889e-14,1.75581771344e-13,0,52,293373.189708
bem,524288,fp64_equivalent,4.45657587051,6.58934402466,117.64368323,79.566038446,9.75608482889e-14,1.75581771344e-13,0,52,293373.189708
bem,2097152,df32,6.46460819244,15.4340162277,324.405120553,135.878566477,9.75608482889e-14,1.75581771344e-13,0,52,293373.189708
bem,2097152,fp64_equivalent,17.0324802399,25.5664634705,123.126636313,82.0274576663,9.75608482889e-14,1.75581771344e-13,0,52,293373.189708
bem,8388608,df32,26.1241607666,60.7984008789,321.105358176,137.97415522,9.75608482889e-14,1.75581771344e-13,0,52,293373.189708
bem,8388608,fp64_equivalent,67.2819519043,102.460700989,124.678428056,81.8714679779,9.75608482889e-14,1.75581771344e-13,0,52,293373.189708
bem,16777216,df32,52.4192314148,122.20854187,320.05841267,137.283497072,9.75608482889e-14,1.75581771344e-13,0,52,293373.189708
bem,16777216,fp64_equivalent,134.021148682,205.439331055,125.183347293,81.6650634222,9.75608482889e-14,1.75581771344e-13,0,52,293373.189708
kepler,1,df32,0.0490739196539,0.0513631999493,0.0203774226117,0.0194691919699,4.51028103754e-14,4.51028103754e-14,0,48,0.0595829657091
kepler,1,fp64_equivalent,0.0222223997116,0.0252543985844,0.0449996405869,0.0395970625339,4.51028103754e-14,4.51028103754e-14,0,12,0.0595829657091
kepler,8,df32,0.0531916804612,0.0610847994685,0.150399459664,0.13096547864,3.90798504668e-14,4.51028103754e-14,0,48,71.9263897774
kepler,8,fp64_equivalent,0.0232678391039,0.0257824007422,0.343822215903,0.310289180593,3.90798504668e-14,4.51028103754e-14,0,10,71.9263897774
kepler,32,df32,0.0592848025262,0.0732543990016,0.539767337267,0.436833834365,6.97220059465e-14,2.97813856909e-13,0,52,447.458383108
kepler,32,fp64_equivalent,0.0316553600132,0.0368352010846,1.01088725532,0.868734228612,6.97220059465e-14,2.97813856909e-13,0,17,447.458383108
kepler,128,df32,0.0590473599732,0.0731744021177,2.1677514466,1.74924558719,2.50509682442e-13,6.70489705423e-13,0,52,1724.55615534
kepler,128,fp64_equivalent,0.0335606411099,0.0474303998053,3.81399150215,2.69869114588,2.50509682442e-13,6.70489705423e-13,0,17,1724.55615534
kepler,512,df32,0.0752860754728,0.0859040021896,6.80072638645,5.96014140144,2.61863447593e-13,7.19250180248e-13,0,52,6968.58034376
kepler,512,fp64_equivalent,0.0572297610343,0.0731519982219,8.94639416183,6.99912527949,2.61863447593e-13,7.19250180248e-13,0,18,6968.58034376
kepler,2048,df32,0.0733119994402,0.0869759991765,27.9353996022,23.5467257564,4.66708269253e-13,1.72702564055e-12,0,52,28210.7605264
kepler,2048,fp64_equivalent,0.057392001152,0.0721599981189,35.6844152302,28.3813754627,4.66708269253e-13,1.72702564055e-12,0,18,28210.7605264
kepler,8192,df32,0.0738848000765,0.120255999267,110.875308474,68.1213415541,4.92110692474e-13,1.72702564055e-12,0,52,112785.479077
kepler,8192,fp64_equivalent,0.0588895976543,0.137567996979,139.107759711,59.5487335711,4.92110692474e-13,1.72702564055e-12,0,18,112785.479077
kepler,32768,df32,0.0758399963379,0.230783998966,432.067531412,141.985580226,4.72495306769e-13,2.63940345274e-12,0,52,449644.306977
kepler,32768,fp64_equivalent,0.0602560006082,0.218143999577,543.81305877,150.212703827,4.72495306769e-13,2.63940345274e-12,0,18,449644.306977
kepler,131072,df32,0.23388800025,0.807519972324,560.404979563,162.31425165,4.70054550838e-13,2.64345663414e-12,0,52,1371436.38426
kepler,131072,fp64_equivalent,0.223072007298,0.798367977142,587.577085926,164.174921531,4.70054550838e-13,2.64345663414e-12,0,18,1371436.38426
kepler,524288,df32,0.730304002762,3.10768008232,717.903774342,168.707198332,4.70054550838e-13,2.64345663414e-12,0,52,1371436.38426
kepler,524288,fp64_equivalent,0.702304005623,2.98310399055,746.525715078,175.75250533,4.70054550838e-13,2.64345663414e-12,0,18,1371436.38426
kepler,2097152,df32,2.88950395584,11.7405757904,725.782705976,178.624288743,4.70054550838e-13,2.64345663414e-12,0,52,1371436.38426
kepler,2097152,fp64_equivalent,2.78297591209,11.7297277451,753.564553285,178.789486472,4.70054550838e-13,2.64345663414e-12,0,18,1371436.38426
kepler,8388608,df32,11.764831543,46.9415054321,713.024064081,178.703429359,4.70054550838e-13,2.64345663414e-12,0,52,1371436.38426
kepler,8388608,fp64_equivalent,11.0443515778,46.6044807434,759.53829801,179.995740027,4.70054550838e-13,2.64345663414e-12,0,18,1371436.38426
kepler,16777216,df32,23.6330242157,93.8426589966,709.905590028,178.780270928,4.70054550838e-13,2.64345663414e-12,0,52,1371436.38426
kepler,16777216,fp64_equivalent,22.081823349,93.2658233643,759.774939544,179.886001054,4.70054550838e-13,2.64345663414e-12,0,18,1371436.38426
pv,1,df32,0.0960249602795,0.0997247993946,0.010413959007,0.0100275960049,3.19744231092e-14,3.19744231092e-14,0,40,7.44420283371
pv,1,fp64_equivalent,0.0122937597334,0.0158432014287,0.0813420809974,0.063118556215,3.19744231092e-14,3.19744231092e-14,0,3,7.44420283371
pv,8,df32,0.122515842319,0.15689599514,0.0652976778236,0.0509891918711,9.54791801178e-14,1.54543045028e-13,0,47,159.974506715
pv,8,fp64_equivalent,0.0184358395636,0.0249600000679,0.43393738443,0.32051281964,9.54791801178e-14,1.54543045028e-13,0,6,159.974506715
pv,32,df32,0.127703040838,0.165215998888,0.250581347084,0.193685842869,1.21902488104e-13,1.54543045028e-13,0,49,1302.5552024
pv,32,fp64_equivalent,0.0184460803866,0.0245312005281,1.73478589105,1.30446122942,1.21902488104e-13,1.54543045028e-13,0,6,1302.5552024
pv,128,df32,0.129752323031,0.17205439508,0.986494861976,0.743950771736,1.54543045028e-13,2.50910403565e-13,0,50,5992.42861454
pv,128,fp64_equivalent,0.0255347210914,0.0354176014662,5.01278238137,3.61402225733,1.54543045028e-13,2.50910403565e-13,0,7,5992.42861454
pv,512,df32,0.148903355002,0.203324794769,3.43847188663,2.51813853092,1.4788170688e-13,2.50910403565e-13,0,51,25877.1396024
pv,512,fp64_equivalent,0.0398563183844,0.048841599375,12.8461438676,10.4828671983,1.4788170688e-13,2.50910403565e-13,0,7,25877.1396024
pv,2048,df32,0.143968001008,0.158976003528,14.2253833189,12.8824473792,1.70308211977e-13,3.71258579435e-13,0,51,106226.468109
pv,2048,fp64_equivalent,0.0389311984181,0.0512959994376,52.6056243634,39.9251407996,1.70308211977e-13,3.71258579435e-13,0,7,106226.468109
pv,8192,df32,0.143782407045,0.225695997477,56.9749816291,36.2966117769,1.66089364484e-13,3.71258579435e-13,0,51,424574.890011
pv,8192,fp64_equivalent,0.0389887988567,0.0854720026255,210.11162796,95.8442501447,1.66089364484e-13,3.71258579435e-13,0,7,424574.890011
pv,32768,df32,0.14591999352,0.303232014179,224.561413481,108.062468565,1.71418435002e-13,5.26689802882e-13,0,51,1687236.03361
pv,32768,fp64_equivalent,0.0417920015752,0.192671999335,784.073477338,170.071417295,1.71418435002e-13,5.26689802882e-13,0,7,1687236.03361
pv,131072,df32,0.407328009605,0.978240013123,321.784893032,133.987567715,1.69642078163e-13,5.26689802882e-13,0,51,5136677.06995
pv,131072,fp64_equivalent,0.143968001008,0.72115200758,910.424532412,181.753636712,1.69642078163e-13,5.26689802882e-13,0,7,5136677.06995
pv,524288,df32,1.27740800381,3.65104007721,410.431121801,143.599628849,1.69642078163e-13,5.26689802882e-13,0,51,5136677.06995
pv,524288,fp64_equivalent,0.450592011213,2.7522559166,1163.55369592,190.493913316,1.69642078163e-13,5.26689802882e-13,0,7,5136677.06995
pv,2097152,df32,5.0729598999,13.9383039474,413.398103155,150.459626071,1.69642078163e-13,5.26689802882e-13,0,51,5136677.06995
pv,2097152,fp64_equivalent,1.68787205219,10.6486721039,1242.48280388,196.940236261,1.69642078163e-13,5.26689802882e-13,0,7,5136677.06995
pv,8388608,df32,20.3988800049,55.0273284912,411.228851682,152.444398629,1.69642078163e-13,5.26689802882e-13,0,51,5136677.06995
pv,8388608,fp64_equivalent,7.0221118927,42.663936615,1194.59902209,196.620580883,1.69642078163e-13,5.26689802882e-13,0,7,5136677.06995
pv,16777216,df32,40.7991676331,110.51990509,411.214663762,151.802663839,1.69642078163e-13,5.26689802882e-13,0,51,5136677.06995
pv,16777216,fp64_equivalent,14.0079679489,85.2411804199,1197.69091857,196.820549849,1.69642078163e-13,5.26689802882e-13,0,7,5136677.06995
cstr,1,df32,0.896509110928,0.927881598473,0.00111543763227,0.00107772371135,7.43537176273e-14,7.43537176273e-14,0,30,0.013106352801
cstr,1,fp64_equivalent,0.476515859365,0.529385626316,0.00209856604003,0.00188898215269,7.43537176273e-14,7.43537176273e-14,0,4,0.013106352801
cstr,8,df32,1.26553595066,1.28062713146,0.00632143243013,0.00624693933422,7.43537176273e-14,9.45632461224e-14,0,34,22.0587650549
cstr,8,fp64_equivalent,0.632870733738,0.678105592728,0.0126408120545,0.011797572658,7.43537176273e-14,9.45632461224e-14,0,4,22.0587650549
cstr,32,df32,1.29567229748,1.30806398392,0.0246976029836,0.0244636351076,9.41564534673e-14,9.45632461224e-14,0,36,120.872187463
cstr,32,fp64_equivalent,0.632938861847,0.677616000175,0.0505578057044,0.047224386661,9.41564534673e-14,9.45632461224e-14,0,4,120.872187463
cstr,128,df32,1.28207612038,1.29211199284,0.0998380657479,0.0990626205079,9.45632461224e-14,9.72555369572e-14,0,36,443.745736009
cstr,128,fp64_equivalent,0.710825264454,0.750902414322,0.180072384031,0.170461564058,9.45632461224e-14,9.72555369572e-14,0,4,443.745736009
cstr,512,df32,1.52808439732,1.52852475643,0.335060027378,0.334963498527,9.71445146547e-14,1.00253139124e-13,0,36,1903.84251692
cstr,512,fp64_equivalent,1.3434317112,1.35445439816,0.381113528684,0.37801198822,9.71445146547e-14,1.00253139124e-13,0,4,1903.84251692
cstr,2048,df32,1.53761601448,1.53558397293,1.3319320173,1.33369456578,9.78106484695e-14,1.08135722598e-13,0,36,7443.15323589
cstr,2048,fp64_equivalent,1.34358716011,1.35174405575,1.52427774007,1.51507971594,9.78106484695e-14,1.08135722598e-13,0,4,7443.15323589
cstr,8192,df32,1.54620158672,1.5584000349,5.29814486697,5.25667339356,9.73665592596e-14,1.08135722598e-13,0,36,29965.1891466
cstr,8192,fp64_equivalent,1.34552001953,1.37017595768,6.08835237015,5.97879414982,9.73665592596e-14,1.08135722598e-13,0,4,29965.1891466
cstr,32768,df32,1.51734399796,1.71436798573,21.5956302883,19.1137493659,9.74775815621e-14,1.35669253609e-13,0,36,121389.682075
cstr,32768,fp64_equivalent,1.29472005367,1.49369597435,25.3089460591,21.9375298338,9.74775815621e-14,1.35669253609e-13,0,4,121389.682075
cstr,131072,df32,5.24726390839,5.91273593903,24.9791133605,22.1677411864,9.74133967935e-14,1.71640479607e-13,0,36,371398.235481
cstr,131072,fp64_equivalent,5.37881612778,6.03391981125,24.3681875131,21.7225293176,9.74133967935e-14,1.71640479607e-13,0,4,371398.235481
cstr,524288,df32,17.0597763062,19.4923191071,30.7324076583,26.8971586767,9.74133967935e-14,1.71640479607e-13,0,36,371398.235481
cstr,524288,fp64_equivalent,17.7856006622,20.2847042084,29.4782284814,25.8464700601,9.74133967935e-14,1.71640479607e-13,0,4,371398.235481
cstr,2097152,df32,64.5506591797,72.2917785645,32.4884676106,29.0095504862,9.74133967935e-14,1.71640479607e-13,0,36,371398.235481
cstr,2097152,fp64_equivalent,67.4523544312,75.7652816772,31.0908643247,27.6795908835,9.74133967935e-14,1.71640479607e-13,0,4,371398.235481
cstr,8388608,df32,255.780166626,289.479888916,32.796162856,28.9782065048,9.74133967935e-14,1.71640479607e-13,0,36,371398.235481
cstr,8388608,fp64_equivalent,265.666503906,301.956115723,31.575708178,27.7808845829,9.74133967935e-14,1.71640479607e-13,0,4,371398.235481
cstr,16777216,df32,512.720458984,583.154846191,32.7219554165,28.769744622,9.74133967935e-14,1.71640479607e-13,0,36,371398.235481
cstr,16777216,fp64_equivalent,531.309143066,603.827819824,31.5771264601,27.7847681892,9.74133967935e-14,1.71640479607e-13,0,4,371398.235481
peng_robinson,1,df32,0.0102569600567,0.0140095995739,0.0974947737409,0.0713796275707,1.11022302463e-16,1.11022302463e-16,0,4,0.0671926921223
peng_robinson,1,fp64_equivalent,0.0102457590401,0.0130720008165,0.0976013583849,0.0764993832268,1.11022302463e-16,1.11022302463e-16,0,4,0.0671926921223
peng_robinson,8,df32,0.0358243212104,0.0390879996121,0.223311977163,0.204666395809,7.48012762841e-14,8.06021915878e-14,0,44,8.16452053856
peng_robinson,8,fp64_equivalent,0.0143580790609,0.0219999998808,0.557177597787,0.363636365607,7.48012762841e-14,8.06021915878e-14,0,8,8.16452053855
peng_robinson,32,df32,0.0378559976816,0.0476543977857,0.845308589385,0.671501508506,8.1379347705e-14,9.20513665292e-14,0,46,72.8397113328
peng_robinson,32,fp64_equivalent,0.0164028797299,0.0242464002222,1.9508769513,1.3197835434,8.1379347705e-14,9.20513665292e-14,0,9,72.8397113328
peng_robinson,128,df32,0.0380118377507,0.0478943996131,3.36737204972,2.67254629004,9.58400026008e-14,1.00475183729e-13,0,48,269.498452843
peng_robinson,128,fp64_equivalent,0.0184521600604,0.0326239988208,6.93685723411,3.92349204962,9.58400026008e-14,1.00475183729e-13,0,10,269.498452843
peng_robinson,512,df32,0.047063998878,0.0525439977646,10.878803591,9.74421478727,9.8712704677e-14,1.0053069488e-13,0,48,1295.49231581
peng_robinson,512,fp64_equivalent,0.0316876806319,0.0473536029458,16.1576988214,10.812271256,9.8712704677e-14,1.0053069488e-13,0,10,1295.49231581
peng_robinson,2048,df32,0.045286398381,0.0598080009222,45.2232916111,34.2429101194,9.90318937966e-14,1.35447209004e-13,0,48,5267.51261418
peng_robinson,2048,fp64_equivalent,0.0328544005752,0.0475200004876,62.335637362,43.0976426555,9.90318937966e-14,1.35447209004e-13,0,10,5267.51261418
peng_robinson,8192,df32,0.0453056022525,0.0933440029621,180.816490516,87.7613959123,9.84767822843e-14,1.35447209004e-13,0,48,21388.2018572
peng_robinson,8192,fp64_equivalent,0.0328608006239,0.0834240019321,249.293986892,98.197159214,9.84767822843e-14,1.35447209004e-13,0,10,21388.2018572
peng_robinson,32768,df32,0.0472959987819,0.208639994264,692.828163987,157.055219042,9.81853487403e-14,1.88404847279e-13,0,48,86371.5593769
peng_robinson,32768,fp64_equivalent,0.0348160006106,0.187199994922,941.176454082,175.042739791,9.81853487403e-14,1.88404847279e-13,0,10,86371.5593769
peng_robinson,131072,df32,0.125440001488,0.701344013214,1044.89794679,186.886887933,9.83033099367e-14,1.96315186329e-13,0,48,264705.749828
peng_robinson,131072,fp64_equivalent,0.117856003344,0.688160002232,1112.13681341,190.467332561,9.83033099367e-14,1.96315186329e-13,0,10,264705.749828
peng_robinson,524288,df32,0.399264007807,2.75033593178,1313.13614488,190.626895407,9.83033099367e-14,1.96315186329e-13,0,48,264705.749828
peng_robinson,524288,fp64_equivalent,0.370687991381,2.69132804871,1414.36467377,194.806426609,9.83033099367e-14,1.96315186329e-13,0,10,264705.749828
peng_robinson,2097152,df32,1.47417604923,10.6423358917,1422.59264156,197.057490135,9.83033099367e-14,1.96315186329e-13,0,48,264705.749828
peng_robinson,2097152,fp64_equivalent,1.38441598415,10.3732795715,1514.82793034,202.168657033,9.83033099367e-14,1.96315186329e-13,0,10,264705.749828
peng_robinson,8388608,df32,6.18342399597,41.6114883423,1356.62830261,201.593558274,9.83033099367e-14,1.96315186329e-13,0,48,264705.749828
peng_robinson,8388608,fp64_equivalent,5.70688009262,41.4170227051,1469.91138132,202.540101922,9.83033099367e-14,1.96315186329e-13,0,10,264705.749828
peng_robinson,16777216,df32,12.4745597839,83.1016311646,1344.91447318,201.887926445,9.83033099367e-14,1.96315186329e-13,0,48,264705.749828
peng_robinson,16777216,fp64_equivalent,11.5179843903,82.9721908569,1456.61041303,202.202880588,9.83033099367e-14,1.96315186329e-13,0,10,264705.749828
