domain,n,method,timing_kind,median_ms,p05_ms,p95_ms,fp64_over_method_median,ci95_low,ci95_high
bem,1,adaptive_frozen_v3,e2e,0.221033602953,0.21983936429,0.223968312144,0.9453707744433615,0.9437339086336747,0.946740916012063
bem,1,adaptive_frozen_v3,kernel,0.211453460157,0.211424842477,0.211814269423,0.9463775437231556,0.9461741155640474,0.9465558121701546
bem,1,adaptive_no_gradient_gate_v3,e2e,0.220806248486,0.219803854823,0.223557755351,0.9469985861888814,0.9452736639477883,0.9484790258435623
bem,1,adaptive_no_gradient_gate_v3,kernel,0.2114580348135,0.211426272988,0.211675286293,0.9464366575371863,0.9459289070375776,0.946666230221967
bem,1,fp32,e2e,0.02395823877305,0.0227609612048,0.024087999016,8.730214794606614,8.70429047267487,9.10898100873796
bem,1,fp32,kernel,0.01638241671025,0.0163805745542,0.0166060160846,12.21710018614802,12.214664797654176,12.219179453618661
bem,1,fp64,e2e,0.208983041346,0.208311676979,0.211182400584,1.0,1.0,1.0
bem,1,fp64,kernel,0.20015943795449997,0.200072512031,0.200213730335,1.0,1.0,1.0
bem,8,adaptive_frozen_v3,e2e,0.223213285208,0.223121285439,0.226472973824,0.9361448267919745,0.9357424336179005,0.9370193376147358
bem,8,adaptive_frozen_v3,kernel,0.2172014042735,0.217140287161,0.217412680387,0.9238636692070819,0.9235798831764878,0.9259969374319643
bem,8,adaptive_no_gradient_gate_v3,e2e,0.2232297584415,0.223130881786,0.226471364498,0.936184924258637,0.9356374015968192,0.9375252793889925
bem,8,adaptive_no_gradient_gate_v3,kernel,0.21718551218499998,0.21705031395,0.217486411333,0.9243477957589643,0.9237111146554537,0.925908229807026
bem,8,fp32,e2e,0.0230451207608,0.0228387191892,0.024458238855,9.072897366991217,8.900396777838218,9.106978873418937
bem,8,fp32,kernel,0.016381919384,0.0163801927119,0.0166073292494,12.249568569160777,12.242686598699862,12.277065124574186
bem,8,fp64,e2e,0.2090120092035,0.20878303051,0.212629750371,1.0,1.0,1.0
bem,8,fp64,kernel,0.200706720352,0.200518488884,0.201177507639,1.0,1.0,1.0
bem,32,adaptive_frozen_v3,e2e,0.23325839638700002,0.221910402179,0.236205115914,1.0003766599020136,0.9999622712419002,1.0096703677506302
bem,32,adaptive_frozen_v3,kernel,0.218668922782,0.218538939953,0.21890707314,1.0095149942614576,1.0091736498489972,1.0099257055469435
bem,32,adaptive_no_gradient_gate_v3,e2e,0.2318308725955,0.221803843975,0.236196160316,1.0124545242593928,1.0001907023018204,1.045353071572412
bem,32,adaptive_no_gradient_gate_v3,kernel,0.218602769077,0.218525469303,0.218841448426,1.0096450013681073,1.0093628229612874,1.010077433671782
bem,32,fp32,e2e,0.0236803209409,0.0235769599676,0.0237414408475,9.85229937346709,9.842395183325856,9.866246391104479
bem,32,fp32,kernel,0.01639713626355,0.0163949131966,0.0166249275208,13.458727385859131,13.456020934003625,13.464914559830142
bem,32,fp64,e2e,0.2332968041305,0.225267842412,0.235639363527,1.0,1.0,1.0
bem,32,fp64,kernel,0.220742665231,0.220610916615,0.220933273435,1.0,1.0,1.0
bem,128,adaptive_frozen_v3,e2e,0.2578107118605,0.247057288885,0.25795134902,0.9554922588607586,0.9525564051940473,0.9706314260774598
bem,128,adaptive_frozen_v3,kernel,0.242307074368,0.242215842009,0.242531880736,0.9573695011224357,0.9569218498527228,0.9575743876469212
bem,128,adaptive_no_gradient_gate_v3,e2e,0.2515014335515,0.24712510407,0.259894728661,0.9652187068873455,0.9525185019459173,0.9888023127446095
bem,128,adaptive_no_gradient_gate_v3,kernel,0.2423807382585,0.242217600346,0.242540746927,0.9573503184269176,0.9570196062218432,0.9574884978047302
bem,128,fp32,e2e,0.0236423993483,0.023529600352,0.0237497594208,10.394792308158497,10.377844125920214,10.411188450463026
bem,128,fp32,kernel,0.0163961602375,0.0163931529969,0.0166003834456,14.145016765732167,14.144320269762876,14.154669366822198
bem,128,fp64,e2e,0.2455763220785,0.24171552062,0.247409284115,1.0,1.0,1.0
bem,128,fp64,kernel,0.231937348843,0.231894567609,0.23226159811,1.0,1.0,1.0
bem,512,adaptive_frozen_v3,e2e,0.4300087839365,0.420079052448,0.43193629384,0.9763903388742636,0.9716747745885377,0.9810509908201812
bem,512,adaptive_frozen_v3,kernel,0.4149515777825,0.414811611176,0.415116131306,0.9772742565011951,0.9771883013509741,0.9773695676521577
bem,512,adaptive_no_gradient_gate_v3,e2e,0.4299897551535,0.420282900333,0.432874560356,0.9770676790377881,0.971941629986749,0.9793056640438873
bem,512,adaptive_no_gradient_gate_v3,kernel,0.414989307523,0.414893507957,0.415367096663,0.9770963606584213,0.9769939175692115,0.977278547964622
bem,512,fp32,e2e,0.03456944040955,0.0271161608398,0.0346652790904,12.091774594000086,12.08313427684816,12.158498252055306
bem,512,fp32,kernel,0.020496272482,0.0204945281148,0.020725119859,19.784223413465853,19.782893779272158,19.785417079176817
bem,512,fp64,e2e,0.4178135991095,0.417671054602,0.420866876841,1.0,1.0,1.0
bem,512,fp64,kernel,0.40551432967199996,0.40544000268,0.405798465014,1.0,1.0,1.0
bem,2048,adaptive_frozen_v3,e2e,0.433249592781,0.432166397572,0.43675199151,0.9691905324226338,0.9672987187448513,0.9705513637491434
bem,2048,adaptive_frozen_v3,kernel,0.419602870941,0.419407993555,0.421876788139,0.9649077874177685,0.9646124157850977,0.9650489400232958
bem,2048,adaptive_no_gradient_gate_v3,e2e,0.4337136149405,0.43212479353,0.4498911798,0.9690410588727021,0.9670014587103701,0.970551851169096
bem,2048,adaptive_no_gradient_gate_v3,kernel,0.4196859151125,0.4195548594,0.421889603138,0.9646779763581241,0.964274719672956,0.9649957823075569
bem,2048,fp32,e2e,0.036956800147899996,0.0366944000125,0.0380927994847,11.356904577909317,11.151452133102119,11.408905181230699
bem,2048,fp32,kernel,0.02051312010735,0.020493760705,0.0205279998481,19.744969962400795,19.732359368433208,19.841434248164525
bem,2048,fp64,e2e,0.419755205512,0.419513612986,0.420425593853,1.0,1.0,1.0
bem,2048,fp64,kernel,0.40486128628249995,0.404622733593,0.407202214003,1.0,1.0,1.0
bem,8192,adaptive_frozen_v3,e2e,0.46696639060949996,0.462911993265,0.470908790827,0.959931812349709,0.9548379741750068,0.9619774904037202
bem,8192,adaptive_frozen_v3,kernel,0.4259876906875,0.425652474165,0.428982079029,0.9526556473735222,0.952414647256572,0.9528247279277856
bem,8192,adaptive_no_gradient_gate_v3,e2e,0.46592637896550004,0.462579190731,0.470358431339,0.9617017718131152,0.9570363335753104,0.9634471583781297
bem,8192,adaptive_no_gradient_gate_v3,kernel,0.4259721636775,0.42574557662,0.428905308247,0.9525050628680434,0.9523006795732467,0.9529112934495956
bem,8192,fp32,e2e,0.06204320117835,0.0575680024922,0.0668608024716,7.223683967866796,7.033859676865671,7.4194555916520235
bem,8192,fp32,kernel,0.0208777599037,0.02073247917,0.0209622401744,19.48623777005082,19.43930572891501,19.531437677379444
bem,8192,fp64,e2e,0.44781599938899996,0.446044772863,0.448716789484,1.0,1.0,1.0
bem,8192,fp64,kernel,0.4057484716175,0.405503034592,0.408022075891,1.0,1.0,1.0
bem,32768,adaptive_frozen_v3,e2e,0.5506719946865,0.543008029461,0.560064017773,0.9654191604305229,0.9574959786225604,0.9720002958455316
bem,32768,adaptive_frozen_v3,kernel,0.4284591823815,0.428137600422,0.429020792246,0.9520807782177572,0.9516688061532188,0.952474266691456
bem,32768,adaptive_no_gradient_gate_v3,e2e,0.5515839755534999,0.544095993042,0.560639977455,0.9615507375621548,0.9539061453645247,0.9670784251926244
bem,32768,adaptive_no_gradient_gate_v3,kernel,0.428614377975,0.428233623505,0.429088026285,0.9520062026551164,0.9515830341449538,0.9526402443709054
bem,32768,fp32,e2e,0.147039994597,0.137567996979,0.156287997961,3.6036440442322926,3.557174607475991,3.653781839406918
bem,32768,fp32,kernel,0.020577600225799998,0.020518399775,0.0206560008228,19.83960571935128,19.82225344415676,19.85736465266585
bem,32768,fp64,e2e,0.531423985958,0.524384021759,0.535903990269,1.0,1.0,1.0
bem,32768,fp64,kernel,0.40806879103149996,0.407267183065,0.408540815115,1.0,1.0,1.0
bem,131072,adaptive_frozen_v3,e2e,2.1099359989149997,2.0880959034,2.1244161129,0.9855073607017716,0.9839373902346908,0.9863312459430014
bem,131072,adaptive_frozen_v3,kernel,1.650287985805,1.6395200491,1.65388798714,0.9786457679631797,0.977714147150096,0.9823084260500053
bem,131072,adaptive_no_gradient_gate_v3,e2e,2.10863995552,2.09328007698,2.12156796455,0.985523632996965,0.9826649880513223,0.9876427006986963
bem,131072,adaptive_no_gradient_gate_v3,kernel,1.6512479782099998,1.64070403576,1.65388798714,0.9787831530679839,0.9777855328361287,0.9823565145441874
bem,131072,fp32,e2e,0.519248008728,0.507103979588,0.549408018589,4.000828677167126,3.8873627579848176,4.026977116162405
bem,131072,fp32,kernel,0.0604320000857,0.0593920014799,0.0615359991789,26.713444468264505,26.301744958042804,26.80929516195953
bem,131072,fp64,e2e,2.07595193386,2.05881595612,2.09401607513,1.0,1.0,1.0
bem,131072,fp64,kernel,1.61479997635,1.61286401749,1.61728000641,1.0,1.0,1.0
bem,524288,adaptive_frozen_v3,e2e,7.207376003265001,7.13273620605,7.27164793015,0.983971391357825,0.9824679511209818,0.9867166052989578
bem,524288,adaptive_frozen_v3,kernel,5.37318396568,5.35721588135,5.38700819016,0.9759775259121064,0.9750125573739707,0.9769128478598497
bem,524288,adaptive_no_gradient_gate_v3,e2e,7.22529602051,7.146048069,7.29254388809,0.9807940636185084,0.979558790930011,0.982822846745181
bem,524288,adaptive_no_gradient_gate_v3,kernel,5.36772799492,5.35369586945,5.38230419159,0.9765044889560881,0.975763901192321,0.9772886311732231
bem,524288,fp32,e2e,2.02302396297,1.97001600266,2.07593607903,3.499042634091164,3.4803824635375022,3.53861550595431
bem,524288,fp32,kernel,0.188975997269,0.187808007002,0.191039994359,27.769373529521687,27.689788398147186,27.8218274401018
bem,524288,fp64,e2e,7.089792013169999,7.01827192307,7.14572811127,1.0,1.0,1.0
bem,524288,fp64,kernel,5.242096185685,5.23308801651,5.2548160553,1.0,1.0,1.0
bem,2097152,adaptive_frozen_v3,e2e,27.37559986115,27.2596168518,27.8448638916,0.9840858142120908,0.9830781924800813,0.9851546747777326
bem,2097152,adaptive_frozen_v3,kernel,20.21486473085,20.1934070587,20.5466556549,0.9773079963491911,0.9765338085994906,0.9777105106009065
bem,2097152,adaptive_no_gradient_gate_v3,e2e,27.3632640839,27.2727031708,27.9034233093,0.9831474306309627,0.9823963376439909,0.9869085319671949
bem,2097152,adaptive_no_gradient_gate_v3,kernel,20.2052488327,20.1861763,20.5350723267,0.9778489078812176,0.9769974658787606,0.9784153445387225
bem,2097152,fp32,e2e,7.86375999451,7.78367996216,8.02476787567,3.431649142815049,3.412094012501831,3.446939148080622
bem,2097152,fp32,kernel,0.7034559845924999,0.701152026653,0.706816017628,28.115470382027738,28.054939533406063,28.136205954630658
bem,2097152,fp64,e2e,26.946000099149998,26.8231678009,27.494304657,1.0,1.0,1.0
bem,2097152,fp64,kernel,19.75687980655,19.7444152832,20.1032009125,1.0,1.0,1.0
bem,8388608,adaptive_frozen_v3,e2e,108.331695557,107.862785339,108.52457428,0.9846593038610143,0.9839198220270973,0.9851729471988055
bem,8388608,adaptive_frozen_v3,kernel,79.90172576904999,79.5709762573,79.9418869019,0.9790630920955294,0.978778309822139,0.9792756723793368
bem,8388608,adaptive_no_gradient_gate_v3,e2e,108.349117279,107.881629944,108.484512329,0.9845796187411494,0.9843531331248642,0.9848392928525407
bem,8388608,adaptive_no_gradient_gate_v3,kernel,79.91136169435,79.5722885132,80.1271362305,0.9787238303834538,0.9762773680861399,0.9793211980281791
bem,8388608,fp32,e2e,31.11185646055,31.0065917969,31.3490562439,3.4281920805640143,3.4164790166502685,3.4377961351412076
bem,8388608,fp32,kernel,2.76515197754,2.76284790039,2.76816010475,28.288273398373086,28.276557295648637,28.296897098195167
bem,8388608,fp64,e2e,106.67812728850001,106.146270752,106.895874023,1.0,1.0,1.0
bem,8388608,fp64,kernel,78.23052597045,77.8638076782,78.2574386597,1.0,1.0,1.0
bem,16777216,adaptive_frozen_v3,e2e,216.4436950685,215.934234619,216.689758301,0.9838955094290517,0.9834927955092183,0.9850453717236967
bem,16777216,adaptive_frozen_v3,kernel,159.495727539,159.156326294,159.702941895,0.9793961060615716,0.9790327003086381,0.9796632855568773
bem,16777216,adaptive_no_gradient_gate_v3,e2e,216.251914978,215.895843506,216.921539307,0.9841914620726224,0.983531923307852,0.9854257464892583
bem,16777216,adaptive_no_gradient_gate_v3,kernel,159.5670394895,159.227264404,159.628890991,0.9791459909658371,0.978944433360434,0.9795747144450369
bem,16777216,fp32,e2e,62.18054389955,62.0437774658,62.3606414795,3.424156691610002,3.4211924654590984,3.4278917377209845
bem,16777216,fp32,kernel,5.521807909015,5.51951980591,5.52441596985,28.290656387511213,28.258996148849064,28.2970020199814
bem,16777216,fp64,e2e,212.9662857055,212.404541016,213.306976318,1.0,1.0,1.0
bem,16777216,fp64,kernel,156.2385635375,155.910430908,156.382720947,1.0,1.0,1.0
cstr,1,adaptive_frozen_v3,e2e,0.03799231909215,0.0378569588065,0.0380902402103,8.88240963299523,8.84607115635983,8.988259962288536
cstr,1,adaptive_frozen_v3,kernel,0.0307402396575,0.0307262726128,0.0309646725655,10.843412581230323,10.84206454504095,10.847822159458643
cstr,1,adaptive_no_gradient_gate_v3,e2e,0.03793952055275,0.0377721600235,0.0380844809115,8.914588479866277,8.86205279800486,8.984332318789495
cstr,1,adaptive_no_gradient_gate_v3,kernel,0.030739423818899998,0.0307243838906,0.0309592951089,10.844435480799863,10.813263855929318,10.84887400241889
cstr,1,fp32,e2e,0.037458559498149996,0.037271682173,0.0376259200275,9.028816986528359,8.968902737551725,9.08628433110523
cstr,1,fp32,kernel,0.02867267187685,0.0286665912718,0.028897728771,11.626005921971668,11.623788897184319,11.626646365345568
cstr,1,fp64,e2e,0.3392902314665,0.335500478745,0.342440634966,1.0,1.0,1.0
cstr,1,fp64,kernel,0.3333459943535,0.333271890879,0.333741784096,1.0,1.0,1.0
cstr,8,adaptive_frozen_v3,e2e,0.37075343728050003,0.370613127947,0.373766094446,0.9274146103065648,0.9269515916464384,0.9295902214000411
cstr,8,adaptive_frozen_v3,kernel,0.364168062806,0.363948553801,0.364434927702,0.9219815685207454,0.9214770261257742,0.9220737675093973
cstr,8,adaptive_no_gradient_gate_v3,e2e,0.3707673549655,0.370605111122,0.373874902725,0.9272789996337021,0.9264455419470998,0.929544580285818
cstr,8,adaptive_no_gradient_gate_v3,kernel,0.364249512553,0.363955020905,0.364592283964,0.921783180942126,0.9214664996350133,0.9219853371881682
cstr,8,fp32,e2e,0.037533279508350004,0.0372736006975,0.0376556813717,9.1887126213181,9.16805493022574,9.215575252361663
cstr,8,fp32,kernel,0.02868177648635,0.0286753922701,0.0289052799344,11.70189698797784,11.699400217460457,11.70516138757525
cstr,8,fp64,e2e,0.344476789236,0.343425899744,0.347091823816,1.0,1.0,1.0
cstr,8,fp64,kernel,0.33567307889450004,0.335532605648,0.336011767387,1.0,1.0,1.0
cstr,32,adaptive_frozen_v3,e2e,0.37162464857099997,0.368763506413,0.380785286427,0.9285977225013087,0.9247964093302508,0.9327883923724798
cstr,32,adaptive_frozen_v3,kernel,0.36482475698,0.364497959614,0.364987760782,0.9174161843618223,0.9172410353444604,0.9176698404870997
cstr,32,adaptive_no_gradient_gate_v3,e2e,0.37028017640099997,0.368743360043,0.380814701319,0.9316186456464662,0.9277400914343907,0.9327605923983132
cstr,32,adaptive_no_gradient_gate_v3,kernel,0.3654742240905,0.365253567696,0.365774691105,0.9154913208699129,0.9152315071721063,0.9158561566431854
cstr,32,fp32,e2e,0.03616159968075,0.0360361598432,0.0362806394696,9.533505709677378,9.515945276138465,9.55244452293551
cstr,32,fp32,kernel,0.02868315204975,0.0286745913327,0.0289045125246,11.665972332833775,11.663497601254685,11.669098253695232
cstr,32,fp64,e2e,0.3441259264945,0.344053119421,0.347231686115,1.0,1.0,1.0
cstr,32,fp64,kernel,0.33459714055050005,0.334541916847,0.334880530834,1.0,1.0,1.0
cstr,128,adaptive_frozen_v3,e2e,0.405667334795,0.405558079481,0.408727049828,0.9390418601719588,0.9374821119184704,0.9399511766457196
cstr,128,adaptive_frozen_v3,kernel,0.3995080441235,0.399185955524,0.399750441313,0.924073207565438,0.9238096844551695,0.9243010420426465
cstr,128,adaptive_no_gradient_gate_v3,e2e,0.40568304061899996,0.40558719635,0.408801913261,0.93898605697097,0.9356189451468894,0.9405042684780154
cstr,128,adaptive_no_gradient_gate_v3,kernel,0.39944823086250003,0.3993742764,0.399580746889,0.9241823087919739,0.9239548175586645,0.9243706435126776
cstr,128,fp32,e2e,0.0362683199346,0.0361612811685,0.0364303998649,10.50981218166736,10.494091282090796,10.544284635507926
cstr,128,fp32,kernel,0.028693119064,0.0286909453571,0.0289175361395,12.862513412626638,12.85784580852664,12.867950471096375
cstr,128,fp64,e2e,0.380921438336,0.379716485739,0.383997112513,1.0,1.0,1.0
cstr,128,fp64,kernel,0.36919960379600003,0.368918478489,0.369595468044,1.0,1.0,1.0
cstr,512,adaptive_frozen_v3,e2e,0.728484153748,0.726223707199,0.731932461262,0.9630307563195182,0.9614022860308267,0.964170931694418
cstr,512,adaptive_frozen_v3,kernel,0.720823973417,0.720586419106,0.721024096012,0.9554362516349195,0.9553074662443111,0.955684062804631
cstr,512,adaptive_no_gradient_gate_v3,e2e,0.7287420630455,0.726083815098,0.735529959202,0.9628858722688458,0.9607694828076041,0.9642952764449102
cstr,512,adaptive_no_gradient_gate_v3,kernel,0.7207612693309999,0.720643699169,0.721248745918,0.9554697854220284,0.9553409379506295,0.9555751907292038
cstr,512,fp32,e2e,0.0476516801864,0.038957118988,0.0477523170412,14.728833012676807,14.716911608686733,14.744047906146273
cstr,512,fp32,kernel,0.03279003314675,0.0327833294868,0.0330200642347,21.00020119690482,20.940750859706135,21.0052451773781
cstr,512,fp64,e2e,0.7018463909625,0.699440598488,0.703242540359,1.0,1.0,1.0
cstr,512,fp64,kernel,0.6887418627740001,0.688439428806,0.68910753727,1.0,1.0,1.0
cstr,2048,adaptive_frozen_v3,e2e,0.7375552058220001,0.736748814583,0.755852818489,0.9539864710435577,0.9528626765706336,0.9547554995480173
cstr,2048,adaptive_frozen_v3,kernel,0.722425103188,0.720159053802,0.723312616348,0.9554789326698347,0.9548974324265082,0.955931567859001
cstr,2048,adaptive_no_gradient_gate_v3,e2e,0.7376368045805,0.736758410931,0.739702403545,0.9534378464511145,0.9529194511985315,0.9539670765869452
cstr,2048,adaptive_no_gradient_gate_v3,kernel,0.7222748994829999,0.720005393028,0.722629070282,0.9560264658662602,0.9554426144573785,0.9562224713179279
cstr,2048,fp32,e2e,0.04933600127695,0.0482719987631,0.0502943992615,14.25533554229029,14.068132478040106,14.323115228983774
cstr,2048,fp32,kernel,0.0328001603484,0.0327817611396,0.0328204780817,21.043831894650516,20.996563056384844,21.052948555449106
cstr,2048,fp64,e2e,0.7036640048025,0.702425599098,0.723868787289,1.0,1.0,1.0
cstr,2048,fp64,kernel,0.690456807613,0.688052117825,0.691442549229,1.0,1.0,1.0
cstr,8192,adaptive_frozen_v3,e2e,0.7622399926185,0.760348796844,0.7651039958,0.9583225035779095,0.9575700927440026,0.9591437535764833
cstr,8192,adaptive_frozen_v3,kernel,0.7232958078380001,0.720879673958,0.723578870296,0.9560725367820055,0.9555807365168573,0.9569248003379205
cstr,8192,adaptive_no_gradient_gate_v3,e2e,0.762097597122,0.759136021137,0.781539201736,0.9583455301517223,0.9571591501551262,0.9597116179857546
cstr,8192,adaptive_no_gradient_gate_v3,kernel,0.7232259213925001,0.720759630203,0.724738538265,0.9561358314583506,0.954626384274164,0.9564208615451393
cstr,8192,fp32,e2e,0.07402720302345,0.0705631971359,0.0760992020369,9.893943184863708,9.782870156796113,10.000627135830115
cstr,8192,fp32,kernel,0.032804479822499996,0.0327811203897,0.0328220799565,21.081607216736984,21.07256794740729,21.088939342388237
cstr,8192,fp64,e2e,0.7305696010589999,0.729107201099,0.731711983681,1.0,1.0,1.0
cstr,8192,fp64,kernel,0.6916088163855,0.689222097397,0.692647695541,1.0,1.0,1.0
cstr,32768,adaptive_frozen_v3,e2e,0.8507359921935,0.84265601635,0.854463994503,0.9596174885805504,0.9581983687919078,0.9613906108689376
cstr,32768,adaptive_frozen_v3,kernel,0.7262975871565001,0.725913643837,0.727120041847,0.9552036757023632,0.9546436756393049,0.9554616689844174
cstr,32768,adaptive_no_gradient_gate_v3,e2e,0.8518400192260001,0.846463978291,0.855296015739,0.9594733914448061,0.9574855064156629,0.9605479291903418
cstr,32768,adaptive_no_gradient_gate_v3,kernel,0.7261104285715,0.724361598492,0.726700782776,0.9554829638616534,0.9549758979420555,0.9558820115918368
cstr,32768,fp32,e2e,0.161264002323,0.150815993547,0.16531200707,5.055976595932013,4.971185878071751,5.216285863974504
cstr,32768,fp32,kernel,0.0330527983606,0.0328512005508,0.0331455990672,21.002375392955905,20.98354350042723,21.048007136844937
cstr,32768,fp64,e2e,0.8164000213145,0.812864005566,0.819296002388,1.0,1.0,1.0
cstr,32768,fp64,kernel,0.6937616169455,0.693292796612,0.694492816925,1.0,1.0,1.0
cstr,131072,adaptive_frozen_v3,e2e,3.275503993035,3.25219202042,3.29228806496,0.9791287928219872,0.9752850793765577,0.9810086666738773
cstr,131072,adaptive_frozen_v3,kernel,2.8091039657600003,2.80524802208,2.82035207748,0.9777081385723401,0.9765349772267242,0.9783933301119492
cstr,131072,adaptive_no_gradient_gate_v3,e2e,3.26819205284,3.25625610352,3.28598403931,0.9803246890495352,0.9794443697085085,0.9814950824683658
cstr,131072,adaptive_no_gradient_gate_v3,kernel,2.81216001511,2.80480003357,2.82294392586,0.9767231696521608,0.9754992879194704,0.9777623047238454
cstr,131072,fp32,e2e,0.530624002218,0.513375997543,0.540639996529,6.048017796823465,6.001349302413088,6.121784878358353
cstr,131072,fp32,kernel,0.0675520002842,0.0663679987192,0.0685440003872,40.68207610304839,40.65119587658725,40.742945468877615
cstr,131072,fp64,e2e,3.202319979665,3.19203209877,3.22345590591,1.0,1.0,1.0
cstr,131072,fp64,kernel,2.746719956395,2.74380803108,2.75145602226,1.0,1.0,1.0
cstr,524288,adaptive_frozen_v3,e2e,10.906703949,10.8755197525,10.9991359711,0.9863297040863124,0.9852741800983373,0.9879374413770808
cstr,524288,adaptive_frozen_v3,kernel,9.074384212495,9.06278419495,9.23600006104,0.9835570379817153,0.9830149837895483,0.9838606404938606
cstr,524288,adaptive_no_gradient_gate_v3,e2e,10.9084801674,10.8415355682,11.3723201752,0.9860422150762265,0.9851203152108936,0.9867068810054922
cstr,524288,adaptive_no_gradient_gate_v3,kernel,9.07528018951,9.06492805481,9.39398384094,0.9831978736106519,0.9829665041913866,0.9838207692211764
cstr,524288,fp32,e2e,2.021376013755,1.97798395157,2.04851198196,5.335636180551017,5.310078643721564,5.368979617720345
cstr,524288,fp32,kernel,0.182896003127,0.181024000049,0.18323199451,48.80889417748466,48.73394049852596,48.95724076061744
cstr,524288,fp64,e2e,10.757999897000001,10.7200956345,11.0028476715,1.0,1.0,1.0
cstr,524288,fp64,kernel,8.921952247615,8.91952037811,9.2679681778,1.0,1.0,1.0
cstr,2097152,adaptive_frozen_v3,e2e,41.30568122865,41.1722221375,41.7706222534,0.9879565669436283,0.9806100530308809,0.9932851723742964
cstr,2097152,adaptive_frozen_v3,kernel,34.115633010850004,34.100894928,34.5497932434,0.9858844885469453,0.9825476833508485,0.9909154918010104
cstr,2097152,adaptive_no_gradient_gate_v3,e2e,41.297807693500005,41.1735687256,41.8193283081,0.987968093023168,0.9871587605088994,0.9889248860938401
cstr,2097152,adaptive_no_gradient_gate_v3,kernel,34.11289596555,34.0993270874,34.4402885437,0.9858107956957511,0.9856302607058494,0.9862999270430586
cstr,2097152,fp32,e2e,7.8015840053600005,7.72735977173,7.91315221786,5.251455691617615,5.220128172002353,5.2618030852128985
cstr,2097152,fp32,kernel,0.6516160070895001,0.649471998215,0.653504014015,51.638460503927796,51.594278249416845,51.91979523444046
cstr,2097152,fp64,e2e,40.778383254999994,40.6808013916,41.3173446655,1.0,1.0,1.0
cstr,2097152,fp64,kernel,33.62735939025,33.616897583,33.9816322327,1.0,1.0,1.0
cstr,8388608,adaptive_frozen_v3,e2e,163.1722106935,162.944351196,163.777435303,0.9891989320176658,0.9880216469480427,0.9896928662552622
cstr,8388608,adaptive_frozen_v3,kernel,134.529182434,134.486816406,135.012954712,0.9864349382548454,0.985002920207192,0.9868539452593519
cstr,8388608,adaptive_no_gradient_gate_v3,e2e,163.222251892,162.93977356,163.626022339,0.9890888799790214,0.9886806655413514,0.9894592451177602
cstr,8388608,adaptive_no_gradient_gate_v3,kernel,134.541091919,134.505187988,134.875427246,0.9864965056091142,0.9861779184798485,0.987340267545555
cstr,8388608,fp32,e2e,30.86636829375,30.7670726776,31.0762882233,5.232527125210882,5.224729682325155,5.235960791266577
cstr,8388608,fp32,kernel,2.546576023105,2.51772809029,2.56230401993,52.11343488611688,52.05788364531024,52.21137618032317
cstr,8388608,fp64,e2e,161.328239441,161.160415649,161.884613037,1.0,1.0,1.0
cstr,8388608,fp64,kernel,132.71446228,132.6824646,133.203552246,1.0,1.0,1.0
cstr,16777216,adaptive_frozen_v3,e2e,326.4174194335,325.932006836,326.671508789,0.9893401215732032,0.9889314467550456,0.9897467574311682
cstr,16777216,adaptive_frozen_v3,kernel,269.3490753175,269.03012085,269.688262939,0.9866977822532554,0.9860837797640514,0.9872105259663109
cstr,16777216,adaptive_no_gradient_gate_v3,e2e,326.505584717,325.961853027,326.695220947,0.9892618283747106,0.9884114576679511,0.989704748385996
cstr,16777216,adaptive_no_gradient_gate_v3,kernel,269.336227417,268.969787598,269.515167236,0.9869007482632709,0.9862849491982206,0.987562135797997
cstr,16777216,fp32,e2e,61.71619224545,61.5439682007,61.8326072693,5.233282456467226,5.2280778343758545,5.239559380040253
cstr,16777216,fp32,kernel,5.382848024365,5.09331178665,5.42985582352,49.37696941229224,49.10460761176926,50.73111064660023
cstr,16777216,fp64,e2e,322.9467163085,322.419067383,323.195465088,1.0,1.0,1.0
cstr,16777216,fp64,kernel,265.8077087405,265.401153564,266.040283203,1.0,1.0,1.0
kepler,1,adaptive_frozen_v3,e2e,0.11045552045099999,0.110365435481,0.113436155021,0.9047373471722773,0.8987813478812028,0.9051152101471622
kepler,1,adaptive_frozen_v3,kernel,0.101873248816,0.101820893586,0.102029882371,0.9069486917883538,0.9063732679869457,0.907178857892643
kepler,1,adaptive_no_gradient_gate_v3,e2e,0.110450237989,0.110226877034,0.113526716828,0.9052951191565509,0.8987000528989609,0.9056372147145426
kepler,1,adaptive_no_gradient_gate_v3,kernel,0.1018859036265,0.101824767888,0.102012291551,0.9069346705384151,0.9064389977387597,0.9070541020053087
kepler,1,fp32,e2e,0.01290192035955,0.0119846407324,0.0130335995927,7.748289975403756,7.728350360779283,7.818113633918042
kepler,1,fp32,kernel,0.008199696429075,0.00819779187441,0.00840691197664,11.269458450744036,11.269020554920939,11.270403767145535
kepler,1,fp64,e2e,0.09997199848295,0.0998313650489,0.103100158274,1.0,1.0,1.0
kepler,1,fp64,kernel,0.0924087166786,0.0921805724502,0.0924190059304,1.0,1.0,1.0
kepler,8,adaptive_frozen_v3,e2e,0.11252256110299999,0.112275198102,0.116333439946,0.8867310576527219,0.8854476366489065,0.8877059876584563
kepler,8,adaptive_frozen_v3,kernel,0.10674764961,0.106735140085,0.10689663887,0.9043855853324856,0.904344515981036,0.9044104113756697
kepler,8,adaptive_no_gradient_gate_v3,e2e,0.112553600222,0.112400323153,0.115604475141,0.8862073936759093,0.8849200381657545,0.8873113298030963
kepler,8,adaptive_no_gradient_gate_v3,kernel,0.106748048216,0.106671236455,0.106907807291,0.9044038582547578,0.904351824315602,0.9045187513182756
kepler,8,fp32,e2e,0.0126416003332,0.0124361598864,0.0128371203318,7.9228529502206975,7.885524280653986,7.9516890999665275
kepler,8,fp32,kernel,0.01024001603945,0.0102382721379,0.010241728276,9.427696799620286,9.42716693980516,9.42803369040169
kepler,8,fp64,e2e,0.09974464029075,0.099479675293,0.1033481583,1.0,1.0,1.0
kepler,8,fp64,kernel,0.09654085338115,0.0964595153928,0.0966234207153,1.0,1.0,1.0
kepler,32,adaptive_frozen_v3,e2e,0.1346020847555,0.12296256423,0.134728953242,0.9094457624568855,0.9086700593041481,0.9309336670280337
kepler,32,adaptive_frozen_v3,kernel,0.1189684793355,0.118965148926,0.119201220572,0.9139639250883262,0.9139165895544068,0.9139779057130292
kepler,32,adaptive_no_gradient_gate_v3,e2e,0.134513445199,0.122926719487,0.134812802076,0.9099365735049266,0.9087431232620273,0.9313265456042688
kepler,32,adaptive_no_gradient_gate_v3,kernel,0.11896842718100001,0.118964098394,0.119344644248,0.9139667528685607,0.9138515272815749,0.9139916529387451
kepler,32,fp32,e2e,0.01691295951605,0.0133804799989,0.0199295990169,7.164556444688227,6.180071925853177,8.518639031242238
kepler,32,fp32,kernel,0.01023942418395,0.0101935686544,0.010444640182,10.619136238735894,10.618032747901605,10.620371533742201
kepler,32,fp64,e2e,0.122362077236,0.112455040216,0.125397756696,1.0,1.0,1.0
kepler,32,fp64,kernel,0.10873444750899999,0.108726114035,0.108961060643,1.0,1.0,1.0
kepler,128,adaptive_frozen_v3,e2e,0.135281436145,0.135185599327,0.13839648664,0.9900231538009088,0.9727831275932779,0.9959340176179745
kepler,128,adaptive_frozen_v3,kernel,0.1300789117815,0.130042552948,0.130334720016,0.9227685218506898,0.9223271188830195,0.9232269487258171
kepler,128,adaptive_no_gradient_gate_v3,e2e,0.13587455451449998,0.135236799717,0.142329916358,0.9868571697070923,0.9526091202254054,0.9931914545038042
kepler,128,adaptive_no_gradient_gate_v3,kernel,0.130102708936,0.130028128624,0.13037481904,0.922675191709381,0.9223376131655723,0.9232645707976529
kepler,128,fp32,e2e,0.01991232018915,0.0140086403117,0.0200975984335,6.764810565601138,6.733952647564088,6.906312306011488
kepler,128,fp32,kernel,0.010239535942699999,0.0102378558367,0.0104451198131,11.72206588215526,11.718139550247733,11.728739207326202
kepler,128,fp64,e2e,0.134687356651,0.124944001436,0.134739518166,1.0,1.0,1.0
kepler,128,fp64,kernel,0.12003878131500001,0.119927868247,0.120322406292,1.0,1.0,1.0
kepler,512,adaptive_frozen_v3,e2e,0.221126407385,0.221049591899,0.224159672856,0.9442720935640688,0.9441127618670406,0.944561062409739
kepler,512,adaptive_frozen_v3,kernel,0.20956429839149998,0.209507644176,0.20979359746,0.9406336777329969,0.9403832181806606,0.940757660891427
kepler,512,adaptive_no_gradient_gate_v3,e2e,0.2211148738865,0.221043527126,0.224207043648,0.9443118413020423,0.9442426574743765,0.9443778314533343
kepler,512,adaptive_no_gradient_gate_v3,kernel,0.20957171916950001,0.209538504481,0.209724292159,0.9406946158528948,0.9405519799216466,0.9407313654392855
kepler,512,fp32,e2e,0.02209472004325,0.0219968017191,0.022172478959,9.454299308712883,9.44601824061326,9.463916230419443
kepler,512,fp32,kernel,0.0122877121903,0.0122847352177,0.0125130880624,16.043854458367633,16.042465190947077,16.04583347091073
kepler,512,fp64,e2e,0.2087955176835,0.208761274815,0.211847037077,1.0,1.0,1.0
kepler,512,fp64,kernel,0.19712925702349998,0.197103485465,0.197275161743,1.0,1.0,1.0
kepler,2048,adaptive_frozen_v3,e2e,0.224585592747,0.223564788699,0.226316809654,0.9456785824288751,0.9441375776228296,0.9476677149119093
kepler,2048,adaptive_frozen_v3,kernel,0.2118764743205,0.211751997471,0.215019211173,0.9411641225306115,0.9408754750821487,0.941481893511741
kepler,2048,adaptive_no_gradient_gate_v3,e2e,0.225201591849,0.223555207253,0.226505592465,0.9448599570498029,0.9402706067566762,0.9486710478645742
kepler,2048,adaptive_no_gradient_gate_v3,kernel,0.211889281869,0.211751669645,0.214215025306,0.9413277727654112,0.9409912383632021,0.9415652050313699
kepler,2048,fp32,e2e,0.0257423995063,0.0247999988496,0.0260448008776,8.279971232754148,8.239219406396098,8.315380208676974
kepler,2048,fp32,kernel,0.0123020801693,0.0122924800962,0.0123052801937,16.213502633264177,16.210203861850353,16.219940631071218
kepler,2048,fp64,e2e,0.212374404073,0.21103040874,0.214220806956,1.0,1.0,1.0
kepler,2048,fp64,kernel,0.19944544881600001,0.199313923717,0.201735988259,1.0,1.0,1.0
kepler,8192,adaptive_frozen_v3,e2e,0.257614403963,0.255910396576,0.259036809206,0.9529582834539377,0.9473847210563888,0.9565958567951963
kepler,8192,adaptive_frozen_v3,kernel,0.216533116996,0.216420158744,0.218773439527,0.9429872073347147,0.9428764611453115,0.9431265656172602
kepler,8192,adaptive_no_gradient_gate_v3,e2e,0.25727519392950005,0.25513920188,0.258886396885,0.9521154456364872,0.9501704122537296,0.9559530689012301
kepler,8192,adaptive_no_gradient_gate_v3,kernel,0.216501437128,0.216347202659,0.218751683831,0.9431662490109511,0.9429171940553537,0.9434798586725306
kepler,8192,fp32,e2e,0.0512672010809,0.050089597702,0.0532767996192,4.7730499751235556,4.7342658322765425,4.8164463547383
kepler,8192,fp32,kernel,0.0123020801693,0.0122931189835,0.0123129598796,16.599802460861333,16.592446738675413,16.60397537005931
kepler,8192,fp64,e2e,0.245051190257,0.243635207415,0.246979191899,1.0,1.0,1.0
kepler,8192,fp64,kernel,0.20420799404399997,0.204034239054,0.206565767527,1.0,1.0,1.0
kepler,32768,adaptive_frozen_v3,e2e,0.34075200557700003,0.333375990391,0.350463986397,0.9608701483562446,0.949787887828941,0.9733218085932357
kepler,32768,adaptive_frozen_v3,kernel,0.216646403074,0.216233611107,0.217030405998,0.9456396817458701,0.9450604362240201,0.9461737109882588
kepler,32768,adaptive_no_gradient_gate_v3,e2e,0.3403840065,0.334399998188,0.35075199604,0.9575895746962035,0.9487040822986446,0.9699962786453027
kepler,32768,adaptive_no_gradient_gate_v3,kernel,0.2166735976935,0.215971201658,0.216953605413,0.945501333356914,0.945019740034104,0.9465282916897065
kepler,32768,fp32,e2e,0.137552000582,0.127552002668,0.142591997981,2.4020369401763277,2.3421771979196118,2.4473455793281937
kepler,32768,fp32,kernel,0.0117696002126,0.0113375997171,0.0121120000258,17.3855867978098,17.196204041379097,17.416484726926683
kepler,32768,fp64,e2e,0.328063994646,0.319808006287,0.335072010756,1.0,1.0,1.0
kepler,32768,fp64,kernel,0.204940795898,0.204492807388,0.205113604665,1.0,1.0,1.0
kepler,131072,adaptive_frozen_v3,e2e,1.269648015495,1.26019203663,1.28255999088,0.9846773710341455,0.981947503350862,0.9877830882625973
kepler,131072,adaptive_frozen_v3,kernel,0.8116320073604999,0.809343993664,0.812960028648,0.9781670006265548,0.9772937922348937,0.9792238845336456
kepler,131072,adaptive_no_gradient_gate_v3,e2e,1.27158397436,1.25667202473,1.28201603889,0.9857290861941903,0.9830853324427854,0.9869307801011656
kepler,131072,adaptive_no_gradient_gate_v3,kernel,0.8116640150545,0.809664011002,0.81379199028,0.9773905493361036,0.976975687662279,0.9780773806466233
kepler,131072,fp32,e2e,0.48185600340400003,0.471744000912,0.491872012615,2.5952796764569968,2.577868278640195,2.614487944266023
kepler,131072,fp32,kernel,0.0221120007336,0.0218560006469,0.022752000019,35.90009328689791,35.77561408032159,36.06919640636123
kepler,131072,fp64,e2e,1.2496960163100002,1.24041604996,1.26262402534,1.0,1.0,1.0
kepler,131072,fp64,kernel,0.7933280169965,0.791647970676,0.794911980629,1.0,1.0,1.0
kepler,524288,adaptive_frozen_v3,e2e,4.456719875335001,4.39651203156,4.51171207428,0.980571701010285,0.9784801744517075,0.9845001155410751
kepler,524288,adaptive_frozen_v3,kernel,2.62367999554,2.61046409607,2.63113594055,0.969301350290037,0.9681466112105346,0.9720713626667252
kepler,524288,adaptive_no_gradient_gate_v3,e2e,4.44395184517,4.39804792404,4.5311999321,0.9820615397296858,0.9762241834428158,0.9857511348124022
kepler,524288,adaptive_no_gradient_gate_v3,kernel,2.62422394753,2.61615991592,2.63414406776,0.9696181565657058,0.9683400489718501,0.9708629298664817
kepler,524288,fp32,e2e,1.89097601175,1.84502398968,1.95132803917,2.320022827816447,2.291336941572216,2.329280445948176
kepler,524288,fp32,kernel,0.0635519996285,0.0632639974356,0.0649280026555,39.96804234861281,39.638463129189816,40.096759734544285
kepler,524288,fp64,e2e,4.376048088075001,4.32038402557,4.44332790375,1.0,1.0,1.0
kepler,524288,fp64,kernel,2.543583989145,2.53612804413,2.56064009666,1.0,1.0,1.0
kepler,2097152,adaptive_frozen_v3,e2e,17.0106239319,16.9286727905,17.1803207397,0.9823566283398886,0.9797364701045266,0.9829534644104407
kepler,2097152,adaptive_frozen_v3,kernel,9.86252832413,9.84867191315,10.181183815,0.9707507246162798,0.9703007715247998,0.9712684019080167
kepler,2097152,adaptive_no_gradient_gate_v3,e2e,16.97316837315,16.9257278442,17.1927032471,0.9826137211704704,0.9811456837362007,0.9831042384944504
kepler,2097152,adaptive_no_gradient_gate_v3,kernel,9.85649585724,9.84793567657,10.1788158417,0.9713399238821038,0.9704690015983867,0.9716767150004215
kepler,2097152,fp32,e2e,7.37603187561,7.30742406845,7.50112009048,2.273595074475153,2.263409197019649,2.27511147283285
kepler,2097152,fp32,kernel,0.23286399990349999,0.231135994196,0.23398399353,41.28026101476276,41.03400270410347,41.35080711088217
kepler,2097152,fp64,e2e,16.67183971405,16.6357765198,16.8966712952,1.0,1.0,1.0
kepler,2097152,fp64,kernel,9.572512149809999,9.5648317337,9.91836833954,1.0,1.0,1.0
kepler,8388608,adaptive_frozen_v3,e2e,67.2151184082,67.0315551758,67.6889266968,0.9835774581886647,0.9822808863707735,0.9859941142284079
kepler,8388608,adaptive_frozen_v3,kernel,38.8051509857,38.7840003967,39.1412467957,0.97184198748814,0.9675915358904734,0.9766502725169072
kepler,8388608,adaptive_no_gradient_gate_v3,e2e,67.21766662595,67.015296936,67.8340835571,0.9840242682315958,0.9791732375420398,0.9854931881158344
kepler,8388608,adaptive_no_gradient_gate_v3,kernel,38.8092327118,38.7876472473,39.2414398193,0.9718723216449258,0.968838400860413,0.9763984970929946
kepler,8388608,fp32,e2e,29.27192020415,29.155456543,29.4934082031,2.2614384130567498,2.257810503587031,2.26502600013294
kepler,8388608,fp32,kernel,0.8972959816455,0.895071983337,0.899071991444,42.08000880909759,42.03217216525358,42.308504763651285
kepler,8388608,fp64,e2e,66.1346244812,65.9359664917,66.6116485596,1.0,1.0,1.0
kepler,8388608,fp64,kernel,37.72795295715,37.6861763,38.0637435913,1.0,1.0,1.0
kepler,16777216,adaptive_frozen_v3,e2e,134.498382568,134.032577515,134.692321777,0.9840200338699349,0.9837347226725435,0.9843330010196856
kepler,16777216,adaptive_frozen_v3,kernel,77.7901763916,77.4567642212,77.8110427856,0.9724021848017055,0.971922465378102,0.972762071947968
kepler,16777216,adaptive_no_gradient_gate_v3,e2e,134.51009368849998,134.047073364,134.857223511,0.9839777366840503,0.9834452399106084,0.9844344864187983
kepler,16777216,adaptive_no_gradient_gate_v3,kernel,77.81257629395,77.4793624878,77.9432601929,0.9719702774174108,0.9715271707595622,0.9722478406461376
kepler,16777216,fp32,e2e,58.42742347715,58.3113288879,58.5848655701,2.26483914800611,2.2633722531410196,2.2670377246155358
kepler,16777216,fp32,kernel,1.7849919796,1.78406405449,1.7879999876,42.33887216905466,42.26572317586061,42.38495585594411
kepler,16777216,fp64,e2e,132.389137268,131.86416626,132.681991577,1.0,1.0,1.0
kepler,16777216,fp64,kernel,75.63582229615,75.2946853638,75.8097305298,1.0,1.0,1.0
peng_robinson,1,adaptive_frozen_v3,e2e,0.010317760054000001,0.0101702399552,0.0103699192405,1.2120074894334452,1.2050733823227728,1.2196748787189164
peng_robinson,1,adaptive_frozen_v3,kernel,0.006144111743195,0.00614239973947,0.00614643190056,1.3335061051761044,1.3333784282312053,1.3336909144642557
peng_robinson,1,adaptive_no_gradient_gate_v3,e2e,0.010382399428650001,0.0101958392188,0.0105119999498,1.2022166603628812,1.196280486035775,1.2079343279488794
peng_robinson,1,adaptive_no_gradient_gate_v3,kernel,0.006144111743195,0.00614217622206,0.00618207966909,1.333509679272633,1.3333940553408299,1.3335816163844378
peng_robinson,1,fp32,e2e,0.006053280085325,0.00597919989377,0.00629343977198,2.060191981247859,2.0495558413238917,2.0743216457424682
peng_robinson,1,fp32,kernel,0.00409726402722,0.0040956158191,0.00409936020151,1.9995470173557641,1.9991878316518101,1.9998204197816363
peng_robinson,1,fp64,e2e,0.0124500798993,0.0123564805835,0.0126009592786,1.0,1.0,1.0
peng_robinson,1,fp64,kernel,0.00819340813905,0.00819113664329,0.00819539185613,1.0,1.0,1.0
peng_robinson,8,adaptive_frozen_v3,e2e,0.017112799920150003,0.0167433600873,0.0222806409001,0.7487084773137759,0.6239565882574799,0.7629340373789445
peng_robinson,8,adaptive_frozen_v3,kernel,0.01433556806295,0.0143316807225,0.0143385604024,0.7143434458318177,0.7143146005657859,0.7143704330653741
peng_robinson,8,adaptive_no_gradient_gate_v3,e2e,0.019822879694399997,0.0167334396392,0.0222342386842,0.6755442456018519,0.6211064173164811,0.7608613419062038
peng_robinson,8,adaptive_no_gradient_gate_v3,kernel,0.0143356798217,0.0143335359171,0.0145633276552,0.714329883246329,0.7142994405329632,0.7143938337698881
peng_robinson,8,fp32,e2e,0.006290239980445,0.00621472019702,0.00648991996422,2.172402017249482,2.0422361893665357,2.194365804588954
peng_robinson,8,fp32,kernel,0.004097423749045,0.00409641582519,0.00409875204787,2.4994044171253846,2.499061199400667,2.499531168560986
peng_robinson,8,fp64,e2e,0.013708319980649999,0.0127027202398,0.0138844801113,1.0,1.0,1.0
peng_robinson,8,fp64,kernel,0.010240399744349999,0.0102381762117,0.0102430405095,1.0,1.0,1.0
peng_robinson,32,adaptive_frozen_v3,e2e,0.022216479294000002,0.0221596788615,0.0223695989698,0.8887166362012842,0.6379152511789226,0.8963609262982812
peng_robinson,32,adaptive_frozen_v3,kernel,0.01433603232725,0.0143332155421,0.014541439712,0.7143268499928344,0.7142883871572082,0.7143711423404784
peng_robinson,32,adaptive_no_gradient_gate_v3,e2e,0.0221915207803,0.0213126391172,0.0223145596683,0.893331698860436,0.6381764372009568,0.8981269452440307
peng_robinson,32,adaptive_no_gradient_gate_v3,kernel,0.0143358716741,0.0143346246332,0.0144967352971,0.7143061450752922,0.7142919415776762,0.7143469682044661
peng_robinson,32,fp32,e2e,0.00899040000513,0.00827072001994,0.00928576011211,2.1434222268239145,1.5937938097562294,2.201930887126485
peng_robinson,32,fp32,kernel,0.00409752014093,0.0040966719389,0.0040994877927,2.499263957570729,2.498772069974714,2.49944568961434
peng_robinson,32,fp64,e2e,0.019850239157699998,0.0140406405553,0.0200563184917,1.0,1.0,1.0
peng_robinson,32,fp64,kernel,0.01024086400865,0.0102388160303,0.0104445759207,1.0,1.0,1.0
peng_robinson,128,adaptive_frozen_v3,e2e,0.022959679365149997,0.0228672008961,0.0230700802058,0.886769351252966,0.8840233219863713,0.889840708017906
peng_robinson,128,adaptive_frozen_v3,kernel,0.01434820797295,0.0143463360146,0.0145503357053,0.7142933548805352,0.7142364764592961,0.7143266491520637
peng_robinson,128,adaptive_no_gradient_gate_v3,e2e,0.0229617608711,0.0227654408664,0.0231353584677,0.887014455568991,0.883223513013508,0.8902303687216704
peng_robinson,128,adaptive_no_gradient_gate_v3,kernel,0.01434820797295,0.0143468156457,0.0145046720281,0.714240939627883,0.7142000095520432,0.7143258598006798
peng_robinson,128,fp32,e2e,0.009454719722270001,0.00929119996727,0.00963872019202,2.1556806498677137,2.1388732307959284,2.165417398056441
peng_robinson,128,fp32,kernel,0.00409766403027,0.00409644795582,0.00409900816157,2.5011911564951186,2.500851557379489,2.501294274624276
peng_robinson,128,fp64,e2e,0.020383679308,0.0143337594345,0.0206243209541,1.0,1.0,1.0
peng_robinson,128,fp64,kernel,0.01024897582825,0.0102459518239,0.0102501763031,1.0,1.0,1.0
peng_robinson,512,adaptive_frozen_v3,e2e,0.03521632216875,0.0351443178952,0.035291839391,0.9244302043771864,0.6881601388457464,0.9467947980614861
peng_robinson,512,adaptive_frozen_v3,kernel,0.0225455034524,0.0225435532629,0.0227718707174,0.7273162330666871,0.7272984153172555,0.7273493055638092
peng_robinson,512,adaptive_no_gradient_gate_v3,e2e,0.03518399968745,0.0351126417518,0.0352857597172,0.9048752796497146,0.6888419869431472,0.9451311921555878
peng_robinson,512,adaptive_no_gradient_gate_v3,kernel,0.0225433930755,0.0225412808359,0.0227715503424,0.7273800527194456,0.7273285759890975,0.7274202652598551
peng_robinson,512,fp32,e2e,0.0119174402207,0.011626239866,0.0176476798952,2.0392061868983236,1.940600243319992,2.1064343455543884
peng_robinson,512,fp32,kernel,0.004101391881705,0.0040991678834,0.00410358374938,3.998123531322758,3.9976982599898445,3.9986071440371935
peng_robinson,512,fp64,e2e,0.03302527964115,0.0241619199514,0.0334268808365,1.0,1.0,1.0
peng_robinson,512,fp64,kernel,0.01639753580095,0.0163964163512,0.0166258569807,1.0,1.0,1.0
peng_robinson,2048,adaptive_frozen_v3,e2e,0.038228800520300005,0.0374848023057,0.0383199974895,0.8868636221088937,0.8237546546612855,0.9390919178556074
peng_robinson,2048,adaptive_frozen_v3,kernel,0.022555520758,0.0225385595113,0.0226105600595,0.7274737728203947,0.7271844020562558,0.7277808899452964
peng_robinson,2048,adaptive_no_gradient_gate_v3,e2e,0.0381055995822,0.0370431989431,0.0383232012391,0.9018889628024881,0.827890778067345,0.9417471841955402
peng_robinson,2048,adaptive_no_gradient_gate_v3,kernel,0.02255376055835,0.0225385595113,0.0225801616907,0.7275830575369494,0.72721788437203,0.7278938294179808
peng_robinson,2048,fp32,e2e,0.01754239946605,0.0162400007248,0.0208128001541,1.8860390959459479,1.7889125765227771,1.9248958740791304
peng_robinson,2048,fp32,kernel,0.00467648007907,0.00445024017245,0.00487967999652,3.5142687848528578,3.4816646851457524,3.588782958652434
peng_robinson,2048,fp64,e2e,0.03447039984165,0.0289887990803,0.0361759997904,1.0,1.0,1.0
peng_robinson,2048,fp64,kernel,0.0164113603532,0.0163961593062,0.0164265595376,1.0,1.0,1.0
peng_robinson,8192,adaptive_frozen_v3,e2e,0.06388800218705,0.0625696033239,0.0658272057772,0.9155400312232611,0.9030285247734906,0.9223171379668407
peng_robinson,8192,adaptive_frozen_v3,kernel,0.02255679946395,0.0225376002491,0.022580480203,0.7277001568065131,0.7274546566818545,0.7278913459663282
peng_robinson,8192,adaptive_no_gradient_gate_v3,e2e,0.0638432018459,0.0620191991329,0.0668703988194,0.9214167304729861,0.9034716888656193,0.9273594680968634
peng_robinson,8192,adaptive_no_gradient_gate_v3,kernel,0.022550879046350003,0.0225392002612,0.0225792005658,0.7278654061879772,0.7276640514706872,0.7281051290456488
peng_robinson,8192,fp32,e2e,0.045959999784800004,0.0444671995938,0.0467967987061,1.2709024165532554,1.259853159490716,1.2893446185072963
peng_robinson,8192,fp32,kernel,0.0055800003465249996,0.00536159984767,0.00575936026871,2.9416792456701275,2.9067606158732535,2.965377612558286
peng_robinson,8192,fp64,e2e,0.0586383994669,0.0568256005645,0.0597311966121,1.0,1.0,1.0
peng_robinson,8192,fp64,kernel,0.0164160002023,0.0163968000561,0.0164246410131,1.0,1.0,1.0
peng_robinson,32768,adaptive_frozen_v3,e2e,0.1479680016635,0.142719998956,0.150943994522,0.9502316492509153,0.9244469862150207,0.9622978421354502
peng_robinson,32768,adaptive_frozen_v3,kernel,0.02262239996345,0.0225856006145,0.0228159986436,0.8175659150068453,0.8140258754433911,0.8188831313722076
peng_robinson,32768,adaptive_no_gradient_gate_v3,e2e,0.1478079929945,0.139487996697,0.151040002704,0.9514641710888183,0.9265087368029226,0.9763767277469917
peng_robinson,32768,adaptive_no_gradient_gate_v3,kernel,0.0226208008826,0.0225952006876,0.0227039996535,0.8187411715974601,0.8178925088052453,0.8190759046039574
peng_robinson,32768,fp32,e2e,0.12526399642199998,0.122336000204,0.132479995489,1.1033469372665001,1.0792640977660561,1.117255022043519
peng_robinson,32768,fp32,kernel,0.006235199980435001,0.00620799977332,0.00632639974356,2.9709442046815484,2.9638365732508203,2.972272080059624
peng_robinson,32768,fp64,e2e,0.1377600058915,0.135680004954,0.145631998777,1.0,1.0,1.0
peng_robinson,32768,fp64,kernel,0.0185199994594,0.0184000004083,0.0186144001782,1.0,1.0,1.0
peng_robinson,131072,adaptive_frozen_v3,e2e,0.5438239872455,0.532127976418,0.552864015102,0.9647723054706789,0.9592593273192707,0.9740120826635025
peng_robinson,131072,adaptive_frozen_v3,kernel,0.0827999971807,0.0818559974432,0.0839039981365,0.7557636363691886,0.7529434380241309,0.7659783666253742
peng_robinson,131072,adaptive_no_gradient_gate_v3,e2e,0.54249599576,0.531040012836,0.551680028439,0.9695879549068529,0.9662593422951457,0.9733783297944463
peng_robinson,131072,adaptive_no_gradient_gate_v3,kernel,0.0824800021946,0.0818559974432,0.0829439982772,0.7612728148882884,0.7559839924437415,0.7654440210841919
peng_robinson,131072,fp32,e2e,0.4756640046835,0.464863985777,0.488959997892,1.102677147921019,1.0920584628854177,1.1096514912937219
peng_robinson,131072,fp32,kernel,0.0118079995736,0.0115200001746,0.0124479997903,5.314874571450005,5.252393088983013,5.356927553408183
peng_robinson,131072,fp64,e2e,0.524208009243,0.51625597477,0.534528017044,1.0,1.0,1.0
peng_robinson,131072,fp64,kernel,0.0624319985509,0.0615679994226,0.0638400018215,1.0,1.0,1.0
peng_robinson,524288,adaptive_frozen_v3,e2e,2.0562399625800003,2.03084802628,2.1495039463,0.9695074166939226,0.9640295953209859,0.9756239555892919
peng_robinson,524288,adaptive_frozen_v3,kernel,0.26001600921150003,0.258175998926,0.26102399826,0.7539775240088984,0.7522156454175019,0.7557490073379286
peng_robinson,524288,adaptive_no_gradient_gate_v3,e2e,2.06089603901,2.03689599037,2.15152001381,0.9709993500628835,0.9680263530339621,0.9735798020673625
peng_robinson,524288,adaptive_no_gradient_gate_v3,kernel,0.256944000721,0.256000012159,0.259039998055,0.7616554153204189,0.7598628838874679,0.7647310458659915
peng_robinson,524288,fp32,e2e,1.826496005055,1.80745601654,1.91430401802,1.0927309798535374,1.0870410522738172,1.0996613634111432
peng_robinson,524288,fp32,kernel,0.0321439988911,0.0309120006859,0.0328320004046,6.095753637268823,6.047587657126483,6.1831705203053735
peng_robinson,524288,fp64,e2e,1.98736000061,1.97254395485,2.09270405769,1.0,1.0,1.0
peng_robinson,524288,fp64,kernel,0.195583999157,0.194624006748,0.197472006083,1.0,1.0,1.0
peng_robinson,2097152,adaptive_frozen_v3,e2e,8.079199790955,8.03187179565,8.19564819336,0.970323283706088,0.9690676513302452,0.9711205564233437
peng_robinson,2097152,adaptive_frozen_v3,kernel,0.970256000757,0.968352019787,0.971967995167,0.7534908555795017,0.7529544885042707,0.7541365087606742
peng_robinson,2097152,adaptive_no_gradient_gate_v3,e2e,8.062272071835,8.02575969696,8.20076847076,0.9705408044582612,0.9697653697563613,0.9718774282842968
peng_robinson,2097152,adaptive_no_gradient_gate_v3,kernel,0.962191998959,0.960128009319,0.964511990547,0.7600478694981587,0.7594461792338487,0.7606580115737501
peng_robinson,2097152,fp32,e2e,7.247168064115,7.18028783798,7.35932779312,1.0854713519694197,1.079860088063582,1.086078711630222
peng_robinson,2097152,fp32,kernel,0.116127997637,0.112576000392,0.119295999408,6.313860590057114,6.265448688883017,6.3666986884319625
peng_robinson,2097152,fp64,e2e,7.8338081836699995,7.7965760231,7.96931219101,1.0,1.0,1.0
peng_robinson,2097152,fp64,kernel,0.7312319874765001,0.729215979576,0.732640028,1.0,1.0,1.0
peng_robinson,8388608,adaptive_frozen_v3,e2e,32.14350509645,32.0506248474,32.3249588013,0.971263526992938,0.9700718490396192,0.9724220961081129
peng_robinson,8388608,adaptive_frozen_v3,kernel,3.805152058605,3.80134391785,3.80729603767,0.7521578954343124,0.75195877186493,0.7524494659760421
peng_robinson,8388608,adaptive_no_gradient_gate_v3,e2e,32.1082077026,32.015838623,32.3260498047,0.9722001040032581,0.9714734084131841,0.9736431604139082
peng_robinson,8388608,adaptive_no_gradient_gate_v3,kernel,3.768191933635,3.76476788521,3.77072000504,0.7596382868833363,0.7592965792600936,0.7599215534131014
peng_robinson,8388608,fp32,e2e,28.7982711792,28.707359314,28.9409599304,1.0837459863918881,1.082744881045631,1.0848800142707713
peng_robinson,8388608,fp32,kernel,0.46505600214,0.463744014502,0.469312012196,6.152837508114582,6.131622268575718,6.160233970888658
peng_robinson,8388608,fp64,e2e,31.2182559967,31.1174087524,31.4719047546,1.0,1.0,1.0
peng_robinson,8388608,fp64,kernel,2.86191999912,2.85993599892,2.86540794373,1.0,1.0,1.0
peng_robinson,16777216,adaptive_frozen_v3,e2e,64.2512168884,64.1279067993,64.5992660522,0.9710450287025634,0.9700475968232138,0.9718608258934673
peng_robinson,16777216,adaptive_frozen_v3,kernel,7.603536129,7.60076808929,7.93625593185,0.7520599221013072,0.7519167275158842,0.7521438981815967
peng_robinson,16777216,adaptive_no_gradient_gate_v3,e2e,64.1892814636,64.0366744995,64.5070724487,0.9724023933795729,0.9714737833743475,0.9727130967484526
peng_robinson,16777216,adaptive_no_gradient_gate_v3,kernel,7.5233438015,7.51769590378,7.53084802628,0.7600836145981738,0.7598924054670485,0.7602990782314307
peng_robinson,16777216,fp32,e2e,57.62894248965,57.4536628723,57.8089904785,1.083172487806479,1.0826045642216764,1.0838092109285773
peng_robinson,16777216,fp32,kernel,0.932176023722,0.928608000278,0.935168027878,6.136645239258304,6.131411263380858,6.148234891551149
peng_robinson,16777216,fp64,e2e,62.4471359253,62.2377586365,62.5989456177,1.0,1.0,1.0
peng_robinson,16777216,fp64,kernel,5.7179360389700005,5.71574401855,5.72092819214,1.0,1.0,1.0
pv,1,adaptive_frozen_v3,e2e,0.1482067257165,0.147825285792,0.152348801494,0.9305072534987862,0.928343076804313,0.933404887121885
pv,1,adaptive_frozen_v3,kernel,0.145523585379,0.14540733397,0.145809516311,0.930676878916857,0.93011514961651,0.9312853466527249
pv,1,adaptive_no_gradient_gate_v3,e2e,0.1483502388,0.147929921746,0.151730239391,0.9293268178129006,0.92771141671577,0.9325067704688454
pv,1,adaptive_no_gradient_gate_v3,kernel,0.1456533670425,0.145431905985,0.145900949836,0.9305454599676011,0.9296787731500367,0.9309838795859464
pv,1,fp32,e2e,0.0162147199735,0.015722559765,0.0211583990604,8.530056967542114,8.383129503394285,8.595748592903435
pv,1,fp32,kernel,0.0122986882925,0.0122951362282,0.0123037118465,11.014437648655072,11.009659880098138,11.021562467778802
pv,1,fp64,e2e,0.138429276645,0.137341111898,0.140440002084,1.0,1.0,1.0
pv,1,fp64,kernel,0.13543377816649999,0.135336518288,0.135766550899,1.0,1.0,1.0
pv,8,adaptive_frozen_v3,e2e,0.14827391505249998,0.147862389684,0.151904642582,0.9361017275231011,0.9268484507124939,0.9389643256665502
pv,8,adaptive_frozen_v3,kernel,0.1457727625965,0.145644262433,0.146026343107,0.9300060940140036,0.9288981877436937,0.9300571618567006
pv,8,adaptive_no_gradient_gate_v3,e2e,0.14833615720249999,0.147910401225,0.15228895843,0.9338435297790182,0.9282109214881105,0.936381887619552
pv,8,adaptive_no_gradient_gate_v3,kernel,0.145745024085,0.145639330149,0.145888447762,0.9300779506461307,0.9300027700457233,0.9301880866673085
pv,8,fp32,e2e,0.016415679827300002,0.0160812791437,0.019473278895,8.459793204991378,8.391372515616617,8.541380555548571
pv,8,fp32,kernel,0.0122987516224,0.0122969597578,0.0125248320401,11.014942848659082,11.014594963497942,11.016433044398628
pv,8,fp64,e2e,0.13883151859050002,0.137897923589,0.141354873776,1.0,1.0,1.0
pv,8,fp64,kernel,0.13547028601150002,0.135465234518,0.135700255632,1.0,1.0,1.0
pv,32,adaptive_frozen_v3,e2e,0.159433759749,0.15095487237,0.162402555346,0.923365654223785,0.9226890094846684,0.9236926478839542
pv,32,adaptive_frozen_v3,kernel,0.14567969739449999,0.145665228367,0.146046087146,0.9336511395727567,0.9333571236506084,0.9340502614127855
pv,32,adaptive_no_gradient_gate_v3,e2e,0.159476801753,0.150744631886,0.162401273847,0.9231683462776172,0.9226810478916012,0.9233868314704579
pv,32,adaptive_no_gradient_gate_v3,kernel,0.145721063018,0.145665109158,0.14604754746,0.9337591927242612,0.9334172245482464,0.9340852927870766
pv,32,fp32,e2e,0.0220660800114,0.0220003202558,0.0221270397305,6.669477068581484,6.664297867601688,6.674775058797122
pv,32,fp32,kernel,0.0122988158837,0.0122966403142,0.0124973766506,11.066720063735087,11.05903404421014,11.075213195772491
pv,32,fp64,e2e,0.1472091153265,0.140345603228,0.150265917182,1.0,1.0,1.0
pv,32,fp64,kernel,0.136149466038,0.135948225856,0.136389121413,1.0,1.0,1.0
pv,128,adaptive_frozen_v3,e2e,0.1717932745815,0.167411193252,0.174763828516,0.9281895120542516,0.9279393702562753,0.9283398566250939
pv,128,adaptive_frozen_v3,kernel,0.159475065768,0.159232228994,0.159615293145,0.9146051960408452,0.9141571192370581,0.9149830061070287
pv,128,adaptive_no_gradient_gate_v3,e2e,0.1717772856355,0.162664964795,0.174863040447,0.9281317133580518,0.9277518151928342,0.9282932686305727
pv,128,adaptive_no_gradient_gate_v3,kernel,0.159497216344,0.159237995744,0.159669861197,0.9147260135269017,0.9141568892387754,0.9152293042325178
pv,128,fp32,e2e,0.02221712004395,0.0221097581089,0.0223312005401,7.172660006570098,7.1577578677384,7.18588478297387
pv,128,fp32,kernel,0.0143355196342,0.014333056286,0.0145378233865,10.16741207154245,10.161532141817272,10.176289843524387
pv,128,fp64,e2e,0.1594503968955,0.150229752064,0.162414729595,1.0,1.0,1.0
pv,128,fp64,kernel,0.14584603160600002,0.145657464862,0.146048218012,1.0,1.0,1.0
pv,512,adaptive_frozen_v3,e2e,0.270442560315,0.270381420851,0.273989439011,0.9539246872253337,0.9537690368858782,0.9542162234599023
pv,512,adaptive_frozen_v3,kernel,0.2630029767755,0.262761056423,0.263284116983,0.9369790782013174,0.9366707313999612,0.937301598438054
pv,512,adaptive_no_gradient_gate_v3,e2e,0.270604968071,0.270334720612,0.27359136939,0.9539179406185501,0.9532829149215887,0.9542220262863106
pv,512,adaptive_no_gradient_gate_v3,kernel,0.262991189957,0.262735813856,0.263127982616,0.9370882648682741,0.936854364337722,0.9372511259646215
pv,512,fp32,e2e,0.027328959666199998,0.0241209603846,0.0333929620683,9.473269159620125,7.777669894372222,10.639682628936786
pv,512,fp32,kernel,0.01843016035855,0.018426368013,0.0186590403318,13.366498032796983,13.360203378305968,13.370651010205023
pv,512,fp64,e2e,0.257999047637,0.257928013802,0.261483848095,1.0,1.0,1.0
pv,512,fp64,kernel,0.2463807836175,0.246210902929,0.246601879597,1.0,1.0,1.0
pv,2048,adaptive_frozen_v3,e2e,0.281884804368,0.279648005962,0.283881604671,0.9243751575262031,0.92283670469986,0.9255734812007762
pv,2048,adaptive_frozen_v3,kernel,0.2643323242665,0.264268159866,0.266641914845,0.9360062946447603,0.9358831389852119,0.9362703141337629
pv,2048,adaptive_no_gradient_gate_v3,e2e,0.2813568115235,0.279888004065,0.282512009144,0.9264454600743655,0.924965391803947,0.9284160265329104
pv,2048,adaptive_no_gradient_gate_v3,kernel,0.26432913541799996,0.264273613691,0.266651839018,0.9360799108821327,0.935845759844659,0.9362465282162791
pv,2048,fp32,e2e,0.0306031983346,0.0304127987474,0.0361439995468,8.525806462951216,8.365650744426635,8.547554838052122
pv,2048,fp32,kernel,0.0184470396489,0.0184380803257,0.018467521295,13.411576482913501,13.408141290075575,13.421083600019589
pv,2048,fp64,e2e,0.260139197111,0.259958416224,0.262841612101,1.0,1.0,1.0
pv,2048,fp64,kernel,0.247409924865,0.247338563204,0.249685436487,1.0,1.0,1.0
pv,8192,adaptive_frozen_v3,e2e,0.3134000003335,0.312240004539,0.314556777477,0.9552353572551313,0.9527390265144562,0.9568317706085849
pv,8192,adaptive_frozen_v3,kernel,0.2724025547505,0.27230399847,0.274701446295,0.948064359194113,0.9478886410688518,0.9484021250719048
pv,8192,adaptive_no_gradient_gate_v3,e2e,0.31301599740999997,0.311523199081,0.314569592476,0.9569205752421571,0.9543839451303324,0.9584972811643144
pv,8192,adaptive_no_gradient_gate_v3,kernel,0.27240623533749997,0.27230784297,0.274727702141,0.9479262212117928,0.947638478577552,0.9482517079703237
pv,8192,fp32,e2e,0.058144001290200004,0.0569791980088,0.0597184002399,5.155792779958255,5.099615345218119,5.187723655548249
pv,8192,fp32,kernel,0.0184460803866,0.0184377599508,0.0184684805572,13.999479386983033,13.997666945731329,14.008434415974245
pv,8192,fp64,e2e,0.299393609166,0.29718080163,0.300966411829,1.0,1.0,1.0
pv,8192,fp64,kernel,0.258248329163,0.25811457634,0.260553598404,1.0,1.0,1.0
pv,32768,adaptive_frozen_v3,e2e,0.3986399918795,0.393792003393,0.409312009811,0.9597989227311566,0.9546046829113384,0.9649423483015975
pv,32768,adaptive_frozen_v3,kernel,0.2765536010265,0.276195198298,0.276889622211,0.9402450675444451,0.9396299213691468,0.9407208193013207
pv,32768,adaptive_no_gradient_gate_v3,e2e,0.399712011218,0.394048005342,0.407135993242,0.959822304028275,0.9553654995859001,0.9619974822843391
pv,32768,adaptive_no_gradient_gate_v3,kernel,0.276755183935,0.276579201221,0.277024000883,0.9394397595789399,0.9385756246635297,0.9399434095124777
pv,32768,fp32,e2e,0.14224000275100002,0.13564799726,0.153088003397,2.704469054244644,2.6535162679190525,2.7340022494598544
pv,32768,fp32,kernel,0.0185183994472,0.0184448007494,0.0186112001538,14.038881419415187,14.021410846420274,14.053219022832875
pv,32768,fp64,e2e,0.383200004697,0.377088010311,0.387679994106,1.0,1.0,1.0
pv,32768,fp64,kernel,0.25999841094,0.259548813105,0.260313600302,1.0,1.0,1.0
pv,131072,adaptive_frozen_v3,e2e,1.4773920178450002,1.46499204636,1.48675203323,0.9691708676694787,0.9674832774795624,0.9706513134994805
pv,131072,adaptive_frozen_v3,kernel,1.015280008315,1.01139199734,1.01721596718,0.9536014949735103,0.952747329404567,0.9555610016935567
pv,131072,adaptive_no_gradient_gate_v3,e2e,1.477663993835,1.46566402912,1.48748803139,0.9669316338386422,0.9629628989087073,0.9694411551114609
pv,131072,adaptive_no_gradient_gate_v3,kernel,1.0157600045200001,1.01177597046,1.01827204227,0.9535569579723326,0.9526612618916708,0.9548421091562279
pv,131072,fp32,e2e,0.515567988157,0.504960000515,0.522400021553,2.7807115740555326,2.7571823069811474,2.7960639372491345
pv,131072,fp32,kernel,0.053759999573200004,0.0531519986689,0.0542719997466,18.011696231510474,17.89450760462085,18.168217500287984
pv,131072,fp64,e2e,1.429744005205,1.41647994518,1.44118404388,1.0,1.0,1.0
pv,131072,fp64,kernel,0.968160003424,0.966911971569,0.970143973827,1.0,1.0,1.0
pv,524288,adaptive_frozen_v3,e2e,5.066959857940001,5.02083206177,5.13984012604,0.9689786541508043,0.9672460829780012,0.9726435734205232
pv,524288,adaptive_frozen_v3,kernel,3.242239952085,3.23548793793,3.24710392952,0.9498267392075528,0.9491896266498808,0.9504433859565675
pv,524288,adaptive_no_gradient_gate_v3,e2e,5.067552089695,5.01679992676,5.11107206345,0.971513827565293,0.9676219141777833,0.976664726958366
pv,524288,adaptive_no_gradient_gate_v3,kernel,3.2438400983799998,3.23555207253,3.24947190285,0.9489649327339271,0.9484037927128286,0.9501720058172036
pv,524288,fp32,e2e,2.00011193752,1.93887996674,2.04867196083,2.474911240726441,2.4508284817679007,2.4968974512915887
pv,524288,fp32,kernel,0.16654399782450002,0.165151998401,0.167935997248,18.517534665873633,18.47350247143516,18.546122427446413
pv,524288,fp64,e2e,4.936687946319999,4.85584020615,4.98515176773,1.0,1.0,1.0
pv,524288,fp64,kernel,3.079792022705,3.0745279789,3.0836160183,1.0,1.0,1.0
pv,2097152,adaptive_frozen_v3,e2e,19.33220767975,19.2768630981,19.8179836273,0.9681888810163377,0.966632390485409,0.9697686010760237
pv,2097152,adaptive_frozen_v3,kernel,12.2063999176,12.1975040436,12.5392961502,0.950051027397429,0.9497758900526916,0.9502969868584217
pv,2097152,adaptive_no_gradient_gate_v3,e2e,19.3511199951,19.2705287933,19.9383678436,0.9686273752881658,0.9662233055830983,0.9693161712073288
pv,2097152,adaptive_no_gradient_gate_v3,kernel,12.208992004399999,12.2008323669,12.5371522903,0.9497101385254394,0.9495070674487205,0.9499560101967988
pv,2097152,fp32,e2e,7.736303806305,7.68905591965,7.86947202682,2.423001775791378,2.4086163904351947,2.4268705297132662
pv,2097152,fp32,kernel,0.619647979736,0.618143975735,0.62105602026,18.72700055490826,18.68921844919138,18.745719796972956
pv,2097152,fp64,e2e,18.72724723815,18.662399292,18.9188156128,1.0,1.0,1.0
pv,2097152,fp64,kernel,11.59700775145,11.5878076553,11.9485759735,1.0,1.0,1.0
pv,8388608,adaptive_frozen_v3,e2e,76.54164886475,76.2919387817,76.9769897461,0.9692181955629313,0.9682746924158896,0.9695306109930857
pv,8388608,adaptive_frozen_v3,kernel,48.08281707765,48.0583343506,48.4129905701,0.9501816820128038,0.9499877349507204,0.9507113653937969
pv,8388608,adaptive_no_gradient_gate_v3,e2e,76.53502655029999,76.2940139771,77.0987854004,0.9686297255995147,0.9649825304673907,0.9737236572293047
pv,8388608,adaptive_no_gradient_gate_v3,kernel,48.2097606659,48.0703353882,48.4316482544,0.949908747830468,0.9481041203134332,0.9506644685125842
pv,8388608,fp32,e2e,30.75916862485,30.6723518372,30.9365119934,2.409988900054663,2.404713629752254,2.4226010873855297
pv,8388608,fp32,kernel,2.42467200756,2.42294406891,2.42783999443,18.84929040799772,18.83897742142505,18.973746609166508
pv,8388608,fp64,e2e,74.17124938965,73.9021759033,74.6231002808,1.0,1.0,1.0
pv,8388608,fp64,kernel,45.677696228049996,45.6627197266,46.0317420959,1.0,1.0,1.0
pv,16777216,adaptive_frozen_v3,e2e,153.2050857545,152.990081787,153.503173828,0.9691042124250695,0.9687082752598142,0.9696804942153687
pv,16777216,adaptive_frozen_v3,kernel,96.42811203004999,96.3996124268,96.6472320557,0.9501335646811805,0.9497462761979127,0.9503996657661524
pv,16777216,adaptive_no_gradient_gate_v3,e2e,153.21987152100002,152.822555542,153.522842407,0.9688958087987489,0.9687025189546684,0.9691269512254488
pv,16777216,adaptive_no_gradient_gate_v3,kernel,96.40550613405,96.3819503784,96.5464324951,0.9504251209014691,0.950309410167721,0.9505327558839738
pv,16777216,fp32,e2e,61.5115032196,61.3521270752,61.6656951904,2.4148533037666513,2.4128491178537406,2.417058474592942
pv,16777216,fp32,kernel,4.84155201912,4.83945608139,4.84684801102,18.925337175123246,18.918150403334856,18.928051027117426
pv,16777216,fp64,e2e,148.5332489015,148.036987305,148.929092407,1.0,1.0,1.0
pv,16777216,fp64,kernel,91.6280479431,91.2754211426,91.6558685303,1.0,1.0,1.0
