channel,unit,finite,nonfinite,min,median,max
AB1N001Vx,m/s,48001,0,-15.135538529217657,-9.163172185187236,14.675573538993161
AB1N002Vx,m/s,48001,0,-15.344137045376812,-9.009462073661487,14.318199876917827
AB1N003Vx,m/s,48001,0,-16.743355114768974,-9.20222024370078,14.870246893389872
AB1N004Vx,m/s,48001,0,-16.303334361941793,-9.233972342049109,15.18924992716133
AB1N005Vx,m/s,48001,0,-16.16542887759789,-9.218981629521156,14.910611588727773
AB1N006Vx,m/s,48001,0,-16.139995253124592,-9.34434845690849,15.633205543655249
AB1N007Vx,m/s,48001,0,-17.194751745894795,-9.393469798068354,16.242595483932458
AB1N008Vx,m/s,48001,0,-17.282733806837665,-9.32857325482304,15.684739821271624
AB1N009Vx,m/s,48001,0,-17.47952484891143,-9.33195091366326,15.510379212434813
AB1N010Vx,m/s,48001,0,-18.549511473595395,-9.402982353186179,15.618828796264765
AB1N011Vx,m/s,48001,0,-18.830323365961846,-9.365020376718805,15.563971809363322
AB1N012Vx,m/s,48001,0,-18.758928916131744,-9.36477213659726,16.034153112833973
AB1N013Vx,m/s,48001,0,-19.10042492473814,-9.338761169782952,16.31208923152065
AB1N014Vx,m/s,48001,0,-18.099278007363402,-9.361557743008913,16.049878335006976
AB1N015Vx,m/s,48001,0,-18.47352563152504,-9.300664944348451,16.787620435394558
AB1N016Vx,m/s,48001,0,-18.307679620386445,-9.2499859828504,16.703131905924756
AB1N017Vx,m/s,48001,0,-18.04850195255828,-9.168467615081738,16.774311241259618
AB1N018Vx,m/s,48001,0,-18.57206298062268,-9.147611063328885,17.108069211595215
AB1N019Vx,m/s,48001,0,-18.548955051695764,-9.144916321305649,16.27890790344009
AB2N001Vx,m/s,48001,0,-15.79250856562316,-9.084065968370485,14.927643489796166
AB2N002Vx,m/s,48001,0,-15.458845345851932,-9.012661684391798,14.952917340226506
AB2N003Vx,m/s,48001,0,-15.469432505851612,-9.302681872726923,14.96963159365119
AB2N004Vx,m/s,48001,0,-15.780398745925597,-9.3658650310795,14.905383893226078
AB2N005Vx,m/s,48001,0,-15.73031018405692,-9.364162044555375,14.899681835743937
AB2N006Vx,m/s,48001,0,-16.13729491478062,-9.36568643246869,15.312407706457387
AB2N007Vx,m/s,48001,0,-17.10452342682056,-9.355752448243878,15.919365452292244
AB2N008Vx,m/s,48001,0,-17.742691753079814,-9.381894995623643,15.654869844469165
AB2N009Vx,m/s,48001,0,-17.769454778566075,-9.349970969643321,15.268570532341245
AB2N010Vx,m/s,48001,0,-18.59564925443754,-9.37094652730585,15.804858166121916
AB2N011Vx,m/s,48001,0,-17.98972704273452,-9.353352669678129,15.293206812933748
AB2N012Vx,m/s,48001,0,-18.77320432040092,-9.394114428785208,15.967701803510337
AB2N013Vx,m/s,48001,0,-18.219806824418633,-9.37739483548198,16.003140163790174
AB2N014Vx,m/s,48001,0,-18.822510938082633,-9.328037911245861,16.162366059083944
AB2N015Vx,m/s,48001,0,-18.042878842988983,-9.298263640807981,16.287962026652817
AB2N016Vx,m/s,48001,0,-17.853710632769605,-9.222891013821513,17.31747607040371
AB2N017Vx,m/s,48001,0,-18.020557281263706,-9.183157133980503,17.35533773115956
AB2N018Vx,m/s,48001,0,-18.44916596939652,-9.15673479241093,16.309442705769662
AB2N019Vx,m/s,48001,0,-18.307393401281477,-9.144839164780382,15.775642750446805
AB3N001Vx,m/s,48001,0,-15.662694859761075,-9.094618987047777,14.627211113603513
AB3N002Vx,m/s,48001,0,-15.435236295712881,-8.964994630652175,14.708769673644191
AB3N003Vx,m/s,48001,0,-15.692648333854216,-9.150256210818622,15.183517436351048
AB3N004Vx,m/s,48001,0,-16.362600096906274,-9.276548090635995,15.501982831678564
AB3N005Vx,m/s,48001,0,-16.494465627773383,-9.318111923697677,15.804086427584295
AB3N006Vx,m/s,48001,0,-16.816260428207453,-9.377959527394573,16.277004782237913
AB3N007Vx,m/s,48001,0,-17.028786278533165,-9.388600236953955,16.8803798145534
AB3N008Vx,m/s,48001,0,-17.503562552834683,-9.298742475305176,15.435370076711353
AB3N009Vx,m/s,48001,0,-17.3641939360574,-9.310989842599529,15.39441844871537
AB3N010Vx,m/s,48001,0,-18.43728785709819,-9.38166448599485,15.757604214495691
AB3N011Vx,m/s,48001,0,-17.52674313294666,-9.387626693631862,15.881481469103138
AB3N012Vx,m/s,48001,0,-18.07722515052744,-9.364317655295746,16.222607775645812
AB3N013Vx,m/s,48001,0,-19.009692033871932,-9.358444077497152,17.904069524912106
AB3N014Vx,m/s,48001,0,-18.374193932692354,-9.361811272679724,17.04659086940104
AB3N015Vx,m/s,48001,0,-18.240413751676247,-9.258796190496227,17.105567697765835
AB3N016Vx,m/s,48001,0,-17.855954057091168,-9.216152712621934,17.713485026940315
AB3N017Vx,m/s,48001,0,-17.381890632383186,-9.188957057986219,17.218636732120398
AB3N018Vx,m/s,48001,0,-18.03745320690192,-9.198225738564835,16.230090292545462
AB3N019Vx,m/s,48001,0,-18.39858160210093,-9.17643205691864,16.438553970409078
AB1N001Vy,m/s,48001,0,-12.874713475288711,1.9538158626014657,15.181089756346552
AB1N002Vy,m/s,48001,0,-12.266649834652982,3.7238072625793417,16.677592392982906
AB1N003Vy,m/s,48001,0,-8.689585325699401,7.125046043398666,20.467225416819925
AB1N004Vy,m/s,48001,0,-3.1974821414799663,10.640916854394236,24.491443623680485
AB1N005Vy,m/s,48001,0,1.323055657952671,14.90144152277444,29.018830198442345
AB1N006Vy,m/s,48001,0,6.787920166267826,20.131647592254467,34.7066411704618
AB1N007Vy,m/s,48001,0,11.472099675151087,25.363241844884325,39.85600323296388
AB1N008Vy,m/s,48001,0,17.47232496145076,30.536489987540207,45.683997903409434
AB1N009Vy,m/s,48001,0,22.63511449828532,35.76639202600501,51.348886653879276
AB1N010Vy,m/s,48001,0,28.43244486701893,40.90401207404637,56.84281367109732
AB1N011Vy,m/s,48001,0,34.006773387347316,46.08398887582312,61.991722892629284
AB1N012Vy,m/s,48001,0,38.61736351851083,51.260538322163896,67.49841222303571
AB1N013Vy,m/s,48001,0,44.209959107209386,56.440620497997486,72.51115699159475
AB1N014Vy,m/s,48001,0,48.87022344379449,61.60118778505632,77.1111394051431
AB1N015Vy,m/s,48001,0,54.63179002733224,66.82823399590941,82.17035323022714
AB1N016Vy,m/s,48001,0,58.79852198144815,71.11417971461593,85.85989308218431
AB1N017Vy,m/s,48001,0,62.832965225300825,74.58422763595186,89.96311649294458
AB1N018Vy,m/s,48001,0,66.50177084505391,78.07927794022179,92.36246832742604
AB1N019Vy,m/s,48001,0,68.75058813167546,79.83215574839967,94.4363754427763
AB2N001Vy,m/s,48001,0,-12.464609169326833,1.805538359332556,14.99436250448735
AB2N002Vy,m/s,48001,0,-11.15765253230203,3.6069362793516593,16.590137956120767
AB2N003Vy,m/s,48001,0,-6.86968723883085,7.05909072420617,19.888925566172063
AB2N004Vy,m/s,48001,0,-3.4005172781069897,10.56155497161297,24.297612330544148
AB2N005Vy,m/s,48001,0,1.4129345455766757,14.853406105379994,28.65119837292404
AB2N006Vy,m/s,48001,0,7.234529251729319,20.08854191543546,34.331347116365585
AB2N007Vy,m/s,48001,0,11.870765473224033,25.335806113962896,39.737004516699315
AB2N008Vy,m/s,48001,0,16.90588437471574,30.577442539728825,45.178880671012216
AB2N009Vy,m/s,48001,0,22.718913339075314,35.795541069875334,50.94872808663926
AB2N010Vy,m/s,48001,0,27.778122922266235,40.93245269456804,56.53100906550875
AB2N011Vy,m/s,48001,0,33.601350905959904,46.14211338934123,62.51379425357264
AB2N012Vy,m/s,48001,0,39.1241053672325,51.302959540515474,68.3370548442232
AB2N013Vy,m/s,48001,0,44.68801201689621,56.42981383995516,74.00329289751554
AB2N014Vy,m/s,48001,0,48.70208787782262,61.61579423454638,78.65281727205333
AB2N015Vy,m/s,48001,0,55.055916169454484,66.80247183285039,82.33727365768819
AB2N016Vy,m/s,48001,0,59.82054210636638,71.0897714890143,85.34277654841334
AB2N017Vy,m/s,48001,0,62.89231340713755,74.59006366617177,88.71992456954659
AB2N018Vy,m/s,48001,0,66.5412513503702,78.09854150829574,92.43336234642346
AB2N019Vy,m/s,48001,0,68.34744750508416,79.85236750878269,94.60470490491718
AB3N001Vy,m/s,48001,0,-11.634020624901254,1.8208700224407095,14.471223858438073
AB3N002Vy,m/s,48001,0,-10.434205563707534,3.6275647937567443,16.20374477743652
AB3N003Vy,m/s,48001,0,-6.78234891702446,7.074728463936226,20.470975566323965
AB3N004Vy,m/s,48001,0,-2.905578201439808,10.585501048526437,23.59521315909376
AB3N005Vy,m/s,48001,0,2.220022755237803,14.878467308974383,28.83609569881287
AB3N006Vy,m/s,48001,0,7.196564956733981,20.127832165664753,34.71452676555655
AB3N007Vy,m/s,48001,0,11.85537989918187,25.307913376624345,39.72578650252558
AB3N008Vy,m/s,48001,0,17.8648673773217,30.498119409226717,46.172028434243664
AB3N009Vy,m/s,48001,0,22.821246412652048,35.741938263122734,51.52241726168122
AB3N010Vy,m/s,48001,0,28.78649029119009,40.91984209984251,56.49968595718712
AB3N011Vy,m/s,48001,0,34.04792835450295,46.09788803010985,61.24665579672644
AB3N012Vy,m/s,48001,0,38.75181718173669,51.2227945216975,67.28340137589343
AB3N013Vy,m/s,48001,0,44.317039885898126,56.38253277144956,72.31985232373972
AB3N014Vy,m/s,48001,0,49.867305183178125,61.61238124355617,77.34624078993383
AB3N015Vy,m/s,48001,0,54.84954241329307,66.79731585200317,83.08528721382564
AB3N016Vy,m/s,48001,0,59.83458445454689,71.12217387321691,86.23348938335674
AB3N017Vy,m/s,48001,0,62.89226100426124,74.60462320610522,90.40413842432946
AB3N018Vy,m/s,48001,0,66.10435008435638,78.09460281923442,92.18394406895783
AB3N019Vy,m/s,48001,0,67.42484297136008,79.84579635157247,94.11492704455108
AB1N001Phi,deg,48001,0,-180.0,0.0,180.0
AB1N002Phi,deg,48001,0,-179.99567368480467,-64.98423574157985,179.74740701267027
AB1N003Phi,deg,48001,0,-179.7492097640243,-51.38151135979517,179.51081768189275
AB1N004Phi,deg,48001,0,-126.67927030184723,-41.24183663876257,108.51708391170467
AB1N005Phi,deg,48001,0,-77.64555839947865,-33.81707334721053,53.93124551280016
AB1N006Phi,deg,48001,0,-50.68653536943413,-27.308990265114204,41.15256371205527
AB1N007Phi,deg,48001,0,-38.58986526993382,-22.768149125539583,29.944997512868675
AB1N008Phi,deg,48001,0,-32.16902845618064,-19.414327731453433,26.024950840676457
AB1N009Phi,deg,48001,0,-27.527168808668616,-16.94755435625013,21.264162885376482
AB1N010Phi,deg,48001,0,-25.3986775097735,-15.096961936449352,18.60607962472076
AB1N011Phi,deg,48001,0,-21.99214428946926,-13.731345561063952,15.529593156368804
AB1N012Phi,deg,48001,0,-20.079113782504564,-12.61170436404957,14.265711987222787
AB1N013Phi,deg,48001,0,-18.69697233952453,-11.764059092206143,13.408435116821085
AB1N014Phi,deg,48001,0,-17.088075221701704,-10.744391803690725,11.830008132264854
AB1N015Phi,deg,48001,0,-16.451107100347656,-9.644973016312417,11.007750335733123
AB1N016Phi,deg,48001,0,-15.4437128619214,-8.86285117036858,10.035518383283572
AB1N017Phi,deg,48001,0,-15.164790789291079,-8.327204277744332,9.671166439906795
AB1N018Phi,deg,48001,0,-14.956116176934728,-7.903715695960127,8.904376453483323
AB1N019Phi,deg,48001,0,0.0,0.0,0.0
AB2N001Phi,deg,48001,0,-180.0,0.0,180.0
AB2N002Phi,deg,48001,0,-179.95465629561585,-65.34037242742617,179.98789567746962
AB2N003Phi,deg,48001,0,-179.08975623907514,-51.31205282551641,179.59006350042162
AB2N004Phi,deg,48001,0,-134.67747913392984,-41.25291395000837,109.13883245964574
AB2N005Phi,deg,48001,0,-77.00177259489242,-33.85876936868138,57.0517518338646
AB2N006Phi,deg,48001,0,-48.23069315652302,-27.32920572329628,41.65958107385459
AB2N007Phi,deg,48001,0,-38.92447547743342,-22.7351567686791,30.262537367016986
AB2N008Phi,deg,48001,0,-32.72214392353843,-19.37417106410111,24.720020188887464
AB2N009Phi,deg,48001,0,-27.66158417532673,-16.875491437418916,20.567070037470078
AB2N010Phi,deg,48001,0,-25.826592208367128,-15.003630397218553,18.914757603957444
AB2N011Phi,deg,48001,0,-23.06919300337536,-13.699689919432757,16.223450414585365
AB2N012Phi,deg,48001,0,-20.10088090202901,-12.623201611836842,14.965281797707648
AB2N013Phi,deg,48001,0,-18.585731260685968,-11.769302746830473,12.584812531801141
AB2N014Phi,deg,48001,0,-17.593030092850363,-10.697141340666057,11.716285476667592
AB2N015Phi,deg,48001,0,-15.78928304486365,-9.59249831191864,10.897556019499099
AB2N016Phi,deg,48001,0,-15.276274371246878,-8.842543613861343,10.62553454992046
AB2N017Phi,deg,48001,0,-14.999288843294662,-8.332278091026456,9.72349670552412
AB2N018Phi,deg,48001,0,-14.906963643689867,-7.92161701668999,8.002207265631544
AB2N019Phi,deg,48001,0,0.0,0.0,0.0
AB3N001Phi,deg,48001,0,-180.0,0.0,180.0
AB3N002Phi,deg,48001,0,-179.9788717733086,-65.89735933123364,179.99666130963666
AB3N003Phi,deg,48001,0,-179.8386970011043,-51.63167083083696,179.75917402821634
AB3N004Phi,deg,48001,0,-179.39775178195276,-41.345811888775906,178.84542705628914
AB3N005Phi,deg,48001,0,-74.44087872905291,-33.96416788043602,54.18807312696697
AB3N006Phi,deg,48001,0,-48.925061517735536,-27.418018095391325,38.18925390307997
AB3N007Phi,deg,48001,0,-38.73976149450001,-22.799409721253728,30.546967633671102
AB3N008Phi,deg,48001,0,-33.59725757938214,-19.418025784258088,25.446042247186956
AB3N009Phi,deg,48001,0,-27.99370823255665,-16.877750830156508,22.01320577773525
AB3N010Phi,deg,48001,0,-24.96344726437741,-15.020300630468821,17.933710316565243
AB3N011Phi,deg,48001,0,-21.831344003792342,-13.76973756944023,15.94178052511613
AB3N012Phi,deg,48001,0,-19.944774610366192,-12.625301886758896,14.563254148201862
AB3N013Phi,deg,48001,0,-18.924503998890344,-11.78692996833022,14.910346300807293
AB3N014Phi,deg,48001,0,-18.15924099633215,-10.743518677098645,12.05866541385818
AB3N015Phi,deg,48001,0,-16.348877948529992,-9.581016196634947,11.350251702984337
AB3N016Phi,deg,48001,0,-15.174392709593825,-8.853502063450392,11.016678348955907
AB3N017Phi,deg,48001,0,-14.61396310802247,-8.33778245874793,9.909325280516606
AB3N018Phi,deg,48001,0,-14.88297563713561,-7.918473063152002,8.33199688423213
AB3N019Phi,deg,48001,0,0.0,0.0,0.0
AB1N001Alp,deg,48001,0,-13.308000000000018,-13.308000000000018,166.69200000000004
AB1N002Alp,deg,48001,0,-179.92217044448552,-78.02146411321495,179.9753981640909
AB1N003Alp,deg,48001,0,-179.34345355653338,-64.64852606861487,179.89186999716358
AB1N004Alp,deg,48001,0,-139.98727030184722,-54.54983663876655,95.20908391170484
AB1N005Alp,deg,48001,0,-90.95355839947814,-47.12507334721083,40.62324551280017
AB1N006Alp,deg,48001,0,-62.16653536944724,-38.788990265119544,29.672563712055325
AB1N007Alp,deg,48001,0,-48.75186526992873,-32.93014912553944,19.78299751286866
AB1N008Alp,deg,48001,0,-41.18002845617815,-28.42532773145265,17.013950840676458
AB1N009Alp,deg,48001,0,-35.322168808669474,-24.742554356250327,13.469162885376491
AB1N010Alp,deg,48001,0,-31.942677509773475,-21.640961936449326,12.062079624720761
AB1N011Alp,deg,48001,0,-27.353144289469448,-19.09234556106376,10.1685931563688
AB1N012Alp,deg,48001,0,-24.26711378250528,-16.79970436404957,10.077711987222782
AB1N013Alp,deg,48001,0,-21.821972339525257,-14.889059092204187,10.283435116821083
AB1N014Alp,deg,48001,0,-19.4070752217025,-13.063391803690903,9.511008132264854
AB1N015Alp,deg,48001,0,-17.977107100348675,-11.170973016312757,9.481750335733121
AB1N016Alp,deg,48001,0,-16.306712861928364,-9.72585117036945,9.172518383283572
AB1N017Alp,deg,48001,0,-15.534790789291396,-8.697204277749297,9.301166439906776
AB1N018Alp,deg,48001,0,-15.06211617693497,-8.009715695960557,8.798376453483316
AB1N019Alp,deg,48001,0,-0.1060000009632282,-0.10600000000005447,-0.10599999957421637
AB2N001Alp,deg,48001,0,-13.308000000000018,-13.308000000000018,166.69200000000004
AB2N002Alp,deg,48001,0,-179.98185715069124,-78.39491579731828,179.8994223714802
AB2N003Alp,deg,48001,0,-179.53866495930964,-64.58493020739009,179.7116761168451
AB2N004Alp,deg,48001,0,-147.98547913392977,-54.56091395001213,95.83083245964514
AB2N005Alp,deg,48001,0,-90.30977259489079,-47.16676936868465,43.74375183386461
AB2N006Alp,deg,48001,0,-59.710693156523206,-38.80920572326878,30.179581073854656
AB2N007Alp,deg,48001,0,-49.08647547743172,-32.8971567686795,20.10053736701698
AB2N008Alp,deg,48001,0,-41.733143923536986,-28.385171064101236,15.709020188887463
AB2N009Alp,deg,48001,0,-35.456584175327706,-24.670491437418605,12.77207003747009
AB2N010Alp,deg,48001,0,-32.370592208367114,-21.547630397218533,12.370757603957442
AB2N011Alp,deg,48001,0,-28.43019300337799,-19.060689919432697,10.862450414585364
AB2N012Alp,deg,48001,0,-24.288880902028477,-16.811201611836804,10.777281797707653
AB2N013Alp,deg,48001,0,-21.710731260691176,-14.894302746830578,9.45981253180114
AB2N014Alp,deg,48001,0,-19.912030092850944,-13.016141340666298,9.397285476667589
AB2N015Alp,deg,48001,0,-17.315283044865506,-11.11849831191861,9.371556019499096
AB2N016Alp,deg,48001,0,-16.139274371247364,-9.705543613861625,9.762534549920453
AB2N017Alp,deg,48001,0,-15.369288843298726,-8.702278091022862,9.353496705524117
AB2N018Alp,deg,48001,0,-15.01296364369009,-8.02761701669117,7.896207265631545
AB2N019Alp,deg,48001,0,-0.10600000009445333,-0.10600000000000358,-0.10599999981812674
AB3N001Alp,deg,48001,0,-13.308000000000018,-13.308000000000018,166.69200000000004
AB3N002Alp,deg,48001,0,-179.96041232430954,-78.88762681515007,179.99822369143618
AB3N003Alp,deg,48001,0,-179.86887151239853,-64.8540938917364,179.77794249653147
AB3N004Alp,deg,48001,0,-179.53126443462438,-54.64787562722729,178.43036249949333
AB3N005Alp,deg,48001,0,-87.74887872905323,-47.27216788044573,40.88007312696695
AB3N006Alp,deg,48001,0,-60.40506151773593,-38.89801809539158,26.709253903079993
AB3N007Alp,deg,48001,0,-48.901761494500256,-32.96140972125366,20.384967633671092
AB3N008Alp,deg,48001,0,-42.608257579384954,-28.429025784257867,16.435042247186935
AB3N009Alp,deg,48001,0,-35.788708232556196,-24.6727508301564,14.218205777735248
AB3N010Alp,deg,48001,0,-31.507447264377404,-21.564300630468825,11.389710316565244
AB3N011Alp,deg,48001,0,-27.19234400379269,-19.130737569440118,10.580780525116133
AB3N012Alp,deg,48001,0,-24.132774610366003,-16.81330188675897,10.37525414820186
AB3N013Alp,deg,48001,0,-22.049503998890444,-14.911929968330364,11.785346300807289
AB3N014Alp,deg,48001,0,-20.47824099633324,-13.062518677098703,9.739665413858177
AB3N015Alp,deg,48001,0,-17.87487794852759,-11.107016196636218,9.824251702984336
AB3N016Alp,deg,48001,0,-16.037392709593135,-9.716502063450301,10.15367834895591
AB3N017Alp,deg,48001,0,-14.983963108022584,-8.707782458748094,9.53932528051661
AB3N018Alp,deg,48001,0,-14.988975637128945,-8.02447306315219,8.225996884232128
AB3N019Alp,deg,48001,0,-0.1060000005030401,-0.10600000000000358,-0.10599999963976124
AB1N001The,deg,48001,0,13.30799999999996,13.308,13.308000000000035
AB1N002The,deg,48001,0,13.307999998787226,13.308000000000082,13.308000001229754
AB1N003The,deg,48001,0,13.307999998787228,13.308000000000082,13.308000001229754
AB1N004The,deg,48001,0,13.30799999878724,13.308000000000078,13.308000001229752
AB1N005The,deg,48001,0,13.307999998787228,13.3080000000001,13.308000001481272
AB1N006The,deg,48001,0,11.479999994064903,11.480000000000107,11.480000000287287
AB1N007The,deg,48001,0,10.161999997826307,10.16200000000003,10.16200000103966
AB1N008The,deg,48001,0,9.010999999538011,9.011,9.011000007788477
AB1N009The,deg,48001,0,7.794999997216843,7.794999999999989,7.795000002706683
AB1N010The,deg,48001,0,6.543999999999969,6.544,6.5440000000000325
AB1N011The,deg,48001,0,5.360999994375757,5.360999999999992,5.361000000109961
AB1N012The,deg,48001,0,4.187999994950636,4.188000000000005,4.1880000000649895
AB1N013The,deg,48001,0,3.124999999706353,3.1250000000001052,3.125000000998115
AB1N014The,deg,48001,0,2.318999999424719,2.319000000000141,2.319000000750148
AB1N015The,deg,48001,0,1.5259999989691795,1.5260000000002174,1.5260000001599372
AB1N016The,deg,48001,0,0.8629999989848054,0.8630000000001803,0.8630000006116076
AB1N017The,deg,48001,0,0.36999999978268217,0.37000000000013994,0.37000000084081985
AB1N018The,deg,48001,0,0.10599999957423345,0.1060000000000121,0.10600000061144602
AB1N019The,deg,48001,0,0.10599999957423345,0.10600000000004449,0.10600000096323736
AB2N001The,deg,48001,0,13.307999999999966,13.308,13.308000000000039
AB2N002The,deg,48001,0,13.307999999730413,13.308000000000089,13.30800000034831
AB2N003The,deg,48001,0,13.307999999730416,13.308000000000089,13.30800000034831
AB2N004The,deg,48001,0,13.307999999730415,13.308000000000092,13.308000000348336
AB2N005The,deg,48001,0,13.307999999664805,13.308000000000092,13.308000000348288
AB2N006The,deg,48001,0,11.479999989729473,11.480000000000063,11.480000000296444
AB2N007The,deg,48001,0,10.161999995315954,10.162000000000006,10.1620000056327
AB2N008The,deg,48001,0,9.010999998844115,9.011000000000003,9.011000000319886
AB2N009The,deg,48001,0,7.794999998649322,7.7949999999999635,7.795000000581388
AB2N010The,deg,48001,0,6.543999999999957,6.543999999999999,6.544000000000035
AB2N011The,deg,48001,0,5.3609999985346795,5.3609999999999784,5.361000000412216
AB2N012The,deg,48001,0,4.187999999766571,4.187999999999987,4.188000000094681
AB2N013The,deg,48001,0,3.124999998482725,3.125000000000101,3.1250000102576068
AB2N014The,deg,48001,0,2.318999999640937,2.3190000000001567,2.319000000196123
AB2N015The,deg,48001,0,1.5259999997065181,1.526000000000173,1.5260000042227568
AB2N016The,deg,48001,0,0.8629999858213337,0.8630000000001382,0.8630000003021925
AB2N017The,deg,48001,0,0.36999999977693704,0.37000000000009436,0.37000000041419523
AB2N018The,deg,48001,0,0.10599999988524218,0.10599999999999836,0.1060000000944363
AB2N019The,deg,48001,0,0.10599999981813074,0.10600000000002258,0.10600000009443948
AB3N001The,deg,48001,0,13.307999999999966,13.308000000000002,13.308000000000035
AB3N002The,deg,48001,0,13.307999999205908,13.308000000000003,13.308000000337517
AB3N003The,deg,48001,0,13.307999999205897,13.308000000000003,13.30800000033751
AB3N004The,deg,48001,0,13.307999999205897,13.308000000000003,13.30800000033751
AB3N005The,deg,48001,0,13.307999999205897,13.308000000000005,13.30800000033751
AB3N006The,deg,48001,0,11.479999997885614,11.480000000000015,11.480000005376924
AB3N007The,deg,48001,0,10.161999999191746,10.161999999999999,10.162000001073666
AB3N008The,deg,48001,0,9.0109999998893,9.011000000000003,9.011000000104934
AB3N009The,deg,48001,0,7.794999998596327,7.7949999999999955,7.795000000142505
AB3N010The,deg,48001,0,6.543999999999967,6.544,6.544000000000034
AB3N011The,deg,48001,0,5.360999986522572,5.360999999999991,5.361000000485768
AB3N012The,deg,48001,0,4.1879999998673405,4.188000000000005,4.1880000001987945
AB3N013The,deg,48001,0,3.124999999779253,3.125000000000002,3.125000000161381
AB3N014The,deg,48001,0,2.318999999811145,2.319000000000006,2.3190000002220033
AB3N015The,deg,48001,0,1.5259999996199178,1.526,1.5260000000878426
AB3N016The,deg,48001,0,0.8629999997689771,0.8629999999999937,0.8630000006241014
AB3N017The,deg,48001,0,0.36999999991153254,0.3700000000000012,0.3700000001589464
AB3N018The,deg,48001,0,0.1059999996397856,0.10600000000001904,0.10600000050305926
AB3N019The,deg,48001,0,0.1059999996397856,0.10600000000001107,0.10600000050305924
AB1N001AxI,-,48001,0,1.0,1.0,1.0
AB1N002AxI,-,48001,0,0.0,0.0,0.0
AB1N003AxI,-,48001,0,0.0,0.0,0.0
AB1N004AxI,-,48001,0,0.0,0.0,0.0
AB1N005AxI,-,48001,0,-1.0,-0.08297095671198336,0.2811753488694327
AB1N006AxI,-,48001,0,-1.0,-0.11437029394931074,0.27296619822589635
AB1N007AxI,-,48001,0,-1.0,-0.129475160689025,0.24997118419816278
AB1N008AxI,-,48001,0,-1.0,-0.14067933657132786,0.2485290728898022
AB1N009AxI,-,48001,0,-1.0,-0.14365310801126535,0.29175640495659105
AB1N010AxI,-,48001,0,-1.0,-0.1446609921806301,0.32050042753057884
AB1N011AxI,-,48001,0,-1.0,-0.16152350039883842,0.48576087445919275
AB1N012AxI,-,48001,0,-1.0,-0.1790610210456301,0.8412810973307284
AB1N013AxI,-,48001,0,-1.0,-0.21175884549508786,1.5
AB1N014AxI,-,48001,0,-0.638541685879804,-0.21298072007084945,1.5
AB1N015AxI,-,48001,0,-0.33431794720407826,-0.20418923141981687,1.5
AB1N016AxI,-,48001,0,-0.22190912040961913,-0.19010515517674992,1.5
AB1N017AxI,-,48001,0,-0.19877941033428595,-0.18789356116311567,1.5
AB1N018AxI,-,48001,0,-0.20512296563707214,-0.19286892543115203,1.5
AB1N019AxI,-,48001,0,1.0,1.0,1.0
AB2N001AxI,-,48001,0,1.0,1.0,1.0
AB2N002AxI,-,48001,0,0.0,0.0,0.0
AB2N003AxI,-,48001,0,0.0,0.0,0.0
AB2N004AxI,-,48001,0,0.0,0.0,0.0
AB2N005AxI,-,48001,0,-1.0,-0.08339283010606005,0.28117534904613817
AB2N006AxI,-,48001,0,-1.0,-0.11406519081689018,0.27296618898312985
AB2N007AxI,-,48001,0,-1.0,-0.13076868113861784,0.24997118441339322
AB2N008AxI,-,48001,0,-1.0,-0.1413269767524866,0.24852910774749004
AB2N009AxI,-,48001,0,-1.0,-0.14297125711135325,0.29175640772347045
AB2N010AxI,-,48001,0,-1.0,-0.14517650781519725,0.32050041292428516
AB2N011AxI,-,48001,0,-1.0,-0.1615855868599299,0.4857608831093845
AB2N012AxI,-,48001,0,-1.0,-0.17886555076883182,0.8412806277368537
AB2N013AxI,-,48001,0,-1.0,-0.21000083492977178,1.5
AB2N014AxI,-,48001,0,-0.6385984455646008,-0.21218269688173652,1.5
AB2N015AxI,-,48001,0,-0.33431790757356517,-0.20429979394709252,1.5
AB2N016AxI,-,48001,0,-0.22190870459529688,-0.19059789146234998,1.5
AB2N017AxI,-,48001,0,-0.1987794103120448,-0.18794221810391598,1.5
AB2N018AxI,-,48001,0,-0.2051229011388795,-0.19300975150801772,1.5
AB2N019AxI,-,48001,0,1.0,1.0,1.0
AB3N001AxI,-,48001,0,1.0,1.0,1.0
AB3N002AxI,-,48001,0,0.0,0.0,0.0
AB3N003AxI,-,48001,0,0.0,0.0,0.0
AB3N004AxI,-,48001,0,0.0,0.0,0.0
AB3N005AxI,-,48001,0,-1.0,-0.08367239304339728,0.28117534348773005
AB3N006AxI,-,48001,0,-1.0,-0.1142995865082729,0.2729661902858604
AB3N007AxI,-,48001,0,-1.0,-0.13005333165327088,0.24997118341890862
AB3N008AxI,-,48001,0,-1.0,-0.14157523239524736,0.2485291075413703
AB3N009AxI,-,48001,0,-1.0,-0.14341803588079902,0.29175632432305276
AB3N010AxI,-,48001,0,-1.0,-0.14472811431244315,0.3205004276103548
AB3N011AxI,-,48001,0,-1.0,-0.161426949062544,0.48576088270271517
AB3N012AxI,-,48001,0,-1.0,-0.17934615926990571,0.841280866448362
AB3N013AxI,-,48001,0,-1.0,-0.21125706131117108,1.5
AB3N014AxI,-,48001,0,-0.6385915683325044,-0.21290267817707148,1.5
AB3N015AxI,-,48001,0,-0.3343179391317923,-0.20409947965249767,1.5
AB3N016AxI,-,48001,0,-0.22190856613603038,-0.1906702427201291,1.5
AB3N017AxI,-,48001,0,-0.19877941030778853,-0.1879048994164377,1.5
AB3N018AxI,-,48001,0,-0.20512262172149484,-0.1929401912189484,1.5
AB3N019AxI,-,48001,0,1.0,1.0,1.0
AB1N001TnI,-,48001,0,0.0,0.0,0.0
AB1N002TnI,-,48001,0,0.0,0.0,0.0
AB1N003TnI,-,48001,0,0.0,0.0,0.0
AB1N004TnI,-,48001,0,0.0,0.0,0.0
AB1N005TnI,-,48001,0,-0.009165570212053047,0.050849342397293204,0.1749995052690031
AB1N006TnI,-,48001,0,-0.0125532095036275,0.037042317387780625,0.07636879584299955
AB1N007TnI,-,48001,0,-0.009563805016179561,0.02641699232627861,0.05274235900551146
AB1N008TnI,-,48001,0,-0.006390439955605907,0.01999928801775397,0.03662504815241765
AB1N009TnI,-,48001,0,-0.002966867092711294,0.014919493840076849,0.026474839496530404
AB1N010TnI,-,48001,0,-0.00161486285272637,0.01180512465312799,0.021423850241315875
AB1N011TnI,-,48001,0,-0.00031492831760068107,0.010565510241176435,0.01711936415551111
AB1N012TnI,-,48001,0,-1.111354009253725e-06,0.009518257845370257,0.014329807711824278
AB1N013TnI,-,48001,0,-0.004034432162724289,0.009194298568200629,0.012229954547893917
AB1N014TnI,-,48001,0,-0.004005751625586383,0.007731155849592563,0.010261640960781684
AB1N015TnI,-,48001,0,-0.003853534897025433,0.005804236626860261,0.009232701501785675
AB1N016TnI,-,48001,0,-0.003785703399494861,0.004777788593911608,0.008727975650671654
AB1N017TnI,-,48001,0,-0.003865818957596396,0.004228033873492082,0.009228772627132197
AB1N018TnI,-,48001,0,-0.0037763832805601193,0.0039203720146785545,0.010052507435063496
AB1N019TnI,-,48001,0,0.0,0.0,0.0
AB2N001TnI,-,48001,0,0.0,0.0,0.0
AB2N002TnI,-,48001,0,0.0,0.0,0.0
AB2N003TnI,-,48001,0,0.0,0.0,0.0
AB2N004TnI,-,48001,0,0.0,0.0,0.0
AB2N005TnI,-,48001,0,-0.009162240617479138,0.050882429272083605,0.1859897411684659
AB2N006TnI,-,48001,0,-0.012553445042954406,0.037062291172727926,0.07700698524221501
AB2N007TnI,-,48001,0,-0.009564032493491767,0.026379108123014285,0.052743345370876896
AB2N008TnI,-,48001,0,-0.006395042748907602,0.019979934128454738,0.03667192324566502
AB2N009TnI,-,48001,0,-0.002970735371853728,0.014927872254638822,0.026469210393213944
AB2N010TnI,-,48001,0,-0.0016116199327957167,0.011823789431377976,0.02142409869209347
AB2N011TnI,-,48001,0,-0.0003165750637348412,0.010571267406137824,0.01711011486371705
AB2N012TnI,-,48001,0,-1.1373724701744157e-06,0.009517327754042511,0.0143301839602655
AB2N013TnI,-,48001,0,-0.004029091660690496,0.009188350811279288,0.011760628097309805
AB2N014TnI,-,48001,0,-0.00400796628771976,0.00770431955178958,0.010189086296378809
AB2N015TnI,-,48001,0,-0.003858499024696385,0.00580156139205036,0.009160753050360782
AB2N016TnI,-,48001,0,-0.0037864158858674467,0.00476351057753177,0.009133823891416903
AB2N017TnI,-,48001,0,-0.0038609093108863636,0.004209901280291872,0.009167489583340844
AB2N018TnI,-,48001,0,-0.0037748952370314608,0.0038919563048715067,0.010030971679862265
AB2N019TnI,-,48001,0,0.0,0.0,0.0
AB3N001TnI,-,48001,0,0.0,0.0,0.0
AB3N002TnI,-,48001,0,0.0,0.0,0.0
AB3N003TnI,-,48001,0,0.0,0.0,0.0
AB3N004TnI,-,48001,0,0.0,0.0,0.0
AB3N005TnI,-,48001,0,-0.009160605136765742,0.05089236012955308,0.1758104490905725
AB3N006TnI,-,48001,0,-0.012553692976630922,0.03703527006339163,0.0735199969583423
AB3N007TnI,-,48001,0,-0.009564036659076515,0.026436905696455543,0.052743290972369475
AB3N008TnI,-,48001,0,-0.006391940474045729,0.01998904981283958,0.0366669611261694
AB3N009TnI,-,48001,0,-0.002971316878760323,0.014917464041037736,0.026475099760892965
AB3N010TnI,-,48001,0,-0.0016149614280071493,0.011811909177455117,0.021417781138542386
AB3N011TnI,-,48001,0,-0.000316974449474673,0.010564486060918855,0.017118703040840958
AB3N012TnI,-,48001,0,-1.1161094311770775e-06,0.009522872804140499,0.014332980595566203
AB3N013TnI,-,48001,0,-0.004030626740410613,0.009202190362941492,0.01283233262393645
AB3N014TnI,-,48001,0,-0.004001600692489592,0.007746283025313835,0.010395938672391528
AB3N015TnI,-,48001,0,-0.003858385619725358,0.0058002463454272955,0.009440491716391237
AB3N016TnI,-,48001,0,-0.0037849311694402427,0.004784445837238067,0.009379243853474226
AB3N017TnI,-,48001,0,-0.003863044543941405,0.004233101919502385,0.009301861214937073
AB3N018TnI,-,48001,0,-0.0037751577830661734,0.003908848849198207,0.010018562772925463
AB3N019TnI,-,48001,0,0.0,0.0,0.0
AB1N001Cl,-,48001,0,0.0,0.0,0.0
AB1N002Cl,-,48001,0,0.0,0.0,0.0
AB1N003Cl,-,48001,0,0.0,0.0,0.0
AB1N004Cl,-,48001,0,0.0,0.0,0.0
AB1N005Cl,-,48001,0,-0.8859995945727188,-0.812733061755294,1.9288993709471185
AB1N006Cl,-,48001,0,-0.8889998834593045,-0.8707517732457374,1.7169926805927562
AB1N007Cl,-,48001,0,-0.8889997892858195,-0.8657822797444513,1.7169902276311484
AB1N008Cl,-,48001,0,-1.2898687573753411,-0.857969258079533,1.556750691934008
AB1N009Cl,-,48001,0,-0.984917125758311,-0.8128228390716074,1.4419410962353691
AB1N010Cl,-,48001,0,-0.984995356741159,-0.7967881679860783,1.4419276706655137
AB1N011Cl,-,48001,0,-1.0499648428902897,-0.8503045154891686,1.4029293999480454
AB1N012Cl,-,48001,0,-1.0499944596623911,-0.919997473309387,1.4027882173601867
AB1N013Cl,-,48001,0,-1.1129997048431985,-1.0465701311290359,1.3922036642055589
AB1N014Cl,-,48001,0,-1.1129997755285619,-1.0162104487600376,1.3565724228777725
AB1N015Cl,-,48001,0,-1.112986636038853,-0.8235843825823375,1.3549050201439874
AB1N016Cl,-,48001,0,-1.1129267208626852,-0.6791987357628564,1.3363511029970143
AB1N017Cl,-,48001,0,-1.109278326314331,-0.5595729004966677,1.3440699863944066
AB1N018Cl,-,48001,0,-1.1054969294154797,-0.4791367364273851,1.3126928459298988
AB1N019Cl,-,48001,0,0.42991599989019197,0.4299159999999938,0.42991600004853936
AB2N001Cl,-,48001,0,0.0,0.0,0.0
AB2N002Cl,-,48001,0,0.0,0.0,0.0
AB2N003Cl,-,48001,0,0.0,0.0,0.0
AB2N004Cl,-,48001,0,0.0,0.0,0.0
AB2N005Cl,-,48001,0,-0.8859994044652963,-0.8141283317356501,1.9288385796570275
AB2N006Cl,-,48001,0,-0.8889996199970699,-0.8707205070351764,1.7169334165423646
AB2N007Cl,-,48001,0,-0.8889996432903163,-0.8654522413613125,1.71686279142691
AB2N008Cl,-,48001,0,-1.2896771627972223,-0.8575921038238563,1.5579401333311511
AB2N009Cl,-,48001,0,-0.9848531813560091,-0.812931238863279,1.4416772649971048
AB2N010Cl,-,48001,0,-0.9849331713978687,-0.7974624662655385,1.4419747030617884
AB2N011Cl,-,48001,0,-1.0499908684034376,-0.8497610111006871,1.4029748859894653
AB2N012Cl,-,48001,0,-1.0499762743283008,-0.9195936859877906,1.4029891836236805
AB2N013Cl,-,48001,0,-1.1129998164377486,-1.0442920891287208,1.3535887519080685
AB2N014Cl,-,48001,0,-1.1129993010817303,-1.0106658998343552,1.3498371286000554
AB2N015Cl,-,48001,0,-1.1129984092682645,-0.8184943362561053,1.3482933611699457
AB2N016Cl,-,48001,0,-1.1126813812960914,-0.6768430592079484,1.3696517965958634
AB2N017Cl,-,48001,0,-1.1079543107463898,-0.5601665366496749,1.347209802331447
AB2N018Cl,-,48001,0,-1.1051037091495206,-0.4812311909528669,1.2491117521879973
AB2N019Cl,-,48001,0,0.42991599998923236,0.4299159999999996,0.42991600002073355
AB3N001Cl,-,48001,0,0.0,0.0,0.0
AB3N002Cl,-,48001,0,0.0,0.0,0.0
AB3N003Cl,-,48001,0,0.0,0.0,0.0
AB3N004Cl,-,48001,0,0.0,0.0,0.0
AB3N005Cl,-,48001,0,-0.8859996932237064,-0.8147284169010519,1.9287145061903872
AB3N006Cl,-,48001,0,-0.8889999332121116,-0.8713117260196686,1.7169762511065654
AB3N007Cl,-,48001,0,-0.8889996581503794,-0.8657842665565355,1.7169828655651667
AB3N008Cl,-,48001,0,-1.289685886593124,-0.8575280340250516,1.5578143423714332
AB3N009Cl,-,48001,0,-0.9849146822737226,-0.8126307438542137,1.441910162799769
AB3N010Cl,-,48001,0,-0.9849010603513727,-0.797017220113769,1.4413486421073294
AB3N011Cl,-,48001,0,-1.0499924474798448,-0.8497530615956767,1.4029107336939715
AB3N012Cl,-,48001,0,-1.04998090982557,-0.9202698241407973,1.4029789764292997
AB3N013Cl,-,48001,0,-1.1129998418465814,-1.046036546156465,1.430136233414531
AB3N014Cl,-,48001,0,-1.1129973533679614,-1.0151090126677402,1.3684626015206252
AB3N015Cl,-,48001,0,-1.1129857346408283,-0.8173805710737133,1.3728610885551855
AB3N016Cl,-,48001,0,-1.1128963789211097,-0.678114239360235,1.3875324205624127
AB3N017Cl,-,48001,0,-1.1045670039166098,-0.560810547673527,1.3580449145868638
AB3N018Cl,-,48001,0,-1.1047023422024815,-0.4808633483888062,1.2732717756647132
AB3N019Cl,-,48001,0,0.42991599994265345,0.4299159999999996,0.4299160000410672
AB1N001Cd,-,48001,0,0.5,0.5,0.5
AB1N002Cd,-,48001,0,0.5,0.5,0.5
AB1N003Cd,-,48001,0,0.5,0.5,0.5
AB1N004Cd,-,48001,0,0.35,0.35,0.35
AB1N005Cd,-,48001,0,0.011300169791939058,0.7829695580746622,1.346610277375666
AB1N006Cd,-,48001,0,0.009400276154447305,0.6183938964757766,1.1017911643032685
AB1N007Cd,-,48001,0,0.009400099686690115,0.4819622537474934,0.8431908121060406
AB1N008Cd,-,48001,0,0.0087,0.4142085116048948,0.7180126658745687
AB1N009Cd,-,48001,0,0.0065,0.33812726106500757,0.5907158152983215
AB1N010Cd,-,48001,0,0.0065,0.2642035674430085,0.5087293563871046
AB1N011Cd,-,48001,0,0.0057,0.17442868825597677,0.37967525577200795
AB1N012Cd,-,48001,0,0.0057,0.1145524021560739,0.3077908649148783
AB1N013Cd,-,48001,0,0.0052,0.050704289123545555,0.22512468912579914
AB1N014Cd,-,48001,0,0.0052,0.015188748525167264,0.1636175880647327
AB1N015Cd,-,48001,0,0.0052,0.012352449028974909,0.12822538821875173
AB1N016Cd,-,48001,0,0.0052,0.010858562694118662,0.08629849283440193
AB1N017Cd,-,48001,0,0.0052,0.009763944468093694,0.06692324881121405
AB1N018Cd,-,48001,0,0.0052,0.009204524886039085,0.055059116041067765
AB1N019Cd,-,48001,0,0.0052,0.0052,0.0052
AB2N001Cd,-,48001,0,0.5,0.5,0.5
AB2N002Cd,-,48001,0,0.5,0.5,0.5
AB2N003Cd,-,48001,0,0.5,0.5,0.5
AB2N004Cd,-,48001,0,0.35,0.35,0.35
AB2N005Cd,-,48001,0,0.011300355663247786,0.7849717376028513,1.4312846955304328
AB2N006Cd,-,48001,0,0.00940032271318626,0.6193844309310398,1.0606073204375928
AB2N007Cd,-,48001,0,0.00940009267651045,0.4811981507626173,0.8505120834462061
AB2N008Cd,-,48001,0,0.0087,0.4132881207892003,0.7309555678107655
AB2N009Cd,-,48001,0,0.0065,0.3364554013481117,0.5939767320934501
AB2N010Cd,-,48001,0,0.0065,0.26191694473185406,0.5191105669749863
AB2N011Cd,-,48001,0,0.0057,0.17359614488107994,0.40442583521762626
AB2N012Cd,-,48001,0,0.0057,0.11484788142420582,0.308319805919292
AB2N013Cd,-,48001,0,0.0052,0.05083642922013056,0.2222657933997632
AB2N014Cd,-,48001,0,0.0052,0.015122597876932818,0.17629195533055872
AB2N015Cd,-,48001,0,0.0052,0.012272658307807794,0.11161360442612417
AB2N016Cd,-,48001,0,0.0052,0.01086649370053432,0.0820957867183088
AB2N017Cd,-,48001,0,0.0052,0.009769469794358535,0.06276914996679803
AB2N018Cd,-,48001,0,0.0052,0.009214431357707217,0.053825387456621285
AB2N019Cd,-,48001,0,0.0052,0.0052,0.0052
AB3N001Cd,-,48001,0,0.5,0.5,0.5
AB3N002Cd,-,48001,0,0.5,0.5,0.5
AB3N003Cd,-,48001,0,0.5,0.5,0.5
AB3N004Cd,-,48001,0,0.35,0.35,0.35
AB3N005Cd,-,48001,0,0.011301557342084883,0.7868809495473237,1.3380310307008485
AB3N006Cd,-,48001,0,0.00940286462460083,0.6208797423464394,1.0726916162729976
AB3N007Cd,-,48001,0,0.009400273600705241,0.48268624914423475,0.8464705414996656
AB3N008Cd,-,48001,0,0.0087,0.4142932709751903,0.751433227357608
AB3N009Cd,-,48001,0,0.0065,0.33650781925962847,0.6020340617218134
AB3N010Cd,-,48001,0,0.0065,0.26232536544648616,0.4981706706337959
AB3N011Cd,-,48001,0,0.0057,0.17543839807627506,0.3759800652071561
AB3N012Cd,-,48001,0,0.0057,0.11490185848970555,0.3045264230318938
AB3N013Cd,-,48001,0,0.0052,0.05128526345813926,0.23098215357126253
AB3N014Cd,-,48001,0,0.0052,0.015187526147938184,0.19069514540649768
AB3N015Cd,-,48001,0,0.0052,0.012294550943486988,0.12565943650804254
AB3N016Cd,-,48001,0,0.0052,0.010892931308128944,0.07953855701078771
AB3N017Cd,-,48001,0,0.0052,0.009778836573647148,0.053095870322169135
AB3N018Cd,-,48001,0,0.0052,0.009220327183301012,0.053222186055649434
AB3N019Cd,-,48001,0,0.0052,0.0052,0.0052
AB1N001Cx,-,48001,0,-6.123233995736766e-17,0.0,6.123233995736766e-17
AB1N002Cx,-,48001,0,-0.4999999999025236,-0.4310068598435168,0.4999999999048966
AB1N003Cx,-,48001,0,-0.4999999996403484,-0.38669758955739736,0.49999999003155976
AB1N004Cx,-,48001,0,-0.349999923411649,-0.2307335408448617,0.34999639062901006
AB1N005Cx,-,48001,0,-1.3374142704566587,-1.1492578089950478,2.17422487648935
AB1N006Cx,-,48001,0,-1.286100205017655,-1.0716651652362066,1.5972981083042206
AB1N007Cx,-,48001,0,-1.18933192226727,-0.9849716447398269,1.5922276648684228
AB1N008Cx,-,48001,0,-1.3001540613173719,-0.951773013233479,1.4651159304803483
AB1N009Cx,-,48001,0,-1.0652013926918191,-0.8706166290261623,1.3809687078986146
AB1N010Cx,-,48001,0,-1.0077652755487243,-0.8449525453539595,1.3896882347581268
AB1N011Cx,-,48001,0,-1.0456422186908054,-0.8774486106817541,1.3635549719122477
AB1N012Cx,-,48001,0,-1.0431846007293508,-0.9296390776078431,1.369714251846191
AB1N013Cx,-,48001,0,-1.102531288913259,-1.0392902287440606,1.359270985224264
AB1N014Cx,-,48001,0,-1.1000113887177239,-1.0024901891256808,1.3306938141070148
AB1N015Cx,-,48001,0,-1.0973024780813072,-0.8140073836623937,1.3327022047358799
AB1N016Cx,-,48001,0,-1.0948118124287758,-0.6727485698540232,1.3183168257437499
AB1N017Cx,-,48001,0,-1.0881572678087372,-0.5550720952414864,1.3273237857168636
AB1N018Cx,-,48001,0,-1.0822564786778412,-0.47583759857041763,1.2989399689505456
AB1N019Cx,-,48001,0,0.42991599989019197,0.4299159999999938,0.42991600004853936
AB2N001Cx,-,48001,0,-6.123233995736766e-17,0.0,6.123233995736766e-17
AB2N002Cx,-,48001,0,-0.4999999995682858,-0.43362663100975796,0.49999999926702204
AB2N003Cx,-,48001,0,-0.4999999984813075,-0.38604875276458034,0.49999997829998877
AB2N004Cx,-,48001,0,-0.34999999063556586,-0.23078441796645313,0.3499993577639637
AB2N005Cx,-,48001,0,-1.3373640930708817,-1.1496630197324447,2.2022858643123664
AB2N006Cx,-,48001,0,-1.2732726161417829,-1.0719643398961436,1.6059866534979323
AB2N007Cx,-,48001,0,-1.1928466180537551,-0.9844063278412072,1.592098651845748
AB2N008Cx,-,48001,0,-1.2999463400902318,-0.9510267427236188,1.4660098705064077
AB2N009Cx,-,48001,0,-1.06709173723163,-0.8702670483289859,1.3807564739117641
AB2N010Cx,-,48001,0,-1.0152801452021356,-0.8451363089523309,1.389742834292883
AB2N011Cx,-,48001,0,-1.0456683942975107,-0.8772047184231259,1.3635975093876902
AB2N012Cx,-,48001,0,-1.0431678116112717,-0.9293463278008237,1.3701066249317408
AB2N013Cx,-,48001,0,-1.1025313132324857,-1.0372720267466393,1.3241716649042177
AB2N014Cx,-,48001,0,-1.1000107657417237,-0.9983653391401371,1.324588087326026
AB2N015Cx,-,48001,0,-1.0973186060975728,-0.8090920469639556,1.3266487573053665
AB2N016Cx,-,48001,0,-1.0944892624125946,-0.6704504207364541,1.3488712892739243
AB2N017Cx,-,48001,0,-1.0864503411940274,-0.5556537208734721,1.3302367140127844
AB2N018Cx,-,48001,0,-1.081757839626398,-0.47789625082187964,1.2386591099082547
AB2N019Cx,-,48001,0,0.42991599998923236,0.4299159999999996,0.42991600002073355
AB3N001Cx,-,48001,0,-6.123233995736766e-17,0.0,6.123233995736766e-17
AB3N002Cx,-,48001,0,-0.4999999999670716,-0.43327630565727987,0.49999999625136377
AB3N003Cx,-,48001,0,-0.49999998898507075,-0.38689731358745694,0.499999980534441
AB3N004Cx,-,48001,0,-0.34999999596088427,-0.23114618600324877,0.3499996112896293
AB3N005Cx,-,48001,0,-1.3351944219028173,-1.1506904251599515,2.176321616721979
AB3N006Cx,-,48001,0,-1.2773575482024182,-1.0732804832395717,1.576967527920296
AB3N007Cx,-,48001,0,-1.190901069307471,-0.9855076433532995,1.5922178245072536
AB3N008Cx,-,48001,0,-1.2999553642191448,-0.951495644738286,1.4659153603971147
AB3N009Cx,-,48001,0,-1.0717941596685017,-0.869575530368221,1.380922365600189
AB3N010Cx,-,48001,0,-1.000190531062544,-0.8451157418995129,1.3891901546861354
AB3N011Cx,-,48001,0,-1.0456694406201188,-0.8770424872191757,1.3634666892072773
AB3N012Cx,-,48001,0,-1.043172091188906,-0.92984106006933,1.3700867071172629
AB3N013Cx,-,48001,0,-1.102531346265915,-1.0388396633046786,1.3964856211353027
AB3N014Cx,-,48001,0,-1.1000085530373114,-1.00172702848896,1.3413239425004906
AB3N015Cx,-,48001,0,-1.0973069966054465,-0.8080162287341708,1.348914923506513
AB3N016Cx,-,48001,0,-1.0948175912544733,-0.6716905979717476,1.3655160281737042
AB3N017Cx,-,48001,0,-1.0822280972764475,-0.5562846808316303,1.3402550446161217
AB3N018Cx,-,48001,0,-1.0813121593165251,-0.4775347118759697,1.2616685837438084
AB3N019Cx,-,48001,0,0.42991599994265345,0.4299159999999996,0.4299160000410672
AB1N001Cy,-,48001,0,-0.5,-0.5,0.5
AB1N002Cy,-,48001,0,-0.49999986137748487,-0.16161720471479052,0.4999999985746187
AB1N003Cy,-,48001,0,-0.4999999875425802,-0.2758983127567879,0.49999521022295135
AB1N004Cy,-,48001,0,-0.34999999902715095,-0.24597733338179623,0.2090672584867637
AB1N005Cy,-,48001,0,-0.19319781015180337,-0.16966392680577586,0.7578356636486877
AB1N006Cy,-,48001,0,-0.1684861948701193,-0.1425553311559284,0.6810675796726257
AB1N007Cy,-,48001,0,-0.12967159633720426,-0.1092913677274136,0.6447258552368722
AB1N008Cy,-,48001,0,-0.13353110312924032,-0.10818158384480131,0.5280619889342946
AB1N009Cy,-,48001,0,-0.11097596467701842,-0.09019707916852773,0.416046328459956
AB1N010Cy,-,48001,0,-0.08466800586628076,-0.047964323197987824,0.38598398215249946
AB1N011Cy,-,48001,0,-0.04755168765088358,0.031164138233462785,0.3387980058502091
AB1N012Cy,-,48001,0,-0.016764317394522776,0.08675769601493327,0.31038902175852406
AB1N013Cy,-,48001,0,-0.007086041105519462,0.15823579679842942,0.3017969371851083
AB1N014Cy,-,48001,0,-0.007524621852158085,0.17184173848019507,0.26409778986754495
AB1N015Cy,-,48001,0,-0.008451497261290694,0.132620602529888,0.24469615248247195
AB1N016Cy,-,48001,0,-0.009535212567979012,0.10418920601587808,0.2192409753603954
AB1N017Cy,-,48001,0,-0.010613763392955267,0.08415942430068575,0.22731755818637348
AB1N018Cy,-,48001,0,-0.012380353664281543,0.07052198187919292,0.2323066518230992
AB1N019Cy,-,48001,0,-0.0052,-0.0052,-0.0052
AB2N001Cy,-,48001,0,-0.5,-0.5,0.5
AB2N002Cy,-,48001,0,-0.4999999999979907,-0.15727684502143366,0.49999998884227337
AB2N003Cy,-,48001,0,-0.4999999916068287,-0.2747788297469712,0.4999872024726026
AB2N004Cy,-,48001,0,-0.34999999496062895,-0.2471737406987861,0.24609034076204722
AB2N005Cy,-,48001,0,-0.19319705622797714,-0.16972687528377545,0.7663258238631521
AB2N006Cy,-,48001,0,-0.16657130376260254,-0.14257966972359065,0.6810656558246657
AB2N007Cy,-,48001,0,-0.12989107011931744,-0.10924049232395144,0.6447311712194109
AB2N008Cy,-,48001,0,-0.13452095398267994,-0.10804079161574714,0.5291792047236247
AB2N009Cy,-,48001,0,-0.11130251752157616,-0.08991391415461311,0.4160402895033031
AB2N010Cy,-,48001,0,-0.08532769218359726,-0.04690090310462594,0.3859725281284415
AB2N011Cy,-,48001,0,-0.04950293483613899,0.031518549223102627,0.338806035762715
AB2N012Cy,-,48001,0,-0.016960309711038735,0.08641679255349644,0.3105064989620388
AB2N013Cy,-,48001,0,-0.007085976426730456,0.157673931481282,0.2810245455757768
AB2N014Cy,-,48001,0,-0.007524487711151757,0.17138043965648897,0.2602442519062506
AB2N015Cy,-,48001,0,-0.008451913875451153,0.1323658736393238,0.24103410952372617
AB2N016Cy,-,48001,0,-0.009536129339132882,0.10480916443903882,0.23813321033816523
AB2N017Cy,-,48001,0,-0.010612913241423366,0.08407372355970338,0.22732582677946417
AB2N018Cy,-,48001,0,-0.01240114992212192,0.06967081118323026,0.23227431351251848
AB2N019Cy,-,48001,0,-0.0052,-0.0052,-0.0052
AB3N001Cy,-,48001,0,-0.5,-0.5,0.5
AB3N002Cy,-,48001,0,-0.4999999984736414,-0.155231432293062,0.4999999991511186
AB3N003Cy,-,48001,0,-0.49999999417390817,-0.2756516868194433,0.4999980185672338
AB3N004Cy,-,48001,0,-0.3499999995861239,-0.24644058054782067,0.34998066519338794
AB3N005Cy,-,48001,0,-0.1931916113335548,-0.16988376204292915,0.7583369933638929
AB3N006Cy,-,48001,0,-0.1670424929081077,-0.142684303290327,0.6810672134207962
AB3N007Cy,-,48001,0,-0.12977444215510747,-0.10933900524574552,0.6447308803228595
AB3N008Cy,-,48001,0,-0.13585066553946523,-0.1081945113844543,0.529060921327428
AB3N009Cy,-,48001,0,-0.11207384055958941,-0.0899228419412855,0.41604403911818677
AB3N010Cy,-,48001,0,-0.08388725721173024,-0.04709080098958307,0.38610917006281337
AB3N011Cy,-,48001,0,-0.047198408956042825,0.030515731475116076,0.3386471827667487
AB3N012Cy,-,48001,0,-0.01555265128237071,0.08630819029401113,0.3109905722410429
AB3N013Cy,-,48001,0,-0.007086053561109012,0.15856427211123847,0.31351928154718234
AB3N014Cy,-,48001,0,-0.00752455032845356,0.1719115110946773,0.27157719311486606
AB3N015Cy,-,48001,0,-0.00845215469590811,0.13197294562733247,0.25572206928871366
AB3N016Cy,-,48001,0,-0.009536140874253446,0.10493058166569921,0.24689675748603399
AB3N017Cy,-,48001,0,-0.010613538023571734,0.08446584335254471,0.2273098833134732
AB3N018Cy,-,48001,0,-0.012378951487663277,0.07033384663861948,0.23230127005770856
AB3N019Cy,-,48001,0,-0.0052,-0.0052,-0.0052
AB1N001Fl,N/m,48001,0,-3.1554436208840472e-30,0.0,3.1554436208840472e-30
AB1N002Fl,N/m,48001,0,-4.263256414560601e-14,0.0,2.842170943040401e-14
AB1N003Fl,N/m,48001,0,-8.526512829121202e-14,0.0,5.684341886080802e-14
AB1N004Fl,N/m,48001,0,-5.684341886080802e-14,0.0,5.684341886080802e-14
AB1N005Fl,N/m,48001,0,-2384.5486168148086,-760.5880049640717,2415.832221498866
AB1N006Fl,N/m,48001,0,-3145.468263894082,-1286.5646464590213,3485.2854924892335
AB1N007Fl,N/m,48001,0,-3689.3762433737493,-1785.144864380697,4717.922812783504
AB1N008Fl,N/m,48001,0,-6542.130536232125,-2360.4622720525663,5303.687753962679
AB1N009Fl,N/m,48001,0,-6273.617627411705,-2794.901808151582,5926.871872825828
AB1N010Fl,N/m,48001,0,-7111.228446815192,-3257.6028316841257,6870.089665774746
AB1N011Fl,N/m,48001,0,-9089.060217330523,-4038.9176435208474,7625.563494111891
AB1N012Fl,N/m,48001,0,-9215.761729723154,-4942.531753233447,8339.364352219514
AB1N013Fl,N/m,48001,0,-10140.741478798902,-6249.985899934438,9222.944438870212
AB1N014Fl,N/m,48001,0,-10361.704072501125,-6561.700119108065,9807.887026652414
AB1N015Fl,N/m,48001,0,-10163.08606838284,-5848.492059589476,10580.509903887254
AB1N016Fl,N/m,48001,0,-10138.612653859205,-5010.733527900142,10678.581249106139
AB1N017Fl,N/m,48001,0,-9645.429586482744,-4100.494677251888,10190.768676067213
AB1N018Fl,N/m,48001,0,-6972.07211062512,-2637.2110806287687,7426.721626584006
AB1N019Fl,N/m,48001,0,1766.1392096263628,2381.375113183065,3332.350825199271
AB2N001Fl,N/m,48001,0,-3.1554436208840472e-30,0.0,3.1554436208840472e-30
AB2N002Fl,N/m,48001,0,-5.684341886080802e-14,0.0,5.684341886080802e-14
AB2N003Fl,N/m,48001,0,-5.684341886080802e-14,0.0,5.684341886080802e-14
AB2N004Fl,N/m,48001,0,-5.684341886080802e-14,0.0,8.526512829121202e-14
AB2N005Fl,N/m,48001,0,-2266.7472306674567,-755.7968757934418,2478.641306527295
AB2N006Fl,N/m,48001,0,-3050.2686486243083,-1279.6267913545867,3567.404718660891
AB2N007Fl,N/m,48001,0,-3692.29319263,-1778.1921526169294,4691.355593929391
AB2N008Fl,N/m,48001,0,-6714.572315799674,-2360.8946530238613,5419.274799803398
AB2N009Fl,N/m,48001,0,-6148.023926790895,-2803.3258782000394,5760.830899743212
AB2N010Fl,N/m,48001,0,-6960.876439523806,-3260.2621411650066,6818.413515809107
AB2N011Fl,N/m,48001,0,-9207.150524823363,-4041.0179325362483,7545.251060743677
AB2N012Fl,N/m,48001,0,-9549.089058492847,-4953.712077586239,8778.834018346117
AB2N013Fl,N/m,48001,0,-10150.932426949088,-6261.200044345057,8957.638286280695
AB2N014Fl,N/m,48001,0,-10430.301850078342,-6548.302911411552,9837.431124149947
AB2N015Fl,N/m,48001,0,-10386.91848695718,-5856.519987449046,10376.141445529845
AB2N016Fl,N/m,48001,0,-10051.57318903022,-4999.539273217411,10829.43241658077
AB2N017Fl,N/m,48001,0,-9796.008814775714,-4106.003690142062,10609.300269600431
AB2N018Fl,N/m,48001,0,-7068.117762302496,-2640.733788697883,7459.6072062499015
AB2N019Fl,N/m,48001,0,1745.487315233275,2382.5810902902767,3344.2410050327576
AB3N001Fl,N/m,48001,0,-3.1554436208840472e-30,0.0,3.1554436208840472e-30
AB3N002Fl,N/m,48001,0,-4.263256414560601e-14,0.0,4.263256414560601e-14
AB3N003Fl,N/m,48001,0,-5.684341886080802e-14,0.0,5.684341886080802e-14
AB3N004Fl,N/m,48001,0,-8.526512829121202e-14,0.0,8.526512829121202e-14
AB3N005Fl,N/m,48001,0,-2326.413888402005,-759.691356440275,2610.9280229909227
AB3N006Fl,N/m,48001,0,-3099.1209960469437,-1280.2659423946234,3911.2127040454047
AB3N007Fl,N/m,48001,0,-3806.7186432978187,-1774.7741919906068,4652.311979459131
AB3N008Fl,N/m,48001,0,-7031.332803166802,-2344.8258387525284,5025.834118191273
AB3N009Fl,N/m,48001,0,-6143.829019664657,-2790.631849762465,5775.864980643082
AB3N010Fl,N/m,48001,0,-7013.20895173859,-3254.0821575867826,7252.4617994854125
AB3N011Fl,N/m,48001,0,-8778.561240972736,-4035.1804775531295,7829.961707377027
AB3N012Fl,N/m,48001,0,-9144.834794345634,-4937.519805794453,9057.453380158264
AB3N013Fl,N/m,48001,0,-10075.854850461452,-6251.607375511116,9404.429209608852
AB3N014Fl,N/m,48001,0,-10261.391106828714,-6570.272424278057,10280.293088689245
AB3N015Fl,N/m,48001,0,-10167.516200729022,-5836.882617189717,10604.493491409123
AB3N016Fl,N/m,48001,0,-10430.27271328169,-4988.459100159804,10893.846540812192
AB3N017Fl,N/m,48001,0,-9712.464794304566,-4114.220366351942,10338.996937944676
AB3N018Fl,N/m,48001,0,-7011.867164482241,-2663.9287405929895,7346.461778815543
AB3N019Fl,N/m,48001,0,1698.6816064822829,2382.1889749100264,3309.70370945479
AB1N001Fd,N/m,48001,0,2.0939210267880154e-07,13.335011659661262,249.99455532629656
AB1N002Fd,N/m,48001,0,0.023100858612438928,143.486649926293,360.1310124679793
AB1N003Fd,N/m,48001,0,0.013298531252349303,202.24332163359406,553.6254269734279
AB1N004Fd,N/m,48001,0,1.2005240110415394,211.19476650583482,546.8775090314695
AB1N005Fd,N/m,48001,0,1.076670619451615,764.7919251602433,1687.0660037434845
AB1N006Fd,N/m,48001,0,3.369974088109865,964.713351071132,2041.256240141692
AB1N007Fd,N/m,48001,0,6.178822898291536,1045.4340185296526,2298.34896985208
AB1N008Fd,N/m,48001,0,8.987354115076068,1202.644432462094,2600.47106623275
AB1N009Fd,N/m,48001,0,10.23405977045009,1186.0131666889083,2589.4346780509495
AB1N010Fd,N/m,48001,0,13.537995794764676,1103.555661526723,2538.1226277467777
AB1N011Fd,N/m,48001,0,15.832559207627622,859.8341993295088,2387.9146233600186
AB1N012Fd,N/m,48001,0,17.948692557579093,644.6420804947265,2112.8494670741766
AB1N013Fd,N/m,48001,0,20.17462560965752,316.0931124286317,1722.1364518141145
AB1N014Fd,N/m,48001,0,21.286108485338335,108.57027119640111,1244.3053279955577
AB1N015Fd,N/m,48001,0,24.59034819410244,89.07928977899257,1015.0259287501572
AB1N016Fd,N/m,48001,0,26.89192242164599,81.00535831792706,717.9120655249892
AB1N017Fd,N/m,48001,0,26.397037137558122,73.4213505677352,494.7907811743312
AB1N018Fd,N/m,48001,0,20.110080663803025,51.32118282945095,333.92860963885073
AB1N019Fd,N/m,48001,0,21.362135603366063,28.80365138434473,40.3060697695276
AB2N001Fd,N/m,48001,0,1.9812720637829885e-08,12.624756994491927,243.88251589076867
AB2N002Fd,N/m,48001,0,0.004542979485104912,143.43050401590096,336.4216121567969
AB2N003Fd,N/m,48001,0,0.014923553606589451,203.2195009363974,508.4812696017294
AB2N004Fd,N/m,48001,0,0.4562434506379546,209.46071088673443,540.8940716708503
AB2N005Fd,N/m,48001,0,0.846089172163417,767.0371187477984,1627.8777487073758
AB2N006Fd,N/m,48001,0,3.693893291018618,963.8167416269223,2047.7488573097796
AB2N007Fd,N/m,48001,0,5.924365793718923,1050.3328315081985,2252.576789156747
AB2N008Fd,N/m,48001,0,9.271469060914418,1201.304170826478,2583.5399209239495
AB2N009Fd,N/m,48001,0,10.158825486141545,1184.5730877586552,2680.444422823326
AB2N010Fd,N/m,48001,0,14.172003248758415,1102.3673495021058,2555.57268998108
AB2N011Fd,N/m,48001,0,14.67073456265662,859.0769030462202,2294.794598827677
AB2N012Fd,N/m,48001,0,17.978570756777366,648.6385883761282,2102.1385242944634
AB2N013Fd,N/m,48001,0,20.369773429669834,320.9793587390634,1569.2867979937332
AB2N014Fd,N/m,48001,0,21.0474754914164,107.62686125453297,1367.0875032707968
AB2N015Fd,N/m,48001,0,24.67243570253472,89.05272048342272,932.7120257997749
AB2N016Fd,N/m,48001,0,26.847596851537784,81.00360931148407,673.5801510588522
AB2N017Fd,N/m,48001,0,26.95652304728249,73.26869516749957,482.27978033846284
AB2N018Fd,N/m,48001,0,20.252346050276678,51.17316823071792,325.43306372830943
AB2N019Fd,N/m,48001,0,21.112342967493742,28.81823814305535,40.449886085119786
AB3N001Fd,N/m,48001,0,1.8486863351911653e-07,12.602383406740236,227.16173537372484
AB3N002Fd,N/m,48001,0,0.03394598035955114,142.51278896206304,336.6600525408671
AB3N003Fd,N/m,48001,0,0.018310444262509353,202.4764829966741,529.6966995076393
AB3N004Fd,N/m,48001,0,0.028642138548229085,211.17133404708508,530.5886203596046
AB3N005Fd,N/m,48001,0,0.9662505196326503,770.919474487125,1770.5289809975645
AB3N006Fd,N/m,48001,0,3.9105388762522395,966.1666997342138,2126.316817301322
AB3N007Fd,N/m,48001,0,5.8801321651964145,1039.1225333227333,2243.968115613006
AB3N008Fd,N/m,48001,0,8.703039235123185,1188.3188360893535,2529.760090006761
AB3N009Fd,N/m,48001,0,10.282000959635383,1181.897940373996,2496.4546725755104
AB3N010Fd,N/m,48001,0,13.84581386332323,1098.9914577310992,2485.5953500519586
AB3N011Fd,N/m,48001,0,14.599553488167587,858.9696531177485,2153.760510721082
AB3N012Fd,N/m,48001,0,18.288391255001784,643.0248462538997,1993.4643346337311
AB3N013Fd,N/m,48001,0,20.572108587193352,320.6594430774471,1702.2378284893375
AB3N014Fd,N/m,48001,0,22.642816616015576,108.76588505324844,1309.8475172751237
AB3N015Fd,N/m,48001,0,25.379769905688768,89.22282820540113,985.2042069617328
AB3N016Fd,N/m,48001,0,26.754849916172546,81.16839998448833,650.1410362490949
AB3N017Fd,N/m,48001,0,26.38847417664072,73.54543737214044,405.0125297239217
AB3N018Fd,N/m,48001,0,20.165069095945324,51.28448892248315,308.769791616666
AB3N019Fd,N/m,48001,0,20.546209849617686,28.81349535614628,40.03214416110339
