domain,n,method,kernel_median_ms,e2e_median_ms,kernel_mroots_s,e2e_mroots_s,root_p99,root_max,wrong_root,iterations_median,iterations_p99,checksum
bem,1,safeguarded_halley,0.2831607759,0.285834878683,0.00353156257897,0.00349852335939,0,0,0,44,44,1.5707
bem,1,brent_dekker,0.121132157743,0.12326464057,0.00825544610641,0.00811262658438,8.92619311799e-14,8.92619311799e-14,0,43,43,1.5707
bem,1,bracketed_secant,0.112835265696,0.117635205388,0.00886247746953,0.00850085649701,0,0,0,40,40,1.5707
bem,1,safeguarded_newton,0.146933943033,0.149564474821,0.00680577938192,0.00668607970707,0,0,0,44,44,1.5707
bem,8,bracketed_secant,0.112830981612,0.118961274624,0.0709025117542,0.0672487750765,0,0,0,40,40,56.5452
bem,8,safeguarded_newton,0.147022485733,0.149587839842,0.0544134454,0.0534802829458,0,0,0,44,44,56.5452
bem,8,safeguarded_halley,0.283242702484,0.285796165466,0.0282443287323,0.0279919780832,0,5.99520433298e-15,0,44,44,56.5452
bem,8,brent_dekker,0.160286083817,0.163916796446,0.0499107583732,0.0488052485984,8.92619311799e-14,8.92619311799e-14,0,43,43,56.5452
bem,32,bracketed_secant,0.112831577659,0.122637122869,0.283608548813,0.26093240979,0,0,0,40,40,428.8011
bem,32,safeguarded_halley,0.295719921589,0.307209610939,0.108210498055,0.104163407851,2.68673971959e-14,2.93098878501e-14,0,44,46,428.8011
bem,32,safeguarded_newton,0.146963298321,0.159454718232,0.217741438615,0.200683933061,0,0,0,44,44,428.8011
bem,32,brent_dekker,0.164330273867,0.172058880329,0.1947297917,0.185982844587,8.92619311799e-14,8.92619311799e-14,0,43,43,428.8011
bem,128,safeguarded_halley,0.320233762264,0.331784635782,0.39970801047,0.385792427362,3.79696274422e-14,3.81916720471e-14,0,44,47,1752.9012
bem,128,bracketed_secant,0.12107232213,0.134773433208,1.05721933591,0.949742074182,0,0,0,40,40,1752.9012
bem,128,brent_dekker,0.17652054131,0.184371829033,0.725128073197,0.694249228157,8.92619311799e-14,8.92619311799e-14,0,43,43,1752.9012
bem,128,safeguarded_newton,0.156138077378,0.16800224781,0.819787217502,0.76189456789,0,0,0,44,44,1752.9012
bem,512,safeguarded_halley,0.595453321934,0.604449927807,0.859849095034,0.847051139302,3.79696274422e-14,3.90798504668e-14,0,44,47,7214.2251
bem,512,bracketed_secant,0.224509313703,0.233521923423,2.28052899702,2.19251362996,0,0,0,40,40,7214.2251
bem,512,brent_dekker,0.323386371136,0.331962227821,1.58324544786,1.5423441497,8.92619311799e-14,1.0502709813e-13,0,43,43,7214.2251
bem,512,safeguarded_newton,0.286903440952,0.295101433992,1.78457253179,1.73499665208,0,0,0,44,44,7214.2251
bem,2048,safeguarded_halley,0.605122566223,0.618131220341,3.38443831765,3.31321236108,3.81916720471e-14,3.90798504668e-14,0,44,47,28894.5972
bem,2048,bracketed_secant,0.224934086204,0.245312005281,9.10488950148,8.34855186826,0,0,0,40,40,28894.5972
bem,2048,safeguarded_newton,0.286371827126,0.306710422039,7.15154147863,6.67730814749,0,0,0,44,44,28894.5972
bem,2048,brent_dekker,0.325047671795,0.343926399946,6.30061427203,5.95476241522,8.92619311799e-14,1.07469588784e-13,0,43,44,28894.5972
bem,8192,safeguarded_newton,0.286848634481,0.32688960433,28.5586159921,25.0604482109,0,0,0,44,44,115781.0091
bem,8192,brent_dekker,0.325496643782,0.364892780781,25.167694219,22.4504304592,8.92619311799e-14,1.10134124043e-13,0,43,44,115781.0091
bem,8192,bracketed_secant,0.225653767586,0.265504002571,36.3034044928,30.8545254334,0,0,0,40,40,115781.0091
bem,8192,safeguarded_halley,0.607675850391,0.646131157875,13.4808714131,12.6785404173,3.81916720471e-14,3.93018950717e-14,0,44,47,115781.0091
bem,32768,bracketed_secant,0.227404803038,0.34873598814,144.09546132,93.9621980936,0,0,0,40,40,463161.7332
bem,32768,safeguarded_newton,0.287231981754,0.410463988781,114.082003682,79.8316073898,0,0,0,44,44,463161.7332
bem,32768,safeguarded_halley,0.613225579262,0.739264011383,53.4354748206,44.3251659697,3.8413716652e-14,3.93018950717e-14,0,44,47,463161.7332
bem,32768,brent_dekker,0.325916796923,0.448736011982,100.540997915,73.022889015,8.92619311799e-14,1.10134124043e-13,0,43,44,463161.7332
bem,131072,safeguarded_halley,2.36137604713,2.82003188133,55.5066187611,46.4789071598,3.8413716652e-14,3.93018950717e-14,0,44,47,1413578.1669
bem,131072,safeguarded_newton,1.14281594753,1.6026879549,114.692134182,81.7826075245,0,0,0,44,44,1413578.1669
bem,131072,bracketed_secant,0.888768017292,1.3484159708,147.476053874,97.2044256655,0,0,0,40,40,1413578.1669
bem,131072,brent_dekker,1.28444802761,1.74166405201,102.045390068,75.2567636961,8.92619311799e-14,1.10578213253e-13,0,43,44,1413578.1669
bem,524288,brent_dekker,4.17647981644,6.00620794296,125.533469104,87.2910170575,8.92619311799e-14,1.10578213253e-13,0,43,44,1413578.1669
bem,524288,bracketed_secant,2.87615990639,4.70240020752,182.28750037,111.493700422,0,0,0,40,40,1413578.1669
bem,524288,safeguarded_newton,3.70633602142,5.5372800827,141.457222704,94.6833088031,0,0,0,44,44,1413578.1669
bem,524288,safeguarded_halley,7.64531183243,9.48572826385,68.5764049252,55.2712438535,3.8413716652e-14,3.93018950717e-14,0,44,47,1413578.1669
bem,2097152,safeguarded_halley,28.8252162933,35.9341430664,72.7540768006,58.3609854317,3.8413716652e-14,3.93018950717e-14,0,44,47,1413578.1669
bem,2097152,safeguarded_newton,14.0202236176,21.0978889465,149.580495804,99.4010351137,0,0,0,44,44,1413578.1669
bem,2097152,brent_dekker,15.7883844376,22.882144928,132.828789943,91.6501493457,8.92619311799e-14,1.10578213253e-13,0,43,44,1413578.1669
bem,2097152,bracketed_secant,10.8766717911,18.0170879364,192.811922644,116.397944407,0,0,0,40,40,1413578.1669
bem,8388608,safeguarded_halley,113.742851257,142.119644165,73.7506393349,59.0249718769,3.8413716652e-14,3.93018950717e-14,0,44,47,1413578.1669
bem,8388608,safeguarded_newton,55.5000305176,83.7993621826,151.14600698,100.10348267,0,0,0,44,44,1413578.1669
bem,8388608,bracketed_secant,42.8165130615,71.1912994385,195.919924351,117.831927021,0,0,0,40,40,1413578.1669
bem,8388608,brent_dekker,62.433631897,90.8024978638,134.360403922,92.3830092492,8.92619311799e-14,1.10578213253e-13,0,43,44,1413578.1669
bem,16777216,bracketed_secant,85.816192627,142.335769653,195.5017519,117.870694351,0,0,0,40,40,1413578.1669
bem,16777216,brent_dekker,124.549789429,181.22454834,134.702885304,92.5769502735,8.92619311799e-14,1.10578213253e-13,0,43,44,1413578.1669
bem,16777216,safeguarded_halley,227.264541626,284.089691162,73.8224092503,59.0560534998,3.8413716652e-14,3.93018950717e-14,0,44,47,1413578.1669
bem,16777216,safeguarded_newton,110.66783905,167.263290405,151.599743376,100.304232682,0,0,0,44,44,1413578.1669
kepler,1,brent_dekker,0.049389757216,0.0515100806952,0.0202471130932,0.0194136756632,5.54320478408e-13,5.54320478408e-13,0,32,32,0.0595829657091
kepler,1,safeguarded_halley,0.0225278064609,0.0247081592679,0.0443895858985,0.0404724605001,9.50878265016e-13,9.50878265016e-13,0,8,8,0.0595829657106
kepler,1,safeguarded_newton,0.0225482881069,0.0264703985304,0.0443492647982,0.0377780485191,5.53765366895e-13,5.53765366895e-13,0,13,13,0.0595829657091
kepler,1,bracketed_secant,0.080151386559,0.0876422375441,0.0124763905271,0.0114100236144,5.84955001104e-12,5.84955001104e-12,0,63,63,0.0595829657038
kepler,1,mikkola_kepler,0.0102418242022,0.0134374406189,0.0976388561504,0.0744189335129,5.56166224186e-13,5.56166224186e-13,0,4,4,0.0595829657091
kepler,8,mikkola_kepler,0.0102500161156,0.0137747200206,0.780486577755,0.580774054793,8.17124146124e-14,5.56166224186e-13,0,4,4,71.9263897774
kepler,8,bracketed_secant,0.0800857916474,0.0876531228423,0.0998928753207,0.0912688531861,4.3642867098e-13,5.84955001104e-12,0,12,55,71.9263897774
kepler,8,safeguarded_halley,0.0225282553583,0.024838399142,0.355109611142,0.32208194877,8.21565038223e-14,9.50878265016e-13,0,5,7,71.9263897774
kepler,8,brent_dekker,0.080085888505,0.0876777544618,0.0998927545082,0.0912432127067,8.21565038223e-14,5.54320478408e-13,0,32,41,71.9263897774
kepler,8,safeguarded_newton,0.0242269448936,0.0266787186265,0.330210847267,0.299864476701,8.17124146124e-14,5.53765366895e-13,0,6,11,71.9263897774
kepler,32,safeguarded_halley,0.028696063906,0.0362579189241,1.11513551492,0.882565821469,6.66543409009e-11,3.53730722664e-10,0,4,11,447.458383108
kepler,32,mikkola_kepler,0.0102500161156,0.021033918485,3.12194631102,1.52135228739,6.80964061181e-11,3.53386766898e-10,0,4,4,447.458383108
kepler,32,brent_dekker,0.0882508158684,0.0980009585619,0.362602880043,0.326527418401,1.09532181068e-10,3.53386719193e-10,0,31,45,447.458383107
kepler,32,safeguarded_newton,0.0307447351515,0.0366054400802,1.04082861154,0.87418700417,6.8052553176e-11,3.53407184593e-10,0,5,18,447.458383108
kepler,32,bracketed_secant,0.106036953628,0.120283201337,0.301781585618,0.266038812106,5.77482636363e-11,2.00623389429e-10,0,14,83,447.458383101
kepler,128,safeguarded_newton,0.0348127037287,0.0477417595685,3.67681869807,2.68109096014,8.30203492758e-11,3.53407184593e-10,0,6,18,1724.55615534
kepler,128,mikkola_kepler,0.0122887361795,0.0213273596019,10.416042637,6.00168058257,8.30411546818e-11,3.53386766898e-10,0,4,4,1724.55615534
kepler,128,safeguarded_halley,0.032794944942,0.0474499166012,3.90304055172,2.69758113751,8.27134081713e-11,3.53730722664e-10,0,4,11,1724.55615534
kepler,128,bracketed_secant,0.119457982481,0.134738877416,1.07150646062,0.949985649688,2.00623389429e-10,5.3398419974e-10,0,16,83,1724.55615532
kepler,128,brent_dekker,0.0972996428609,0.110178880394,1.31552384198,1.16174714739,1.09532181068e-10,8.15070577004e-10,0,30,46,1724.55615533
kepler,512,safeguarded_newton,0.0576018877327,0.0650796815753,8.88859758165,7.86727881278,3.32345887789e-10,8.17996162125e-10,0,6,19,6968.58034376
kepler,512,brent_dekker,0.178674906492,0.19633024931,2.86553948762,2.60785081158,3.55382117831e-10,8.21147651611e-10,0,32,46,6968.58034375
kepler,512,mikkola_kepler,0.0184331517667,0.0257615987211,27.7760421268,19.8745429405,3.36671650628e-10,8.19887466079e-10,0,4,4,6968.58034376
kepler,512,safeguarded_halley,0.0555295012891,0.0700262412429,9.22032411806,7.31154479967,3.31520991215e-10,8.19941073371e-10,0,4,12,6968.58034377
kepler,512,bracketed_secant,0.209277376533,0.221158415079,2.44651384915,2.31508260636,7.30284036368e-10,1.21462582353e-09,0,16,87,6968.5803437
kepler,2048,brent_dekker,0.179464638233,0.196675211191,11.4117188777,10.4131069065,4.47660807729e-10,1.06338232317e-09,0,31,47,28210.7605264
kepler,2048,safeguarded_halley,0.0553596764803,0.0734687969089,36.9944358459,27.8757797346,3.53730722664e-10,1.0674865358e-09,0,4,12,28210.7605264
kepler,2048,safeguarded_newton,0.0574057586491,0.0744576007128,35.6758633314,27.5055868091,3.82516023197e-10,1.08607853613e-09,0,6,19,28210.7605265
kepler,2048,mikkola_kepler,0.0184425599873,0.0349312014878,111.04749023,58.6295321309,3.8254642943e-10,1.06749693893e-09,0,4,4,28210.7605264
kepler,2048,bracketed_secant,0.21080480516,0.228220790625,9.71514856338,8.97376612532,5.81024560929e-10,1.64422961964e-09,0,16,87,28210.7605262
kepler,8192,brent_dekker,0.180180802941,0.218892782927,45.4654428567,37.4247149242,3.74844881697e-10,1.11823269134e-09,0,31,47,112785.479077
kepler,8192,safeguarded_newton,0.0594185590744,0.100867196918,137.869381682,81.2156999535,3.68976816982e-10,1.18303646827e-09,0,6,19,112785.479077
kepler,8192,safeguarded_halley,0.0573446415365,0.0960287973285,142.85554466,85.3077433843,3.60540632072e-10,1.11816778666e-09,0,4,12,112785.479077
kepler,8192,mikkola_kepler,0.0184438396245,0.05687360093,444.159142932,144.038708048,3.46454812755e-10,1.11825380553e-09,0,4,4,112785.479077
kepler,8192,bracketed_secant,0.215121924877,0.253724783659,38.0807302867,32.28695235,5.8383298196e-10,2.03543181181e-09,0,16,87,112785.479076
kepler,32768,safeguarded_newton,0.0594784021378,0.183264002204,550.922668099,178.802163032,3.75451422556e-10,1.27305227297e-09,0,6,19,449644.306978
kepler,32768,bracketed_secant,0.217151999474,0.339807987213,150.898909885,96.4309293279,5.50760432053e-10,2.11143389231e-09,0,16,87,449644.306973
kepler,32768,brent_dekker,0.18398720026,0.307040005922,178.09934579,106.722249114,3.78216922191e-10,1.50601051768e-09,0,31,47,449644.306977
kepler,32768,safeguarded_halley,0.0574015974998,0.178432002664,570.855192664,183.644186642,3.69233745141e-10,1.25688220422e-09,0,4,12,449644.306978
kepler,32768,mikkola_kepler,0.0184735991061,0.138656005263,1773.77455318,236.32586225,3.60515743127e-10,1.2568212842e-09,0,4,4,449644.306977
kepler,131072,safeguarded_newton,0.22467200458,0.678399980068,583.392667212,193.207552846,3.60133842019e-10,1.33774779448e-09,0,6,19,1371436.38426
kepler,131072,bracketed_secant,0.847999989986,1.30255997181,154.566039561,100.626460844,5.23528898184e-10,2.35366478824e-09,0,16,87,1371436.38424
kepler,131072,mikkola_kepler,0.0670080035925,0.521568000317,1956.0648426,251.303760814,3.48095164672e-10,1.28140417027e-09,0,4,4,1371436.38426
kepler,131072,brent_dekker,0.702592015266,1.16067194939,186.554923984,112.927688198,3.69515017543e-10,1.50601051768e-09,0,31,47,1371436.38425
kepler,131072,safeguarded_halley,0.216288000345,0.672191977501,606.006804773,194.991913601,3.56387240899e-10,1.28139451827e-09,0,4,12,1371436.38426
kepler,524288,brent_dekker,2.2678399086,4.04457616806,231.183867085,129.627426513,3.69515017543e-10,1.50601051768e-09,0,31,47,1371436.38425
kepler,524288,mikkola_kepler,0.208223998547,1.98256003857,2517.90381349,264.449998891,3.48095164672e-10,1.28140417027e-09,0,4,4,1371436.38426
kepler,524288,safeguarded_halley,0.727967977524,2.50595188141,720.207503884,209.217105839,3.56387240899e-10,1.28139451827e-09,0,4,12,1371436.38426
kepler,524288,safeguarded_newton,0.754783987999,2.4964799881,694.619928796,210.010896342,3.60133842019e-10,1.33774779448e-09,0,6,19,1371436.38426
kepler,524288,bracketed_secant,2.88438391685,4.65059185028,181.76775877,112.735758561,5.23528898184e-10,2.35366478824e-09,0,16,87,1371436.38424
kepler,2097152,brent_dekker,8.53884792328,15.6502084732,245.601282379,134.001537653,3.69515017543e-10,1.50601051768e-09,0,31,47,1371436.38425
kepler,2097152,bracketed_secant,10.3740158081,17.4679355621,202.154309266,120.057232438,5.23528898184e-10,2.35366478824e-09,0,16,87,1371436.38424
kepler,2097152,safeguarded_newton,2.70409607887,9.81148815155,775.546407683,213.744537792,3.60133842019e-10,1.33774779448e-09,0,6,19,1371436.38426
kepler,2097152,safeguarded_halley,2.62899208069,9.74108791351,797.701908425,215.289300191,3.56387240899e-10,1.28139451827e-09,0,4,12,1371436.38426
kepler,2097152,mikkola_kepler,0.774591982365,7.89673614502,2707.42797208,265.571998543,3.48095164672e-10,1.28140417027e-09,0,4,4,1371436.38426
kepler,8388608,bracketed_secant,40.4829750061,68.8345947266,207.213229728,121.866163857,5.23528898184e-10,2.35366478824e-09,0,16,87,1371436.38424
kepler,8388608,mikkola_kepler,3.04771208763,31.2788486481,2752.4279718,268.187876555,3.48095164672e-10,1.28140417027e-09,0,4,4,1371436.38426
kepler,8388608,safeguarded_newton,10.6303358078,38.8784332275,789.119756108,215.765073425,3.60133842019e-10,1.33774779448e-09,0,6,19,1371436.38426
kepler,8388608,safeguarded_halley,10.2695360184,38.5010223389,816.843914369,217.880136433,3.56387240899e-10,1.28139451827e-09,0,4,12,1371436.38426
kepler,8388608,brent_dekker,33.6080322266,61.8755187988,249.601284105,135.572325903,3.69515017543e-10,1.50601051768e-09,0,31,47,1371436.38425
kepler,16777216,safeguarded_newton,21.2081279755,77.6652832031,791.074819023,216.019504572,3.60133842019e-10,1.33774779448e-09,0,6,19,1371436.38426
kepler,16777216,brent_dekker,67.4452819824,123.95929718,248.752996605,135.344555686,3.69515017543e-10,1.50601051768e-09,0,31,47,1371436.38425
kepler,16777216,safeguarded_halley,20.4808006287,76.9370880127,819.167976105,218.064088899,3.56387240899e-10,1.28139451827e-09,0,4,12,1371436.38426
kepler,16777216,mikkola_kepler,6.0800318718,62.503326416,2759.39606136,268.421169912,3.48095164672e-10,1.28140417027e-09,0,4,4,1371436.38426
kepler,16777216,bracketed_secant,81.0320281982,137.572250366,207.044256118,121.952035787,5.23528898184e-10,2.35366478824e-09,0,16,87,1371436.38424
pv,1,safeguarded_newton,0.0123000638559,0.0148198399693,0.0813003909339,0.0674771119036,5.3290705182e-15,5.3290705182e-15,0,3,3,7.44420283371
pv,1,brent_dekker,0.0699065625668,0.0752115175128,0.0143048086372,0.0132958359713,5.3290705182e-15,5.3290705182e-15,0,36,36,7.44420283371
pv,1,bracketed_secant,0.0102501763031,0.012885119766,0.0975592975604,0.077608902219,5.3290705182e-15,5.3290705182e-15,0,2,2,7.44420283371
pv,1,safeguarded_halley,0.0143497604877,0.0196518395096,0.069687574288,0.0508858216307,5.3290705182e-15,5.3290705182e-15,0,3,3,7.44420283371
pv,1,lambert_w,0.00820060819387,0.0128956791013,0.121942175063,0.0775453539237,6.2172489379e-15,6.2172489379e-15,0,1,1,7.44420283371
pv,1,bishop_transform,0.0555082261562,0.0627715215087,0.0180153478006,0.0159307911608,6.2172489379e-15,6.2172489379e-15,0,46,46,7.44420283371
pv,1,chandrupatla,0.0163993276656,0.0246239993721,0.0609781096148,0.0406107872603,5.3290705182e-15,5.3290705182e-15,0,3,3,7.44420283371
pv,8,chandrupatla,0.0327951684594,0.0383702404797,0.243938371895,0.208494914287,5.3290705182e-14,6.23945339839e-14,0,5,7,159.974506715
pv,8,safeguarded_newton,0.020496416837,0.0258550401777,0.390312124486,0.309417426738,6.10622663544e-14,6.12843109593e-14,0,5,5,159.974506715
pv,8,lambert_w,0.0163990724832,0.0246665589511,0.487832467855,0.324325740605,5.68434188608e-14,5.72875080707e-14,0,4,6,159.974506715
pv,8,bishop_transform,0.0555445738137,0.0628915205598,0.144028470303,0.127203157577,1.97175609173e-13,2.05169214951e-13,0,46,47,159.974506715
pv,8,brent_dekker,0.0985949411988,0.100992642343,0.0811400656335,0.0792136913581,5.68434188608e-14,6.01740879347e-14,0,36,38,159.974506715
pv,8,safeguarded_halley,0.0225277449936,0.0247257594019,0.35511765613,0.323549213189,5.68434188608e-14,6.30606677987e-14,0,3,5,159.974506715
pv,8,bracketed_secant,0.067794047296,0.0752316787839,0.11800446085,0.106338182655,5.68434188608e-14,6.32827124036e-14,0,8,25,159.974506715
pv,32,lambert_w,0.0163992960006,0.0234883185476,1.95130327539,1.36237934338,5.72875080707e-14,6.03961325396e-14,0,4,6,1302.5552024
pv,32,bracketed_secant,0.0800774693489,0.0859123244882,0.399613027986,0.372472752782,5.99520433298e-14,6.32827124036e-14,0,3,38,1302.5552024
pv,32,chandrupatla,0.0493462421,0.0605513602495,0.648478964926,0.528476980007,6.03961325396e-14,6.23945339839e-14,0,4,8,1302.5552024
pv,32,safeguarded_newton,0.0266242884099,0.0357174389064,1.20191005699,0.895920899699,6.10622663544e-14,6.12843109593e-14,0,4,9,1302.5552024
pv,32,bishop_transform,0.0554919652641,0.0615481622517,0.576660059663,0.519918041893,2.05169214951e-13,4.70956607046e-13,0,45,47,1302.5552024
pv,32,safeguarded_halley,0.0286963190883,0.0362316817045,1.11512559857,0.88320493266,5.68434188608e-14,6.30606677987e-14,0,3,6,1302.5552024
pv,32,brent_dekker,0.108790144324,0.122411206365,0.294144292194,0.261413974671,6.01740879347e-14,6.30606677987e-14,0,32,45,1302.5552024
pv,128,safeguarded_newton,0.0284400954843,0.0360412783921,4.5006881243,3.55148334661,7.08322289711e-14,7.32747196253e-14,0,4,9,5992.42861454
pv,128,lambert_w,0.0184333771467,0.0240406394005,6.9439256291,5.32431762183,6.79456491071e-14,7.32747196253e-14,0,3,6,5992.42861454
pv,128,brent_dekker,0.118513152003,0.124176636338,1.08004890458,1.03078971838,6.94999613415e-14,8.48210390814e-14,0,29,46,5992.42861454
pv,128,bishop_transform,0.0616498216987,0.073071680963,2.07624282558,1.75170460448,2.31592522937e-13,4.70956607046e-13,0,45,47,5992.42861454
pv,128,bracketed_secant,0.0842520296574,0.0977481529117,1.51925123372,1.30948765974,7.06101843662e-14,7.32747196253e-14,0,3,35,5992.42861454
pv,128,safeguarded_halley,0.030717311427,0.0364870391786,4.16703135964,3.50809500802,7.1054273576e-14,7.32747196253e-14,0,3,6,5992.42861454
pv,128,chandrupatla,0.0514600649476,0.0609862431884,2.48736569086,2.09883398793,6.92779167366e-14,7.32747196253e-14,0,4,8,5992.42861454
pv,512,chandrupatla,0.0821962878108,0.0976460874081,6.22899176637,5.24342565678,7.54951656745e-14,8.65973959208e-14,0,3,10,25877.1396024
pv,512,safeguarded_halley,0.0513930879533,0.0609852783382,9.96242919797,8.39546877462,7.63833440942e-14,8.65973959208e-14,0,3,6,25877.1396024
pv,512,lambert_w,0.0321177579463,0.047352001071,15.9413369033,10.8126370253,7.59392548844e-14,8.65973959208e-14,0,3,6,25877.1396024
pv,512,brent_dekker,0.208084732294,0.221067845821,2.46053612082,2.31603107226,7.81597009336e-14,8.65973959208e-14,0,29,46,25877.1396024
pv,512,bishop_transform,0.114941723645,0.122879035771,4.45443120013,4.16669936241,3.03090885723e-13,5.34905453264e-13,0,45,47,25877.1396024
pv,512,safeguarded_newton,0.0450491532683,0.0601596795022,11.3653634498,8.51068363788,7.59392548844e-14,8.65973959208e-14,0,3,9,25877.1396024
pv,512,bracketed_secant,0.13990521431,0.147966712713,3.65962056901,3.46023771571,7.63833440942e-14,8.61533067109e-14,0,3,38,25877.1396024
pv,2048,brent_dekker,0.212974071503,0.23312959075,9.61619405381,8.78481360266,7.94919685632e-14,9.37028232784e-14,0,29,48,106226.468109
pv,2048,chandrupatla,0.0860412791371,0.0999584048986,23.8025285135,20.4885222216,8.04911692853e-14,9.37028232784e-14,0,3,10,106226.468109
pv,2048,safeguarded_halley,0.051238398999,0.0640928000212,39.970023264,31.953667172,8.03801469829e-14,8.881784197e-14,0,3,6,106226.468109
pv,2048,bishop_transform,0.114785604179,0.134860798717,17.8419586206,15.186028998,3.09086090056e-13,7.12763181809e-13,0,45,47,106226.468109
pv,2048,lambert_w,0.0322230421007,0.0492480024695,63.5570035133,41.5854430089,8.08242361927e-14,9.81437153769e-14,0,3,6,106226.468109
pv,2048,bracketed_secant,0.139656960964,0.159347206354,14.6645035511,12.8524374343,7.97140131681e-14,9.14823772291e-14,0,3,37,106226.468109
pv,2048,safeguarded_newton,0.0450816005468,0.0619903989136,45.428733123,33.0373741078,7.9936057773e-14,9.10382880193e-14,0,3,9,106226.468109
pv,8192,chandrupatla,0.0860332772136,0.127494394779,95.2189695118,64.2538051511,7.81597009336e-14,9.37028232784e-14,0,3,10,424574.890011
pv,8192,bishop_transform,0.114798717201,0.154816001654,71.3596824055,52.9144268842,2.9576341376e-13,7.12763181809e-13,0,45,47,424574.890011
pv,8192,lambert_w,0.0327024012804,0.0702719986439,250.501482437,116.575594235,7.81597009336e-14,9.81437153769e-14,0,3,6,424574.890011
pv,8192,bracketed_secant,0.139648959041,0.179459199309,58.6613753248,45.6482589442,7.81597009336e-14,9.23705556488e-14,0,3,36,424574.890011
pv,8192,safeguarded_newton,0.0471286401153,0.087980799377,173.822117081,93.1112249265,7.86037901435e-14,9.10382880193e-14,0,3,9,424574.890011
pv,8192,brent_dekker,0.215987831354,0.254563182592,37.9280626535,32.1806158949,7.81597009336e-14,9.37028232784e-14,0,29,48,424574.890011
pv,8192,safeguarded_halley,0.0533094406128,0.09320320189,153.668841876,87.8939761068,7.86037901435e-14,9.54791801178e-14,0,3,6,424574.890011
pv,32768,safeguarded_halley,0.0534240007401,0.174431994557,613.357284106,187.85544523,7.90478793533e-14,9.59232693276e-14,0,3,6,1687236.03361
pv,32768,brent_dekker,0.230844810605,0.353695988655,141.948176847,92.6445338682,7.86037901435e-14,1.03028696685e-13,0,29,48,1687236.03361
pv,32768,lambert_w,0.0328192003071,0.156479999423,998.439928254,209.406953737,7.86037901435e-14,9.84767822843e-14,0,3,6,1687236.03361
pv,32768,chandrupatla,0.0926176011562,0.215872004628,353.798841591,151.793652245,7.87148124459e-14,9.72555369572e-14,0,3,10,1687236.03361
pv,32768,safeguarded_newton,0.0492736026645,0.174239993095,665.021395394,188.06245006,7.90478793533e-14,9.49240686055e-14,0,3,9,1687236.03361
pv,32768,bishop_transform,0.115094400942,0.238112002611,284.705422086,137.615910331,3.03090885723e-13,7.34523553092e-13,0,45,47,1687236.03361
pv,32768,bracketed_secant,0.146751999855,0.273023992777,223.288268864,120.018756105,7.86037901435e-14,9.41469124882e-14,0,3,36,1687236.03361
pv,131072,lambert_w,0.120095998049,0.576896011829,1091.39356956,227.202125361,7.81597009336e-14,1.00364161426e-13,0,3,6,5136677.06995
pv,131072,chandrupatla,0.29587200284,0.753087997437,443.002375155,174.046061611,7.81597009336e-14,9.79216707719e-14,0,3,10,5136677.06995
pv,131072,safeguarded_halley,0.177055999637,0.631168007851,740.28556089,207.66578529,7.81597009336e-14,9.59232693276e-14,0,3,6,5136677.06995
pv,131072,bishop_transform,0.452735990286,0.9073600173,289.510891143,144.45423812,3.01092484278e-13,8.24007528877e-13,0,45,47,5136677.06995
pv,131072,brent_dekker,0.829472005367,1.28559994698,158.018593939,101.953955667,7.81597009336e-14,1.03916875105e-13,0,29,48,5136677.06995
pv,131072,safeguarded_newton,0.161855995655,0.615743994713,809.806269267,212.8676871,7.81597009336e-14,9.72555369572e-14,0,3,9,5136677.06995
pv,131072,bracketed_secant,0.504191994667,0.955807983875,259.964460734,137.132146008,7.81597009336e-14,9.7699626167e-14,0,3,36,5136677.06995
pv,524288,brent_dekker,2.64867210388,4.4270401001,197.943716488,118.428563588,7.81597009336e-14,1.03916875105e-13,0,29,48,5136677.06995
pv,524288,safeguarded_halley,0.538879990578,2.31967997551,972.921632213,226.017384094,7.81597009336e-14,9.59232693276e-14,0,3,6,5136677.06995
pv,524288,bishop_transform,1.46620798111,3.24191999435,357.580920821,161.7214493,3.01092484278e-13,8.24007528877e-13,0,45,47,5136677.06995
pv,524288,safeguarded_newton,0.504671990871,2.27913594246,1038.86882863,230.038055314,7.81597009336e-14,9.72555369572e-14,0,3,9,5136677.06995
pv,524288,chandrupatla,0.937888026237,2.71273589134,559.00916243,193.269091058,7.81597009336e-14,9.79216707719e-14,0,3,10,5136677.06995
pv,524288,lambert_w,0.38051199913,2.15849590302,1377.84879635,242.895063765,7.81597009336e-14,1.00364161426e-13,0,3,6,5136677.06995
pv,524288,bracketed_secant,1.57798397541,3.37203192711,332.251789733,155.481327382,7.81597009336e-14,9.7699626167e-14,0,3,36,5136677.06995
pv,2097152,chandrupatla,3.48300790787,10.5959043503,602.109456962,197.921001424,7.81597009336e-14,9.79216707719e-14,0,3,10,5136677.06995
pv,2097152,safeguarded_newton,1.8761279583,8.96671962738,1117.80861786,233.881741278,7.81597009336e-14,9.72555369572e-14,0,3,9,5136677.06995
pv,2097152,safeguarded_halley,2.0256960392,9.11702442169,1035.27476947,230.025927649,7.81597009336e-14,9.59232693276e-14,0,3,6,5136677.06995
pv,2097152,bracketed_secant,5.90678405762,13.011967659,355.041250796,161.17101233,7.81597009336e-14,9.7699626167e-14,0,3,36,5136677.06995
pv,2097152,lambert_w,1.42895996571,8.50665569305,1467.60724606,246.530725549,7.81597009336e-14,1.00364161426e-13,0,3,6,5136677.06995
pv,2097152,brent_dekker,9.96662425995,17.1152000427,210.417483925,122.531550596,7.81597009336e-14,1.03916875105e-13,0,29,48,5136677.06995
pv,2097152,bishop_transform,5.51983976364,12.6431684494,379.929869308,165.872345084,3.01092484278e-13,8.24007528877e-13,0,45,47,5136677.06995
pv,8388608,brent_dekker,39.2241592407,67.5237731934,213.86329656,124.231920156,7.81597009336e-14,1.03916875105e-13,0,29,48,5136677.06995
pv,8388608,lambert_w,5.6148481369,33.8676795959,1494.00443173,247.687709937,7.81597009336e-14,1.00364161426e-13,0,3,6,5136677.06995
pv,8388608,chandrupatla,13.6695356369,41.9263687134,613.671760535,200.079526499,7.81597009336e-14,9.79216707719e-14,0,3,10,5136677.06995
pv,8388608,safeguarded_newton,7.35238409042,35.5722541809,1140.93712962,235.818847952,7.81597009336e-14,9.72555369572e-14,0,3,9,5136677.06995
pv,8388608,bishop_transform,21.7273597717,50.9380493164,386.085013924,164.682552877,3.01092484278e-13,8.24007528877e-13,0,45,47,5136677.06995
pv,8388608,safeguarded_halley,7.93926382065,36.9084472656,1056.59771353,227.281520125,7.81597009336e-14,9.59232693276e-14,0,3,6,5136677.06995
pv,8388608,bracketed_secant,23.7580795288,52.0849609375,353.084431333,161.056240592,7.81597009336e-14,9.7699626167e-14,0,3,36,5136677.06995
pv,16777216,bracketed_secant,46.2193603516,102.718208313,362.991090149,163.332443931,7.81597009336e-14,9.7699626167e-14,0,3,36,5136677.06995
pv,16777216,safeguarded_halley,15.8240642548,72.2905578613,1060.2343197,232.080322747,7.81597009336e-14,9.59232693276e-14,0,3,6,5136677.06995
pv,16777216,chandrupatla,27.2665920258,83.788192749,615.303004649,200.233654045,7.81597009336e-14,9.79216707719e-14,0,3,10,5136677.06995
pv,16777216,lambert_w,11.2105922699,67.6973419189,1496.55036916,247.826805668,7.81597009336e-14,1.00364161426e-13,0,3,6,5136677.06995
pv,16777216,safeguarded_newton,14.666975975,71.0936965942,1143.87696745,235.98739134,7.81597009336e-14,9.72555369572e-14,0,3,9,5136677.06995
pv,16777216,brent_dekker,78.5247039795,135.079833984,213.655259425,124.202225492,7.81597009336e-14,1.03916875105e-13,0,29,48,5136677.06995
pv,16777216,bishop_transform,43.4537582397,100.152000427,386.093555071,167.517532635,3.01092484278e-13,8.24007528877e-13,0,45,47,5136677.06995
cstr,1,bracketed_secant,0.303908735514,0.309204816818,0.00329046152066,0.00323410227011,1.31925720348e-14,1.31925720348e-14,0,5,5,0.013106352801
cstr,1,safeguarded_halley,0.30928465724,0.314779520035,0.00323326740138,0.00317682675127,7.46971928756e-15,7.46971928756e-15,0,3,3,0.013106352801
cstr,1,safeguarded_newton,0.304674625397,0.309190392494,0.00328218997134,0.00323425314717,7.46798456408e-15,7.46798456408e-15,0,4,4,0.013106352801
cstr,1,brent_dekker,0.328407555819,0.333813130856,0.00304499693226,0.00299568802892,9.13158437754e-15,9.13158437754e-15,0,17,17,0.013106352801
cstr,8,brent_dekker,0.358577013016,0.36651456356,0.0223104095065,0.0218272363376,3.85613849879e-14,4.39648317752e-14,0,15,31,22.0587650549
cstr,8,safeguarded_halley,0.309191435575,0.315667837858,0.0258739378894,0.0253430949896,3.85613849879e-14,4.40758540776e-14,0,3,3,22.0587650549
cstr,8,safeguarded_newton,0.303789675236,0.309236168861,0.0263340088625,0.025870195034,3.8561439198e-14,4.39648317752e-14,0,3,4,22.0587650549
cstr,8,bracketed_secant,0.303399384022,0.309222728014,0.0263678847793,0.0258713195223,3.85247389545e-14,4.40758540776e-14,0,3,4,22.0587650549
cstr,32,safeguarded_halley,0.309425801039,0.319526702166,0.103417361747,0.100148124658,4.40758540776e-14,4.55607773731e-14,0,3,3,120.872187463
cstr,32,brent_dekker,0.369484812021,0.380956143141,0.0866070781772,0.0839991704456,4.39648317752e-14,4.55607773731e-14,0,18,35,120.872187463
cstr,32,safeguarded_newton,0.304635494947,0.319390386343,0.105043570204,0.100190867879,4.39648317752e-14,4.55260829035e-14,0,3,4,120.872187463
cstr,32,bracketed_secant,0.305537909269,0.319423049688,0.104733321232,0.10018062263,4.40758540776e-14,4.82044959504e-14,0,3,5,120.872187463
cstr,128,brent_dekker,0.403117328882,0.409110724926,0.317525422077,0.312873733689,4.50943535985e-14,4.55607773731e-14,0,21,35,443.745736009
cstr,128,safeguarded_newton,0.333348125219,0.344088971615,0.383982960503,0.37199681059,4.53248549803e-14,5.0404125318e-14,0,3,4,443.745736009
cstr,128,safeguarded_halley,0.33840700984,0.344288319349,0.378242755848,0.371781419253,4.48252546192e-14,4.55607773731e-14,0,3,3,443.745736009
cstr,128,bracketed_secant,0.334719628096,0.344127357006,0.382409602712,0.371955316525,4.50152068399e-14,4.82044959504e-14,0,3,6,443.745736009
cstr,512,brent_dekker,0.731693506241,0.740204751492,0.699746540912,0.691700504446,4.5852210917e-14,5.85087533977e-14,0,23,36,1903.84251692
cstr,512,safeguarded_halley,0.609759390354,0.618437767029,0.839675465601,0.827892517722,4.56301663121e-14,4.90718576884e-14,0,3,3,1903.84251692
cstr,512,safeguarded_newton,0.600732386112,0.615129947662,0.852292987421,0.832344453307,4.55191440096e-14,5.06261699229e-14,0,3,4,1903.84251692
cstr,512,bracketed_secant,0.605402112007,0.615847051144,0.845718886415,0.831375256322,4.5852210917e-14,4.82044959504e-14,0,3,6,1903.84251692
cstr,2048,bracketed_secant,0.606367349625,0.619363188744,3.37749056124,3.30662208736,4.60803270541e-14,7.19979631469e-14,0,3,6,7443.15323589
cstr,2048,safeguarded_halley,0.611726403236,0.627139210701,3.34790192015,3.26562263219,4.57411886146e-14,9.64783808399e-14,0,3,3,7443.15323589
cstr,2048,safeguarded_newton,0.603104948997,0.617040038109,3.39576056108,3.31907149215,4.57457422637e-14,9.68114477473e-14,0,3,4,7443.15323589
cstr,2048,brent_dekker,0.73224157095,0.746531188488,2.79689119172,2.74335490812,4.5852210917e-14,9.68114477473e-14,0,23,36,7443.15323589
cstr,8192,bracketed_secant,0.608200967312,0.64587521553,13.4692321129,12.6835645695,4.61852778244e-14,3.67594843453e-13,0,3,6,29965.1891466
cstr,8192,brent_dekker,0.735000610352,0.772588789463,11.1455689759,10.6033120228,4.61852778244e-14,3.50941498084e-13,0,23,36,29965.1891466
cstr,8192,safeguarded_halley,0.612968981266,0.650713562965,13.3644609277,12.5892565735,4.5852210917e-14,3.08642000846e-13,0,3,3,29965.1891466
cstr,8192,safeguarded_newton,0.604221463203,0.641734421253,13.5579427394,12.7654053276,4.60742555219e-14,3.133604487e-13,0,3,4,29965.1891466
cstr,32768,safeguarded_halley,0.612809598446,0.733407974243,53.4717473145,44.6790887893,4.58149143623e-14,3.08642000846e-13,0,3,3,121389.682075
cstr,32768,brent_dekker,0.735545575619,0.862591981888,44.5492449226,37.9878328202,4.61852778244e-14,3.50941498084e-13,0,23,36,121389.682075
cstr,32768,safeguarded_newton,0.60419523716,0.728096008301,54.2341249726,45.0050537655,4.59632332195e-14,3.133604487e-13,0,3,4,121389.682075
cstr,32768,bracketed_secant,0.608214378357,0.730271995068,53.8757404725,44.8709524962,4.61852778244e-14,3.67594843453e-13,0,3,6,121389.682075
cstr,131072,safeguarded_halley,2.42873597145,2.88240003586,53.9671670946,45.4732161981,4.58212027349e-14,3.08642000846e-13,0,3,3,371398.235481
cstr,131072,bracketed_secant,2.41097593307,2.87065601349,54.364706923,45.6592497966,4.62303806348e-14,3.67594843453e-13,0,3,6,371398.235481
cstr,131072,safeguarded_newton,2.39353609085,2.84937596321,54.7608204033,46.0002476656,4.59632332195e-14,3.133604487e-13,0,3,4,371398.235481
cstr,131072,brent_dekker,2.90316796303,3.35721588135,45.1479217425,39.0418741697,4.62033840007e-14,3.50941498084e-13,0,23,36,371398.235481
cstr,524288,safeguarded_halley,7.87731218338,9.65600013733,66.5567122128,54.2966023761,4.58212027349e-14,3.08642000846e-13,0,3,3,371398.235481
cstr,524288,brent_dekker,10.1195516586,11.8978557587,51.8094099112,44.0657552617,4.62033840007e-14,3.50941498084e-13,0,23,36,371398.235481
cstr,524288,bracketed_secant,8.41878414154,10.1972160339,62.2759761012,51.4148173634,4.62303806348e-14,3.67594843453e-13,0,3,6,371398.235481
cstr,524288,safeguarded_newton,7.76751995087,9.54547214508,67.497477099,54.9253082542,4.59632332195e-14,3.133604487e-13,0,3,4,371398.235481
cstr,2097152,bracketed_secant,30.1115512848,37.2560005188,69.6460962826,56.29031487,4.62303806348e-14,3.67594843453e-13,0,3,6,371398.235481
cstr,2097152,brent_dekker,35.9171218872,43.2371826172,58.3886427923,48.5034378527,4.62033840007e-14,3.50941498084e-13,0,23,36,371398.235481
cstr,2097152,safeguarded_halley,29.7579193115,36.8983039856,70.4737444189,56.8359998557,4.58212027349e-14,3.08642000846e-13,0,3,3,371398.235481
cstr,2097152,safeguarded_newton,29.6422080994,36.8648338318,70.7488454629,56.8876021405,4.59632332195e-14,3.133604487e-13,0,3,4,371398.235481
cstr,8388608,safeguarded_halley,118.085693359,146.522018433,71.0383092257,57.2515181659,4.58212027349e-14,3.08642000846e-13,0,3,3,371398.235481
cstr,8388608,brent_dekker,140.617858887,169.018875122,59.6553529289,49.6311905634,4.62033840007e-14,3.50941498084e-13,0,23,36,371398.235481
cstr,8388608,bracketed_secant,117.233726501,145.698654175,71.5545624142,57.575054811,4.62303806348e-14,3.67594843453e-13,0,3,6,371398.235481
cstr,8388608,safeguarded_newton,116.438110352,144.838973999,72.043491385,57.9167869558,4.59632332195e-14,3.133604487e-13,0,3,4,371398.235481
cstr,16777216,safeguarded_halley,235.317626953,292.081390381,71.2960444877,57.4402086286,4.58212027349e-14,3.08642000846e-13,0,3,3,371398.235481
cstr,16777216,safeguarded_newton,231.703262329,288.602630615,72.4081993121,58.1325816893,4.59632332195e-14,3.133604487e-13,0,3,4,371398.235481
cstr,16777216,brent_dekker,281.162628174,338.037261963,59.6708606296,49.6312622537,4.62033840007e-14,3.50941498084e-13,0,23,36,371398.235481
cstr,16777216,bracketed_secant,233.368103027,290.107879639,71.8916414984,57.830955922,4.62303806348e-14,3.67594843453e-13,0,3,6,371398.235481
peng_robinson,1,bracketed_secant,0.0184485111386,0.025244159624,0.0542049161848,0.0396131229914,2.51743070834e-14,2.51743070834e-14,0,13,13,0.0671926921223
peng_robinson,1,analytic_cubic,0.0081942724064,0.0122147202492,0.122036460396,0.0818684324815,2.77555756156e-17,2.77555756156e-17,0,1,1,0.0671926921223
peng_robinson,1,brent_dekker,0.0348132774234,0.0371440015733,0.0287246727115,0.0269222474058,1.66533453694e-16,1.66533453694e-16,0,23,23,0.0671926921223
peng_robinson,1,safeguarded_halley,0.0122899524868,0.0145715204999,0.0813672795788,0.0686270180252,1.38777878078e-16,1.38777878078e-16,0,4,4,0.0671926921223
peng_robinson,1,safeguarded_newton,0.0122999679297,0.0146355200559,0.0813010249875,0.0683269194522,1.66533453694e-16,1.66533453694e-16,0,6,6,0.0671926921223
peng_robinson,8,bracketed_secant,0.0513862706721,0.0535427182913,0.155683607613,0.149413407748,1.87627691162e-14,2.51743070834e-14,0,18,38,8.16452053855
peng_robinson,8,safeguarded_newton,0.0184319354594,0.0249996799976,0.434029297554,0.320004096084,2.22044604925e-16,3.5527136788e-15,0,7,9,8.16452053855
peng_robinson,8,brent_dekker,0.0698610544205,0.0754956826568,0.11451301539,0.105966324411,1.66533453694e-16,3.99680288865e-15,0,29,37,8.16452053855
peng_robinson,8,analytic_cubic,0.0102426884696,0.0134022403508,0.781044939886,0.596915126917,1.11022302463e-16,1.11022302463e-16,0,1,1,8.16452053855
peng_robinson,8,safeguarded_halley,0.0160380154848,0.0229097604752,0.498814832021,0.349196143219,1.38777878078e-16,1.11022302463e-15,0,5,6,8.16452053855
peng_robinson,32,brent_dekker,0.0760566443205,0.0856905579567,0.42073904635,0.373436709517,3.03645997235e-14,6.26304563767e-14,0,29,41,72.8397113328
peng_robinson,32,analytic_cubic,0.0102421436459,0.0202438402921,3.12434594811,1.58072774426,1.38777878078e-16,2.22044604925e-16,0,1,1,72.8397113328
peng_robinson,32,safeguarded_newton,0.0184328332543,0.0239199995995,1.73603263039,1.33779266454,3.5527136788e-15,4.55191440096e-15,0,8,11,72.8397113328
peng_robinson,32,safeguarded_halley,0.0163989756256,0.0234502404928,1.95134139659,1.36459154906,2.84772205816e-14,3.08642000846e-14,0,5,7,72.8397113328
peng_robinson,32,bracketed_secant,0.0576125755906,0.0727539211512,0.555434289683,0.439838836088,3.67483821151e-14,4.39648317752e-14,0,23,46,72.8397113328
peng_robinson,128,bracketed_secant,0.0637108534575,0.0732448026538,2.00907683783,1.74756426889,1.09162678896e-13,1.30403465803e-11,0,19,50,269.498452843
peng_robinson,128,safeguarded_halley,0.0184485428035,0.024194560945,6.93821736292,5.29044524886,8.14903700075e-14,1.30612187732e-11,0,5,7,269.498452843
peng_robinson,128,brent_dekker,0.0903981104493,0.0981926470995,1.41595880007,1.30355992817,1.05471187339e-13,1.30614408178e-11,0,29,43,269.498452843
peng_robinson,128,safeguarded_newton,0.0184488631785,0.0242963191122,6.93809687684,5.26828773564,8.16013923099e-14,1.30613297955e-11,0,8,11,269.498452843
peng_robinson,128,analytic_cubic,0.0102500803769,0.0212127994746,12.4877069539,6.03409277278,2.22044604925e-16,2.22044604925e-16,0,1,1,269.498452843
peng_robinson,512,safeguarded_newton,0.0326993279159,0.0473577603698,15.6578141703,10.8113220727,2.15660822533e-14,1.30613297955e-11,0,8,11,1295.49231581
peng_robinson,512,bracketed_secant,0.112298563123,0.122695036232,4.55927472055,4.17294795064,7.06101843662e-14,1.30403465803e-11,0,25,50,1295.49231581
peng_robinson,512,safeguarded_halley,0.0305018238723,0.0370307192206,16.7858814654,13.8263585147,2.84772205816e-14,1.30612187732e-11,0,5,7,1295.49231581
peng_robinson,512,analytic_cubic,0.0163996163756,0.0236822385341,31.2202424907,21.6195778648,2.22044604925e-16,2.77555756156e-16,0,1,1,1295.49231581
peng_robinson,512,brent_dekker,0.158175423741,0.171826884151,3.23691246016,2.97974326038,6.26304563767e-14,1.30614408178e-11,0,30,45,1295.49231581
peng_robinson,2048,safeguarded_newton,0.0327920019627,0.0495456010103,62.4542533979,41.3356576212,2.64233079861e-14,1.30613297955e-11,0,8,11,5267.51261418
peng_robinson,2048,brent_dekker,0.158966720104,0.173980802298,12.8831996952,11.7714137017,3.35564909193e-14,1.30614408178e-11,0,30,46,5267.51261418
peng_robinson,2048,analytic_cubic,0.016412479803,0.0363680012524,124.783093389,56.3132404716,2.22044604925e-16,2.77555756156e-16,0,1,1,5267.51261418
peng_robinson,2048,safeguarded_halley,0.0307382401079,0.0474784001708,66.6271065881,43.1354045762,3.34177130412e-14,1.30612187732e-11,0,5,7,5267.51261418
peng_robinson,2048,bracketed_secant,0.112099200487,0.125119999051,18.2695326202,16.3682865691,7.9936057773e-14,1.30403465803e-11,0,25,50,5267.51261418
peng_robinson,8192,brent_dekker,0.158951684833,0.199964791536,51.5376732787,40.967211963,4.38538094727e-14,1.30160326961e-10,0,30,45,21388.2018572
peng_robinson,8192,analytic_cubic,0.016412479803,0.0595935992897,499.132373556,137.464427349,2.22044604925e-16,2.77555756156e-16,0,1,1,21388.2018572
peng_robinson,8192,safeguarded_newton,0.0335436798632,0.0749440044165,244.218882168,109.308277077,3.45279360658e-14,1.30155553002e-10,0,8,11,21388.2018572
peng_robinson,8192,bracketed_secant,0.11281567812,0.153615996242,72.6140208217,53.3277796612,7.78543896018e-14,1.30166877277e-10,0,25,49,21388.2018572
peng_robinson,8192,safeguarded_halley,0.0307468790561,0.0733759999275,266.433545501,111.644134432,3.04201108747e-14,1.30160326961e-10,0,5,7,21388.2018572
peng_robinson,32768,analytic_cubic,0.0184512007982,0.139679998159,1775.92777611,234.593359334,2.22044604925e-16,3.33066907388e-16,0,1,1,86371.5593769
peng_robinson,32768,brent_dekker,0.160025596619,0.281823992729,204.767241569,116.27115095,4.38538094727e-14,5.9539539965e-10,0,30,45,86371.5593769
peng_robinson,32768,safeguarded_newton,0.0348512008786,0.162016004324,940.225850872,202.251624071,3.50830475782e-14,5.95395510672e-10,0,8,11,86371.5593769
peng_robinson,32768,safeguarded_halley,0.0309152007103,0.157728001475,1059.93165974,207.750048777,2.68673971959e-14,5.95395510672e-10,0,5,7,86371.5593769
peng_robinson,32768,bracketed_secant,0.125155195594,0.246079996228,261.818934839,133.159950025,7.87148124459e-14,5.95400062586e-10,0,25,49,86371.5593769
peng_robinson,131072,analytic_cubic,0.0624319985509,0.517952024937,2099.4362353,253.05818626,2.22044604925e-16,3.88578058619e-16,0,1,1,264705.749828
peng_robinson,131072,safeguarded_halley,0.107295997441,0.563199996948,1221.59263278,232.727273988,2.49245069028e-14,5.95395510672e-10,0,5,7,264705.749828
peng_robinson,131072,bracketed_secant,0.441184014082,0.896256029606,297.09145349,146.243925475,7.76601005725e-14,5.95400062586e-10,0,26,49,264705.749828
peng_robinson,131072,brent_dekker,0.609727978706,1.06211197376,214.967993232,123.406950715,3.66373598126e-14,5.9539539965e-10,0,30,45,264705.749828
peng_robinson,131072,safeguarded_newton,0.121823996305,0.576991975307,1075.91282485,227.164337823,3.48610029732e-14,5.95395510672e-10,0,8,11,264705.749828
peng_robinson,524288,analytic_cubic,0.195199996233,1.97391998768,2685.90169118,265.607523746,2.22044604925e-16,3.88578058619e-16,0,1,1,264705.749828
peng_robinson,524288,safeguarded_halley,0.339103996754,2.11452794075,1546.09796705,247.945647771,2.49245069028e-14,5.95395510672e-10,0,5,7,264705.749828
peng_robinson,524288,bracketed_secant,1.39548802376,3.16799998283,375.702256898,165.494950392,7.76601005725e-14,5.95400062586e-10,0,26,49,264705.749828
peng_robinson,524288,safeguarded_newton,0.386559993029,2.16182398796,1356.29141519,242.521131655,3.48610029732e-14,5.95395510672e-10,0,8,11,264705.749828
peng_robinson,524288,brent_dekker,1.96403205395,3.7401599884,266.944726766,140.177960736,3.66373598126e-14,5.9539539965e-10,0,30,45,264705.749828
peng_robinson,2097152,analytic_cubic,0.727775990963,7.82511997223,2881.58997554,268.002536376,2.22044604925e-16,3.88578058619e-16,0,1,1,264705.749828
peng_robinson,2097152,safeguarded_newton,1.44217598438,8.54259204865,1454.15817675,245.493638003,3.48610029732e-14,5.95395510672e-10,0,8,11,264705.749828
peng_robinson,2097152,bracketed_secant,5.25433588028,12.3803844452,399.127891285,169.393124203,7.76601005725e-14,5.95400062586e-10,0,26,49,264705.749828
peng_robinson,2097152,safeguarded_halley,1.27017605305,8.37248039246,1651.07190847,250.481565999,2.49245069028e-14,5.95395510672e-10,0,5,7,264705.749828
peng_robinson,2097152,brent_dekker,7.39763212204,14.515999794,283.489630926,144.471757355,3.66373598126e-14,5.9539539965e-10,0,30,45,264705.749828
peng_robinson,8388608,analytic_cubic,2.85353589058,31.1223049164,2939.72402019,269.536848975,2.22044604925e-16,3.88578058619e-16,0,1,1,264705.749828
peng_robinson,8388608,bracketed_secant,20.6810874939,48.9271354675,405.617354623,171.451034683,7.76601005725e-14,5.95400062586e-10,0,26,49,264705.749828
peng_robinson,8388608,safeguarded_newton,5.66860818863,33.9237747192,1479.83556472,247.278142525,3.48610029732e-14,5.95395510672e-10,0,8,11,264705.749828
peng_robinson,8388608,safeguarded_halley,4.98902416229,33.2615661621,1681.41258232,252.201233072,2.49245069028e-14,5.95395510672e-10,0,5,7,264705.749828
peng_robinson,8388608,brent_dekker,29.1296005249,57.4901771545,287.975387538,145.913761536,3.66373598126e-14,5.9539539965e-10,0,30,45,264705.749828
peng_robinson,16777216,safeguarded_halley,9.9603843689,66.4199066162,1684.39443486,252.59318862,2.49245069028e-14,5.95395510672e-10,0,5,7,264705.749828
peng_robinson,16777216,brent_dekker,58.3931503296,114.768608093,287.31479472,146.182970054,3.66373598126e-14,5.9539539965e-10,0,30,45,264705.749828
peng_robinson,16777216,safeguarded_newton,11.3222398758,67.8128662109,1481.79301835,247.40461416,3.48610029732e-14,5.95395510672e-10,0,8,11,264705.749828
peng_robinson,16777216,analytic_cubic,5.69660806656,62.1319694519,2945.12380069,270.025498113,2.22044604925e-16,3.88578058619e-16,0,1,1,264705.749828
peng_robinson,16777216,bracketed_secant,41.3217277527,97.930557251,406.014387888,171.317477108,7.76601005725e-14,5.95400062586e-10,0,26,49,264705.749828
