T_K,P_Pa,Z_liq_coolprop,Z_liq_cubic_root,Z_vap_coolprop,Z_vap_cubic_root,liquid_absolute_error,vapor_absolute_error
203.4395,25303.12654442537,0.00100895096422641,0.001008950964227724,0.9887174981471506,0.988717529199007,1.314269873486928e-15,3.105185641949504e-08
204.4630949685535,26843.06997219691,0.001066780767778672,0.001066780767779831,0.9881744274359149,0.9881744512154584,1.159445803255998e-15,2.377954355647915e-08
205.4866899371069,28458.00800500586,0.001127226473521218,0.001127226473522238,0.987612549829075,0.9876125679564397,1.02023424430886e-15,1.812736472039944e-08
206.5102849056604,30150.58990085237,0.001190372022198878,0.001190372022199773,0.9870315169773567,0.9870315307304475,8.953341540385296e-16,1.375309077733533e-08
207.5338798742139,31923.51648342954,0.001256302790204246,0.001256302790205029,0.9864309826423542,0.9864309930226375,7.825771281000371e-16,1.038028329958252e-08
208.5574748427673,33779.53990526104,0.001325105588041274,0.001325105588041957,0.985810602832241,0.9858106106249084,6.83481049534862e-16,7.79266740025264e-09
209.5810698113208,35721.46338931935,0.001396868659149476,0.001396868659150072,0.9851700359415062,0.9851700417574852,5.960943544325303e-16,5.815979031709162e-09
210.6046647798742,37752.14094984983,0.00147168167913494,0.001471681679135461,0.9845089428688145,0.9845089471820914,5.20200202358545e-16,4.313276846801273e-09
211.6282597484277,39874.47722025365,0.001549635759293647,0.001549635760394894,0.9838171454764054,0.983826990254548,1.101246697998715e-12,9.844778142586996e-06
212.6518547169811,42091.42660000864,0.001630823430488689,0.001630823431516444,0.9831157078339783,0.9831238372416745,1.027755137938957e-12,8.129407696233493e-06
213.6754496855346,44405.99377221755,0.001715338670308824,0.001715338671262198,0.9823924774991561,0.9823991570569859,9.533745320977616e-13,6.679557829736282e-06
214.6990446540881,46821.23274550099,0.001803276885525281,0.001803276886403953,0.9816471629370204,0.9816526215912559,8.786721350517723e-13,5.458654235512839e-06
215.7226396226415,49340.24664942897,0.001894734919406476,0.001894734920210695,0.9808794710765949,0.9808839057159568,8.042191045054548e-13,4.434639361949877e-06
216.746234591195,51966.18735244475,0.001989811054607636,0.001989811055338214,0.9800891078774103,0.9800926873461882,7.305779245458943e-13,3.579468777825667e-06
217.7698295597484,54702.25506631691,0.002088605016874164,0.002088605017532468,0.9792757788417851,0.9792786474953832,6.583037066854036e-13,2.868653598109283e-06
218.7934245283019,57551.69793786458,0.002191217979605766,0.002191217980193689,0.9784391894649166,0.9784414703220086,5.879225058180726e-13,2.28085709197412e-06
219.8170194968554,60517.81162906491,0.002297752569342911,0.002297752569862855,0.9775790456390647,0.9775808431683068,5.199438969649695e-13,1.797529242120177e-06
220.8406144654088,63603.93888654993,0.002408312872233824,0.002408312872688663,0.9766950540106053,0.9766964565911916,4.548388575498219e-13,1.402580586340463e-06
221.8642094339623,66813.46910131685,0.002523004441533923,0.002523004441926973,0.9757869222932969,0.975788004385463,3.93049308378135e-13,1.082092166093673e-06
222.8878044025157,70149.83785963073,0.00264193430619645,0.002641934306531418,0.9748543595429006,0.9748551835994584,3.349681643172175e-13,8.240565578798709e-07
223.9113993710692,73616.52648625425,0.00276521098061976,0.002765210980900705,0.9738970764004306,0.9738976945432198,2.809449721474788e-13,6.181427892881786e-07
224.9349943396226,77217.06158039418,0.002892944475589793,0.002892944475821076,0.9729147852946923,0.9729152407894842,2.312833084772148e-13,4.554947918844476e-07
225.9585893081761,80955.01454590553,0.003025246310500886,0.003025246310687106,0.9719072006228044,0.9719075291674094,1.862208304226343e-13,3.285446049661189e-07
226.9821842767296,84834.0011161127,0.003162229526894877,0.003162229527040834,0.9708740389008605,0.9708742697493944,1.459574648643436e-13,2.308485338442523e-07
228.005779245283,88857.68087417608,0.003304008703381571,0.003304008703492184,0.9698150188856528,0.969815175831062,1.106133414030541e-13,1.56945409224285e-07
229.0293742138365,93029.75677016974,0.003450699972013914,0.003450699972094194,0.9687298616792396,0.9687299639044985,8.027953302125468e-14,1.022252589244488e-07
230.0529691823899,97353.97463510024,0.003602421036158317,0.003602421036213273,0.9676182908074858,0.9676183536250443,5.495517235720726e-14,6.281755848824844e-08
231.0765641509434,101834.1226932006,0.003759291189943513,0.003759291189978122,0.9664800322823932,0.9664800677716283,3.460903438834428e-14,3.548923510621194e-08
232.1001591194969,106474.0310727896,0.00392143133933481,0.003921431339353952,0.9653148146423552,0.965314832200956,1.914267355740407e-14,1.755860079555305e-08
233.1237540880503,111277.5720742803,0.004088964063354141,0.004088964052747302,0.9641312660046595,0.9641223755438606,1.06068391916847e-11,8.890460798882671e-06
234.1473490566038,116248.6560617824,0.004262013457826545,0.00426201345258785,0.9629063901920512,0.9629024303503853,5.238694894549312e-12,3.959841665901465e-06
235.1709440251572,121391.2377077474,0.004440705488920498,0.004440705489113863,0.9616545990951667,0.961654730786488,1.933644216967068e-13,1.316913212923154e-07
236.1945389937107,126709.3097780727,0.004625167752393577,0.00462516775805535,0.9603755269408771,0.96037901447445,5.661772266296605e-12,3.487533572821278e-06
237.2181339622642,132206.9045145141,0.004815529588494834,0.004815529599634574,0.9590688203045071,0.9590750217920727,1.113974017197261e-11,6.201487565582475e-06
238.2417289308176,137888.0931522617,0.00501192211425283,0.005011922130854727,0.9577341373135672,0.9577424957927827,1.660189780788857e-11,8.358479215542225e-06
239.2653238993711,143756.985440639,0.005214478257886066,0.005214478279911039,0.9563711468902926,0.9563811821205291,2.20249729912525e-11,1.003523023657138e-05
240.2889188679245,149817.7264380539,0.005423332724000748,0.005423332724045354,0.9549908115187284,0.9549908297710645,4.460581209952963e-14,1.825233608698795e-08
241.312513836478,156074.5061104186,0.005638622293005844,0.005638622293067687,0.9535711648669531,0.9535711878455981,6.184289191857317e-14,2.297864498679303e-08
242.3361088050315,162531.5450303238,0.00586048550932165,0.005860485509402706,0.952121982446016,0.9521220097910335,8.10558217767543e-14,2.734501747259088e-08
243.3597037735849,169193.1023232923,0.00608906293648469,0.006089062936586617,0.95064301942657,0.9506430506522456,1.019262799162313e-13,3.122567560076561e-08
244.3832987421384,176063.4732955023,0.006324497155957923,0.00632449715608208,0.9491340330124372,0.9491340675654675,1.24156761260874e-13,3.455303032584567e-08
245.4068937106918,183146.9889862004,0.006566932816166356,0.006566932816313844,0.9475947823377305,0.9475948196432515,1.474879246510241e-13,3.730552100567053e-08
246.4304886792453,190448.0157271612,0.006816516684312459,0.006816516684484181,0.9460250283599225,0.9460250678547123,1.717220116104201e-13,3.949478977194332e-08
247.4540836477988,197970.9547091211,0.007073397701063029,0.007073397701259734,0.9444245337437578,0.9444245749012252,1.967046317497001e-13,4.115746743416082e-08
248.4776786163522,205720.2415559745,0.00733772703823612,0.007337727038458476,0.9427930627408584,0.9427931050875187,2.223568551507071e-13,4.234666028946066e-08
249.5012735849057,213700.3459068408,0.007609658159598839,0.007609658159847495,0.941130381062284,0.9411304241882636,2.486552630465155e-13,4.312597967626175e-08
250.5248685534591,221915.7710064581,0.00788934688490611,0.007889346885181789,0.9394362557455689,0.9394362993101444,2.756787853552822e-13,4.356457550258597e-08
251.5484635220126,230371.0533042517,0.008176951457313975,0.008176951457617546,0.9377104550165392,0.9377104987493988,3.035714041255133e-13,4.373285966696727e-08
252.5720584905661,239070.7620622543,0.008472632614302927,0.008472632614635505,0.9359527481453827,0.9359527918448869,3.325777153673215e-13,4.369950423743774e-08
253.5956534591195,248019.4989723836,0.008776553662266479,0.008776553662629499,0.9341629052975999,0.9341629488265759,3.630203776472385e-13,4.352897597925676e-08
254.619248427673,257221.8977830632,0.009088880554910956,0.009088880555306302,0.9323406973795029,0.9323407406595159,3.953452148985903e-13,4.328001301789897e-08
255.6428433962264,266682.6353562081,0.009409782272615096,0.009409782378608874,0.9304753197110549,0.9304859357260236,1.059937779906983e-10,1.061601496865627e-05
256.6664383647799,276406.3859743485,0.009739429725057556,0.009739429838585166,0.9285879215918906,0.9285983122180245,1.135276091884796e-10,1.039062613383823e-05
257.6900333333334,286397.8885137417,0.01007799761178235,0.01007799773379139,0.9266674299404699,0.926677639231825,1.22009046962801e-10,1.020929135508997e-05
258.7136283018868,296661.9014246659,0.01042566334224389,0.01042566347387843,0.9247136142207799,0.9247236890163343,1.316345383389761e-10,1.007479555437119e-05
259.7372232704403,307203.2134972456,0.01078260742853272,0.01078260757115367,0.9227262450349795,0.9227362337049811,1.426209480376306e-10,9.988670001681577e-06
260.7608182389937,318026.6435498429,0.01114901359049473,0.01114901374570079,0.9207050937906872,0.9207150451307651,1.552060598097871e-10,9.951340077862803e-06
261.7844132075472,329137.0401284933,0.01152506886605037,0.01152506903569901,0.9186499323743786,0.918659894636065,1.696486354174631e-10,9.962261686369267e-06
262.8080081761007,340539.2812173447,0.01191096372695503,0.01191096391318336,0.9165605328289309,0.9165705528770758,1.862283313669444e-10,1.002004814487645e-05
263.8316031446541,352238.2739606744,0.01230689220027928,0.01230689240552476,0.9144366670365445,0.9144467896225984,2.052454785989033e-10,1.012258605392891e-05
264.8551981132076,364238.9543961212,0.01271305199587277,0.01271305222289317,0.9122781064037989,0.9122883735470801,2.270203990073494e-10,1.026714328122846e-05
265.878793081761,376546.2871996812,0.01312964464012486,0.01312964489201747,0.9100846215503504,0.9100950720175953,2.518926092015539e-10,1.045046724490462e-05
266.9023880503145,389165.2654422864,0.01355687561633057,0.01355687589655012,0.9078559819985228,0.9078666508745631,2.802195506884653e-10,1.066887604028732e-05
267.925983018868,402100.9103582401,0.01399495451200657,0.01399495482438161,0.9055919558645379,0.905602874205895,3.123750442340922e-10,1.091834135713565e-05
268.9495779874214,415358.2711254787,0.01444409517351491,0.01444409552226222,0.9032923095493867,0.9033035041142943,3.48747312278741e-10,1.119456490761284e-05
269.9731729559749,428942.4043613076,0.01490451555287285,0.01490451555449272,0.9009682578456091,0.9009683055808891,1.619869169355859e-12,4.773528006207783e-08
270.9967679245283,442858.4541221019,0.01537643915237292,0.01537643915416426,0.8985969775060781,0.8985970260204273,1.791334441891834e-12,4.851434920460918e-08
272.0203628930818,457111.53289503,0.01586009327888984,0.01586009328086797,0.8961893757466938,0.8961894249988664,1.978125996338065e-12,4.925217267359727e-08
273.0439578616352,471706.7996876202,0.01635571052149844,0.01635571052367888,0.8937452042726168,0.8937452541986695,2.180439856447336e-12,4.992605262543748e-08
274.0675528301887,486649.4405343367,0.01686352862538467,0.01686352862778285,0.891264211523354,0.8912642620377685,2.398178877704993e-12,5.051441454018146e-08
275.0911477987422,501944.6683495658,0.01738379069941684,0.01738379070204793,0.8887461423905276,0.8887461933876386,2.631082851589639e-12,5.099711097855675e-08
276.1147427672956,517597.7227927601,0.01791674543435061,0.01791674543722921,0.8861907379255443,0.8861907892814994,2.878596666588962e-12,5.135595515515234e-08
277.1383377358491,533613.8701460453,0.01846264733229607,0.0184626473354359,0.8835977350370715,0.8835977866120307,3.139821735942405e-12,5.157495919227983e-08
278.1619327044025,549998.4032042145,0.01902175694810776,0.01902175695152137,0.8809668661775316,0.8809669178179488,3.413609672708873e-12,5.164041716465562e-08
279.185527672956,566756.641177087,0.01959434114340907,0.01959434114710759,0.8782978590175679,0.8782979105588186,3.698520656403304e-12,5.154125071182847e-08
280.2091226415095,583893.929604418,0.02018067335402298,0.02018067335801565,0.8755904361083164,0.8755904873772619,3.992667307883835e-12,5.126894542240024e-08
281.2327176100629,601415.6402831828,0.0207810338716261,0.02078103387592006,0.872844314530088,0.872844365347852,4.293964489532343e-12,5.081776399684657e-08
282.2563125786164,619327.1712074168,0.0213957101405182,0.02139571014511806,0.870059205527055,0.8700592557117672,4.599858688392189e-12,5.018471227469234e-08
283.2799075471698,637633.9465206155,0.02202499707046143,0.02202499707536899,0.8672348141268211,0.8672348634962525,4.907560469114003e-12,4.936943132083371e-08
284.3035025157233,656341.4164806008,0.0226691973666141,0.02266919737182802,0.8643708387436864,0.8643708871179314,5.213923043312363e-12,4.837424505410581e-08
285.3270974842767,675455.0574369916,0.02332862187767297,0.02332862188318842,0.8614669707648583,0.8614670179688119,5.5154492084597e-12,4.720395352375562e-08
286.3506924528302,694980.3718212366,0.02400358996341991,0.02400358996922837,0.8585228941180649,0.8585229399838202,5.808454411893038e-12,4.586575530485248e-08
287.3742874213837,714922.8881492175,0.02469442988296673,0.02469442988905568,0.8555382848194786,0.8555383291885755,6.088948789617632e-12,4.436909695204605e-08
288.3978823899371,735288.1610364667,0.0254014792050986,0.02540147921145134,0.8525128105005711,0.852512853226004,6.352734310821617e-12,4.272543285832597e-08
289.4214773584906,756081.771226006,0.02612508524223044,0.02612508524882597,0.8494461299122623,0.8494461708602821,6.595522739072379e-12,4.094801975274009e-08
290.445072327044,777309.3256287661,0.02686560550961504,0.02686560551642793,0.8463378924047581,0.8463379314564705,6.812893998953129e-12,3.90517124193579e-08
291.4686672955975,798976.4573766586,0.02762340821158421,0.02762340821858463,0.8431877373813393,0.8431877744340679,7.000417606706222e-12,3.70527285520339e-08
292.492262264151,821088.8258883372,0.02839887275675483,0.02839887276390857,0.8399952937241796,0.8399953286925185,7.153742875853908e-12,3.496833889116147e-08
293.5158572327044,843652.1169475064,0.02919239030429254,0.02919239031156122,0.8367601791898756,0.83676021200663,7.268675245031275e-12,3.281675442501353e-08
294.5394522012579,866672.0427940353,0.03000436434352402,0.03000436435086526,0.8334819997728747,0.8334820303895536,7.341231789137481e-12,3.061667885884134e-08
295.5630471698113,890154.3422276613,0.03083521130937407,0.03083521131674189,0.8301603490336982,0.8301603774208701,7.367818161130302e-12,2.838717194642015e-08
296.5866421383648,914104.7807244346,0.03168536123634155,0.03168536124368692,0.8267948073897283,0.8267948335370733,7.345374308798114e-12,2.614734495587356e-08
297.6102371069182,938529.1505658677,0.03255525845396735,0.03255525846123859,0.8233849413653186,0.8233849652814509,7.271239166328769e-12,2.391613229679734e-08
298.6338320754717,963433.2912312612,0.0334453587627919,0.03344536303001688,0.8199173450024101,0.819930320032264,4.267224976151063e-09,1.297502985386778e-05
299.6574270440252,988823.0069901773,0.03435614425600863,0.03435614869334103,0.81641797481859,0.8164304434296054,4.437332404294558e-09,1.246861101533714e-05
300.6810220125786,1014704.193220387,0.03528810346014184,0.03528810805203002,0.8128729259905035,0.8128848505507524,4.5918881752538e-09,1.192456024889932e-05
301.7046169811321,1041082.750990024,0.03624174579349741,0.03624175052057278,0.80928169865023,0.8092930439297282,4.727075376964596e-09,1.13452794981983e-05
302.7282119496855,1067964.609010422,0.03721759919386011,0.03721760403260841,0.8056437742853817,0.8056545077234083,4.838748304814011e-09,1.073343802659998e-05
303.751806918239,1095355.723841752,0.03821621114257721,0.03821621606501723,0.8019586146733314,0.8019687066380957,4.922440018095831e-09,1.009196476431384e-05
304.7754018867925,1123262.080111656,0.03923814976042149,0.03923815473379813,0.7982256607449771,0.7982350847851557,4.973376641070892e-09,9.424040178562798e-06
305.7989968553459,1151689.690746749,0.04028400498144413,0.04028400996794636,0.7944443313711625,0.7944530644594753,4.986502231962842e-09,8.733088312729009e-06
306.8225918238994,1180644.597217171,0.04135438981168649,0.04135439476820096,0.7906140220652982,0.7906220448338419,4.956514476628371e-09,8.022768543725078e-06
307.8461867924528,1210132.869794125,0.04244994168033758,0.04244994655825219,0.7867341035940768,0.7867414005616804,4.877914606959965e-09,7.296967603598326e-06
308.8697817610063,1240160.607820512,0.04357132389174841,0.04357132863682292,0.7828039204880674,0.7828104802796608,4.745074513867742e-09,6.559791593474529e-06
309.8933767295597,1270733.939994777,0.04471922718763292,0.04471923173995714,0.7788227894427877,0.7788286050008794,4.552324218976e-09,5.815558091648576e-06
310.9169716981132,1301859.024667986,0.04589437142982253,0.04589437572388654,0.7747899975996131,0.7747950663881806,4.294064014087606e-09,5.06878856754156e-06
311.9405666666667,1333542.050154074,0.04709750741511105,0.04709751138001705,0.7707048006949592,0.7707091248961011,3.964905993802947e-09,4.324201141936435e-06
312.9641616352201,1365789.235053646,0.04832941883507219,0.04832942239492357,0.7665664210648453,0.7665700077684986,3.559851378953649e-09,3.586703653302159e-06
313.9877566037736,1398606.828591111,0.0495909243952228,0.04959092746973213,0.7623740454903669,0.7623769068774769,3.074509327682939e-09,2.861387110031366e-06
315.011351572327,1432001.110965411,0.05088288010963744,0.05088288261500469,0.7581268228676428,0.7581289763874779,2.505367253935464e-09,2.153519835124129e-06
316.0349465408805,1465978.393714391,0.05220618178907487,0.05220618363919569,0.7538238616843604,0.753825330226452,1.850120820434675e-09,1.468542091598302e-06
317.058541509434,1500545.020092923,0.05356176774291693,0.05356176885099277,0.749464227282298,0.7494650393437627,1.108075839417744e-09,8.120614647388891e-07
318.0821364779874,1535707.365464842,0.0549506217177863,0.05495062199842349,0.7450469388828332,0.7450471287319357,2.806371940389241e-10,1.898491024387994e-07
319.1057314465409,1571471.837708934,0.05637377609866575,0.05637377547056499,0.7405709663496225,0.7405705741863935,6.28100758903738e-10,3.921632290015964e-07
320.1293264150943,1607844.877638957,0.05783231540172627,0.05783231379108665,0.7360352266587898,0.7360342987739066,1.610639614735287e-09,9.27884883261676e-07
321.1529213836478,1644832.959437927,0.05932738009200538,0.05932737743678925,0.7314385800435912,0.7314371689766084,2.655216130298399e-09,1.411066982814901e-06
322.1765163522012,1682442.591106772,0.06086017076361448,0.06086016701884937,0.7267798257754517,0.7267779904738096,3.744765109114923e-09,1.835301642105769e-06
323.2001113207547,1720680.314927555,0.06243195272543479,0.06243194786976455,0.7220576975382573,0.7220555035185974,4.855670233949727e-09,2.194019659951252e-06
324.2237062893082,1759552.707941319,0.06404406104140674,0.06404405508514514,0.7172708583464849,0.717268377860076,5.956261595052581e-09,2.48048640882903e-06
325.2473012578616,1799066.382440857,0.06569790608171346,0.06569789907670598,0.7124178949505462,0.7124152071548423,7.005007476856839e-09,2.687795703892881e-06
326.2708962264151,1839227.986478565,0.06739497964958484,0.06739497170124759,0.7074973116642382,0.7074945028028636,7.948337252261517e-09,2.808861374603566e-06
327.2944911949685,1880044.204389457,0.06913686175836757,0.0691368530403495,0.70250752353919,0.7025046871330638,8.718018071340872e-09,2.836406126194291e-06
328.318086163522,1921521.757329773,0.07092522814523793,0.07092521891724517,0.6974468487994093,0.6974440858520385,9.227992758820136e-09,2.76294737078242e-06
329.3416811320755,1963667.403831219,0.07276185862181517,0.07276184925125483,0.6923135004350229,0.6923109196555471,9.370560341559475e-09,2.580779475791495e-06
330.3652761006289,2006487.940371183,0.07464864637848502,0.0746486373667279,0.687105576837631,0.6871032948857759,9.0117571183157e-09,2.281951855032105e-06
331.3888710691824,2049990.201959247,0.07658760837901447,0.07658760039325227,0.6818210513398829,0.681819193097518,7.985762204287816e-09,1.858242364871643e-06
332.4124660377358,2094181.062740163,0.07858089700576845,0.07858089091766698,0.6764577604976812,0.6764564593727787,6.088101467405238e-09,1.301124902597373e-06
333.4360610062893,2139067.436613741,0.0806308131444826,0.08063081007710417,0.671013390924893,0.6710127891944119,3.067378434584711e-09,6.017304811090085e-07
334.4596559748428,2184656.277872036,0.08273982093224114,0.08273982231705908,0.665485464455273,0.6654857136547867,1.384817940874861e-09,2.491995136910674e-07
335.4832509433962,2230954.581854021,0.08491056443456328,0.08491057208083302,0.6598713213635194,0.6598725827330392,7.646269742367373e-09,1.261369519722777e-06
336.5068459119497,2277969.385618594,0.08714588656929552,0.08714590274860023,0.6541681013255208,0.6541705463224938,1.617930471542461e-08,2.444996972994495e-06
337.5304408805032,2325707.768636067,0.08944885065872009,0.08944887820822427,0.6483727217331723,0.6483765326260836,2.754950417793722e-08,3.810892911348951e-06
338.5540358490566,2374176.853498936,0.09182276507030715,0.09182280751916405,0.6424818528994534,0.6424872234581607,4.244885690174449e-08,5.370558707307183e-06
339.57763081761,2423383.806652703,0.0942712115050167,0.09427127322955894,0.6364918895900413,0.6364990258924393,6.172454224129265e-08,7.136302398014216e-06
340.6012257861635,2473335.83914732,0.09679807761567556,0.09679816403055717,0.630398918192703,0.6304080395717185,8.641488161154065e-08,9.121379015541997e-06
341.624820754717,2524040.207410604,0.09940759479428639,0.09940771258875997,0.6241986786777474,0.6242100188380637,1.1779447357807e-07,1.134016031634211e-05
342.6484157232704,2575504.214044474,0.102104382166231,0.1021045395974122,0.6178865203012585,0.6179003286423823,1.574311812579943e-07,1.380834112385543e-05
343.6720106918239,2627735.208645848,0.1048934980851195,0.1048937053436392,0.61145734974416,0.6114738929353319,2.07258519721587e-07,1.654319117194714e-05
344.6956056603774,2680740.588653709,0.1077805007533829,0.1077807704215927,0.604905570044482,0.6049251339087625,2.696682098457526e-07,1.956386428048074e-05
345.7192006289308,2734527.80022504,0.1107715200270961,0.1107718676564741,0.598225008241383,0.598247900021383,3.476293780613204e-07,2.289177999992287e-05
346.7427955974842,2789104.339142389,0.1138733430359481,0.1138737878792083,0.5914088290689514,0.5914353801670125,4.448432602000008e-07,2.655109806104505e-05
347.7663905660378,2844477.568781004,0.1170940754271278,0.1170940770196357,0.5844799629773074,0.5844800489926754,1.592507847814062e-09,8.601536793939601e-08
348.7899855345912,2900655.39243499,0.1204411804300018,0.1204411827692977,0.5773732515176869,0.5773733656685726,2.339295937514585e-09,1.141508856328244e-07
349.8135805031446,2957645.321549072,0.1239245729160052,0.1239245763272704,0.5701057154623277,0.5701058655723684,3.411265186992196e-09,1.501100407308442e-07
350.8371754716981,3015455.056231111,0.127554954211712,0.1275549591594964,0.5626666254749673,0.5626668214196235,4.94778443216326e-09,1.959446562782574e-07
351.8607704402516,3074092.350433875,0.1313444851244128,0.1313444922749902,0.5550437904974413,0.5550440447926319,7.150577352454945e-09,2.542951905715185e-07
352.884365408805,3133565.012928963,0.1353070802846607,0.1353070905989283,0.5472232631420327,0.5472235917375887,1.031426752340359e-08,3.285955559872988e-07
353.9079603773585,3193880.908303238,0.1394587835123633,0.1394587983861743,0.539188963956046,0.5391893873212328,1.487381104392504e-08,4.233651867968646e-07
354.931555345912,3255047.957978289,0.1438182532679332,0.1438182747474591,0.5309221954415764,0.5309227400748382,2.147952582465251e-08,5.446332618230798e-07
355.9551503144654,3317074.141253208,0.1484074004394749,0.1484074315577202,0.5224010034888826,0.5224017040560085,3.111824534163254e-08,7.005671258664137e-07
356.9787452830188,3379967.496371154,0.1532522413381939,0.1532522866517585,0.5135993231999697,0.5136002256232577,4.531356456727309e-08,9.024232879850658e-07
358.0023402515723,3443736.121610188,0.1583840619630563,0.1583841284286237,0.5044858127813969,0.5044869788019872,6.646556743872267e-08,1.166020590304129e-06
359.0259352201258,3508388.17639808,0.1638410448107557,0.1638411432552789,0.4950222237704573,0.4950237378518837,9.844452319995867e-08,1.514081426401415e-06
360.0495301886792,3573931.882451619,0.1696706049472551,0.1696707526105771,0.48516106004173,0.4851630400951408,1.476633220143242e-07,1.980053410788329e-06
361.0731251572327,3640375.524939163,0.1759328545659862,0.1759330796537476,0.4748421048025451,0.4748447193231332,2.250877613740876e-07,2.614520588084535e-06
362.0967201257862,3707727.453665191,0.1827059440390684,0.182706294198143,0.4639870645884253,0.4639905608043203,3.501590746524119e-07,3.496215895015808e-06
363.1203150943396,3775996.084273643,0.1900946955039051,0.1900952542661749,0.4524909086267594,0.452495659725959,5.58762269814439e-07,4.751099199507003e-06
364.1439100628931,3845189.899466834,0.1982454141724952,0.1982463340575936,0.4402070094583207,0.4402135932579898,9.198850984548645e-07,6.583799669113155e-06
365.1675050314466,3915317.450258197,0.2073733370046332,0.2073749062285196,0.4269196257338657,0.4269289383817604,1.569223886416227e-06,9.312647894721415e-06
366.1911,3986387.357488044,0.2178191362378599,0.2178218822066761,0.4122874924384312,0.4123007317087524,2.745968816192379e-06,1.323927032120809e-05
