effective_irradiance_W_m2,cell_temperature_C,IL_A,I0_A,Rs_ohm,Rsh_ohm,nNsVth_V,i_sc,v_oc,i_mp,v_mp,p_mp
100,-10,0.49690883940934,1.058038660295107e-12,1.066023,3812.54425,2.32649313063894,0.4967699378921884,62.44711789873986,0.4631412172617575,54.48005869834635,25.23196070204413
150,-10,0.7453632591140099,1.058038660295107e-12,1.066023,2541.696166666667,2.32649313063894,0.7450507743752114,63.38923299510384,0.6945903247309752,55.15716246364685,38.31163138686362
200,-10,0.99381767881868,1.058038660295107e-12,1.066023,1906.272125,2.32649313063894,0.9932622280163664,64.05767392074108,0.9259046841158404,55.57190033126442,51.45428282193635
250,-10,1.24227209852335,1.058038660295107e-12,1.066023,1525.0177,2.32649313063894,1.24140432789546,64.57615677000035,1.157076704450746,55.8428965644132,64.61451472373508
300,-10,1.49072651822802,1.058038660295107e-12,1.066023,1270.848083333334,2.32649313063894,1.48947710307605,64.99978796522805,1.388101445335285,56.02302284674848,77.76563898562327
350,-10,1.73918093793269,1.058038660295107e-12,1.066023,1089.298357142857,2.32649313063894,1.737480582605458,65.35796294007991,1.618974956789983,56.14049950827689,90.89006276558067
400,-10,1.98763535763736,1.058038660295107e-12,1.066023,953.1360625000001,2.32649313063894,1.985414795514777,65.66822814389047,1.84969385720075,56.2121764592497,103.9753174965588
450,-10,2.23608977734203,1.058038660295107e-12,1.066023,847.2320555555557,2.32649313063894,2.233279770818888,65.94190139354964,2.080254823565912,56.24893167798567,117.0121114435591
500,-10,2.4845441970467,1.058038660295107e-12,1.066023,762.5088500000001,2.32649313063894,2.481075537516469,66.18671041337643,2.310654690530317,56.25819414390079,129.9932601793696
550,-10,2.73299861675137,1.058038660295107e-12,1.066023,693.1898636363636,2.32649313063894,2.728802124590003,66.40816707359249,2.540890344638271,56.2452645603222,142.9130496529478
600,-10,2.98145303645604,1.058038660295107e-12,1.066023,635.4240416666668,2.32649313063894,2.976459561005792,66.61034113465098,2.770958504984089,56.21406191491594,155.7668329628385
650,-10,3.22990745616071,1.058038660295107e-12,1.066023,586.5452692307693,2.32649313063894,3.224047875713973,66.79632321704275,3.00085597463387,56.16756151421838,168.5507625505576
700,-10,3.47836187586538,1.058038660295107e-12,1.066023,544.6491785714286,2.32649313063894,3.471567097648518,66.96851570861008,3.230579384538661,56.10807961976857,181.2616053256782
750,-10,3.72681629557005,1.058038660295107e-12,1.066023,508.3392333333334,2.32649313063894,3.719017255727258,67.12882306451866,3.460125328356382,56.0374531295158,193.8966109100212
800,-10,3.97527071527472,1.058038660295107e-12,1.066023,476.56803125,2.32649313063894,3.966398378851884,67.27878056502459,3.689490278929709,55.95716469944003,206.4534151950527
850,-10,4.223725134979389,1.058038660295107e-12,1.066023,448.5346176470589,2.32649313063894,4.21371049590796,67.41964396995786,3.918670673503462,55.8684274245442,218.9299681233179
900,-10,4.47217955468406,1.058038660295107e-12,1.066023,423.6160277777778,2.32649313063894,4.460953635764942,67.55245350816131,4.147662734826268,55.77224893347397,231.3244785388241
950,-10,4.72063397438873,1.058038660295107e-12,1.066023,401.3204473684211,2.32649313063894,4.708127827276181,67.67808054293209,4.376462695531472,55.66947288182671,243.6353713472155
1000,-10,4.9690883940934,1.058038660295107e-12,1.066023,381.254425,2.32649313063894,4.955233099278931,67.79726225371633,4.605066660290354,55.56081433997629,255.861253735607
1050,-10,5.21754281379807,1.058038660295107e-12,1.066023,363.0994523809524,2.32649313063894,5.202269480594373,67.91062784728547,4.833470442034385,55.44688674412431,268.000888180553
1100,-10,5.46599723350274,1.058038660295107e-12,1.066023,346.5949318181818,2.32649313063894,5.449237000027617,68.0187186657613,5.061669979422994,55.32821613465264,280.0531706237982
100,-5,0.49898271949372,3.028969098915106e-12,1.066023,3812.54425,2.370697826261949,0.498843238261919,61.15201342554451,0.4646143429054112,53.14325530694171,24.69111864428923
150,-5,0.74847407924058,3.028969098915106e-12,1.066023,2541.696166666667,2.370697826261949,0.7481602903264236,62.11201230336042,0.6968192887904657,53.83601821786694,37.51397592588459
200,-5,0.9979654389874399,3.028969098915106e-12,1.066023,1906.272125,2.370697826261949,0.9974076699754013,62.79314195615257,0.9288873162539194,54.26189385866561,50.40318496123093
250,-5,1.2474567987343,3.028969098915106e-12,1.066023,1525.0177,2.370697826261949,1.246585406410021,63.32146693668778,1.160808465636092,54.54154568700744,63.3122879623559
300,-5,1.49694815848116,3.028969098915106e-12,1.066023,1270.848083333334,2.370697826261949,1.495693528815135,63.75313973212155,1.392576301107102,54.72876099708236,76.21397555349159
350,-5,1.74643951822802,3.028969098915106e-12,1.066023,1089.298357142857,2.370697826261949,1.74473206635929,64.11811377845038,1.624185989266016,54.85224397227319,89.09024613956737
400,-5,1.99593087797488,3.028969098915106e-12,1.066023,953.1360625000001,2.370697826261949,1.993701048194739,64.43426860244426,1.855633259045467,54.9291417797409,101.9283423773111
450,-5,2.24542223772174,3.028969098915106e-12,1.066023,847.2320555555557,2.370697826261949,2.24260050345745,64.71313686264011,2.086914273593696,54.97051782986902,114.7187582859904
500,-5,2.4949135974686,3.028969098915106e-12,1.066023,762.5088500000001,2.370697826261949,2.491430461267121,64.96259297564984,2.318025266849682,54.98393246954467,127.4541447351612
550,-5,2.74440495721546,3.028969098915106e-12,1.066023,693.1898636363636,2.370697826261949,2.74019095072719,65.18825344128936,2.548962653140838,54.97477863970541,140.1286576172938
600,-5,2.99389631696232,3.028969098915106e-12,1.066023,635.4240416666668,2.370697826261949,2.988882000924844,65.39426527460023,2.779722727235064,54.94704334597277,152.7375451831707
650,-5,3.24338767670918,3.028969098915106e-12,1.066023,586.5452692307693,2.370697826261949,3.237503640931032,65.583777764042,3.010301853646264,54.90375450635385,165.2768739626164
700,-5,3.49287903645604,3.028969098915106e-12,1.066023,544.6491785714286,2.370697826261949,3.486055899800475,65.75923890097738,3.240696248366602,54.84726920847406,177.7433395570549
750,-5,3.7423703962029,3.028969098915106e-12,1.066023,508.3392333333334,2.370697826261949,3.734538806571683,65.92258929203899,3.470902088958971,54.77945701772207,190.1341317948497
800,-5,3.99186175594976,3.028969098915106e-12,1.066023,476.56803125,2.370697826261949,3.982952390266955,66.07539336105742,3.700915513708804,54.70182587994062,202.44683602727
850,-5,4.24135311569662,3.028969098915106e-12,1.066023,448.5346176470589,2.370697826261949,4.231296679892399,66.21893070540978,3.93073247205635,54.61561191016455,214.6793592165113
900,-5,4.49084447544348,3.028969098915106e-12,1.066023,423.6160277777778,2.370697826261949,4.479571704437941,66.35426130015526,4.160348856018299,54.52183971665552,226.8298734932008
950,-5,4.74033583519034,3.028969098915106e-12,1.066023,401.3204473684211,2.370697826261949,4.727777492877334,66.48227304930151,4.389760430658601,54.4213690214817,238.8967723127702
1000,-5,4.9898271949372,3.028969098915106e-12,1.066023,381.254425,2.370697826261949,4.975914074168169,66.60371712585015,4.618962952084748,54.31492707062502,250.8786358844019
1050,-5,5.239318554684059,3.028969098915106e-12,1.066023,363.0994523809524,2.370697826261949,5.223981477251887,66.71923468052796,4.84795183589879,54.20313824117234,262.7742035477674
1100,-5,5.48880991443092,3.028969098915106e-12,1.066023,346.5949318181818,2.370697826261949,5.471979731053795,66.82937733151402,5.07672253102708,54.0865390537008,274.582351439199
100,0,0.5010565995781,8.352369653525143e-12,1.066023,3812.54425,2.414902521884957,0.5009165386308359,59.85482140375757,0.4660374534180731,51.80858372386517,24.14474042386715
150,0,0.7515848993671499,8.352369653525143e-12,1.066023,2541.696166666667,2.414902521884957,0.751269806276344,60.83270360475467,0.6989758801531381,52.51694044783973,36.70807467247871
200,0,1.0021131991562,8.352369653525143e-12,1.066023,1906.272125,2.414902521884957,1.001553111932612,61.52652165912173,0.9317753299862175,52.95392570547043,49.34116159828035
250,0,1.25264149894525,8.352369653525143e-12,1.066023,1525.0177,2.414902521884957,1.251766484922165,62.06468851814429,1.164423170892557,53.24222733763611,61.9964831818726
300,0,1.5031697987343,8.352369653525143e-12,1.066023,1270.848083333334,2.414902521884957,1.501909954551142,62.50440270707918,1.396911465966649,53.43653408796825,74.64610716900054
350,0,1.75369809852335,8.352369653525143e-12,1.066023,1089.298357142857,2.414902521884957,1.751983550109309,62.87617565000483,1.629234180318257,53.5660393496631,87.27162221274388
400,0,2.0042263983124,8.352369653525143e-12,1.066023,953.1360625000001,2.414902521884957,2.001987300870067,63.19821994261088,1.861386270903339,53.64817777644065,99.85998157204824
450,0,2.25475469810145,8.352369653525143e-12,1.066023,847.2320555555557,2.414902521884957,2.251921236090463,63.48228307958357,2.093363212351436,53.69420079100866,112.4014646525089
500,0,2.5052829978905,8.352369653525143e-12,1.066023,762.5088500000001,2.414902521884957,2.501785385011208,63.73638616607332,2.325160702056332,53.71179605936035,124.8885574340888
550,0,2.75581129767955,8.352369653525143e-12,1.066023,693.1898636363636,2.414902521884957,2.751579776856679,63.96625032880797,2.556774520067383,53.70645108720795,137.3152857030185
600,0,3.0063395974686,8.352369653525143e-12,1.066023,635.4240416666668,2.414902521884957,3.001304440834932,64.17609983544162,2.788200544142295,53.68221924856397,149.6767929196121
650,0,3.25686789725765,8.352369653525143e-12,1.066023,586.5452692307693,2.414902521884957,3.250959406137721,64.36914264089637,3.019434621520813,53.64218145069063,161.9690598461169
700,0,3.507396197046699,8.352369653525143e-12,1.066023,544.6491785714286,2.414902521884957,3.500544701940496,64.54787233888851,3.250472560859199,53.58873447817064,174.188710992463
750,0,3.757924496835749,8.352369653525143e-12,1.066023,508.3392333333334,2.414902521884957,3.750060357402428,64.71426568659081,3.481310095011056,53.52378029737771,186.3328766724149
800,0,4.0084527966248,8.352369653525143e-12,1.066023,476.56803125,2.414902521884957,3.999506401666404,64.8699162506573,3.711942887446401,53.44885361826393,198.3990920304786
850,0,4.25898109641385,8.352369653525143e-12,1.066023,448.5346176470589,2.414902521884957,4.248882863859052,65.01612746540377,3.942366494078801,53.36521141471246,210.385221430794
900,0,4.509509396202899,8.352369653525143e-12,1.066023,423.6160277777778,2.414902521884957,4.498189773090743,65.15397905159739,4.172576356589897,53.27389644203051,222.2894007174351
950,0,4.760037695991949,8.352369653525143e-12,1.066023,401.3204473684211,2.414902521884957,4.747427158455607,65.2843754535329,4.402567827251184,53.17578321328313,234.1099923636839
1000,0,5.010565995781,8.352369653525143e-12,1.066023,381.254425,2.414902521884957,4.996595049031538,65.40808183740774,4.632336131362019,53.07161292617179,245.8455501075652
1050,0,5.26109429557005,8.352369653525143e-12,1.066023,363.0994523809524,2.414902521884957,5.245693473880206,65.5257512975968,4.86187631758476,52.96201998477639,257.4947906954351
1100,0,5.5116225953591,8.352369653525143e-12,1.066023,346.5949318181818,2.414902521884957,5.494722462047071,65.6379457280741,5.091183277455787,52.8475516150683,269.0565710371174
100,5,0.5031304796624799,2.222879871938488e-11,1.066023,3812.54425,2.459107217507966,0.5029898389977095,58.5555844540379,0.4674070569633104,50.47619276954444,23.59292870912549
150,5,0.7546957194937199,2.222879871938488e-11,1.066023,2541.696166666667,2.459107217507966,0.7543793222230247,59.55134952686558,0.7010551362190867,51.20007471615339,35.89407535456033
200,5,1.00626095932496,2.222879871938488e-11,1.066023,1906.272125,2.459107217507966,1.005698553885252,60.25785566213835,0.9345623076465976,51.64814014419926,48.26840503881774
250,5,1.2578261991562,2.222879871938488e-11,1.066023,1525.0177,2.459107217507966,1.256947563428257,60.80586415067069,1.167913027490669,51.94508144113196,60.66733732916178
300,5,1.50939143898744,2.222879871938488e-11,1.066023,1270.848083333334,2.459107217507966,1.50812638027945,61.25361952951653,1.401097564071948,52.14648692014569,73.06231579872583
350,5,1.76095667881868,2.222879871938488e-11,1.066023,1089.298357142857,2.459107217507966,1.759235033849796,61.63219119679457,1.634108718912663,52.28202846725842,85.43451856078704
400,5,2.01252191864992,2.222879871938488e-11,1.066023,953.1360625000001,2.459107217507966,2.010273553533825,61.96012480872355,1.866940573373215,52.36942750343434,97.77060901048874
450,5,2.26408715848116,2.222879871938488e-11,1.066023,847.2320555555557,2.459107217507966,2.261241968709642,62.24938269072527,2.099587768997871,52.42012423592022,110.0606516950869
500,5,2.5156523983124,2.222879871938488e-11,1.066023,762.5088500000001,2.459107217507966,2.512140308738939,62.50813263278997,2.33204540452862,52.4419324702281,122.2969676217957
550,5,2.76721763814364,2.222879871938488e-11,1.066023,693.1898636363636,2.459107217507966,2.762968602967008,62.74220038592125,2.564308676714178,52.44043111196039,134.4734525110321
600,5,3.01878287797488,2.222879871938488e-11,1.066023,635.4240416666668,2.459107217507966,3.013726880722745,62.955887468436,2.796372897090901,52.41974177475553,146.5851451714301
650,5,3.27034811780612,2.222879871938488e-11,1.066023,586.5452692307693,2.459107217507966,3.264415171318667,63.15246050023666,3.028233467014908,52.38299574496516,158.627940817403
700,5,3.521913357637359,2.222879871938488e-11,1.066023,544.6491785714286,2.459107217507966,3.515033504050919,63.33445867624005,3.259885637188973,52.33263130752817,170.5983931557171
750,5,3.7734785974686,2.222879871938488e-11,1.066023,508.3392333333334,2.459107217507966,3.765581908199286,63.50389490324869,3.491324690710242,52.27058194244842,182.4935733334631
800,5,4.025043837299839,2.222879871938488e-11,1.066023,476.56803125,2.459107217507966,4.016060413027198,63.66239189000339,3.722545789346239,52.19840874633768,194.3109666892532
850,5,4.27660907713108,2.222879871938488e-11,1.066023,448.5346176470589,2.459107217507966,4.266469047781748,63.81127690715516,3.953544019395244,52.11738997394993,206.0483954379994
900,5,4.528174316962319,2.222879871938488e-11,1.066023,423.6160277777778,2.459107217507966,4.516807841693694,63.95164942068209,4.184314380003763,52.02858577515539,217.7039596302419
950,5,4.779739556793559,2.222879871938488e-11,1.066023,401.3204473684211,2.459107217507966,4.767076823977476,64.08443041474493,4.414851661208385,51.93288673910003,229.2759912914626
1000,5,5.031304796624799,2.222879871938488e-11,1.066023,381.254425,2.459107217507966,5.017276023831214,64.21039904838358,4.64515072955752,51.83104538030285,240.7630182620427
1050,5,5.28287003645604,2.222879871938488e-11,1.066023,363.0994523809524,2.459107217507966,5.26740547043673,64.33022035932026,4.875206005036181,51.72370871006764,252.163735306064
1100,5,5.534435276287279,2.222879871938488e-11,1.066023,346.5949318181818,2.459107217507966,5.517465192959546,64.44446651706426,5.105011987472216,51.61143233370915,263.4769807541963
100,10,0.5052043597468601,5.720347434491809e-11,1.066023,3812.54425,2.503311913130974,0.5050631393596232,57.25434360092231,0.4687193291605669,49.1462388705885,23.03579211418722
150,10,0.75780653962029,5.720347434491809e-11,1.066023,2541.696166666667,2.503311913130974,0.757488838161846,58.26799110099932,0.7030516675891926,49.88557120633902,35.07213402525606
200,10,1.01040871949372,5.720347434491809e-11,1.066023,1906.272125,2.503311913130974,1.009843995826812,58.9871850013169,0.9372413037347106,50.34468504391545,47.18511824667271
250,10,1.26301089936715,5.720347434491809e-11,1.066023,1525.0177,2.503311913130974,1.262128641919693,59.54503487411444,1.171269455264642,50.65025820901645,59.32510034148815
300,10,1.51561307924058,5.720347434491809e-11,1.066023,1270.848083333334,2.503311913130974,1.51434280598913,60.00083124233242,1.405124474779792,50.85876734772135,71.46289875741462
350,10,1.76821525911401,5.720347434491809e-11,1.066023,1089.298357142857,2.503311913130974,1.766486517567245,60.38620146429685,1.638797890380955,51.0003588597796,83.57928050807847
400,10,2.02081743898744,5.720347434491809e-11,1.066023,953.1360625000001,2.503311913130974,2.018559806169646,60.72002424849347,1.87228269731288,51.09304218016956,95.66061882700863
450,10,2.27341961886087,5.720347434491809e-11,1.066023,847.2320555555557,2.503311913130974,2.270562701295442,61.01447674575002,2.105572777681785,51.14844019323844,107.6967632917677
500,10,2.5260217987343,5.720347434491809e-11,1.066023,762.5088500000001,2.503311913130974,2.52249523242725,61.27787342725151,2.338662472567939,51.1744945536712,119.6798699653032
550,10,2.77862397860773,5.720347434491809e-11,1.066023,693.1898636363636,2.503311913130974,2.774357429031208,61.51614466567753,2.571546359787738,51.17687423340772,131.6037046402345
600,10,3.03122615848116,5.720347434491809e-11,1.066023,635.4240416666668,2.503311913130974,3.026149320556978,61.73366922808782,2.80421922581147,51.15976681852477,143.4632017005388
650,10,3.28382833835459,5.720347434491809e-11,1.066023,586.5452692307693,2.503311913130974,3.277870936437762,61.93377239790698,3.036675797983223,51.12635705714139,155.25417111447
700,10,3.53643051822802,5.720347434491809e-11,1.066023,544.6491785714286,2.503311913130974,3.529522306090304,62.11903897012053,3.268910824063076,51.07912241671769,166.9730961516514
750,10,3.78903269810145,5.720347434491809e-11,1.066023,508.3392333333334,2.503311913130974,3.781103458914908,62.29151800025761,3.500919146204843,51.02002695747996,178.6169892153288
800,10,4.041634877974881,5.720347434491809e-11,1.066023,476.56803125,2.503311913130974,4.032614424295433,62.45286133842137,3.732695291733134,50.95065936227384,190.1832863122583
850,10,4.29423705784831,5.720347434491809e-11,1.066023,448.5346176470589,2.503311913130974,4.284055231599312,62.60442009100598,3.964233898775719,50.87231812720572,201.6697680291714
900,10,4.54683923772174,5.720347434491809e-11,1.066023,423.6160277777778,2.503311913130974,4.535425910177556,62.74731346870681,4.195529353521811,50.78608233526199,213.0744991879672
950,10,4.79944141759517,5.720347434491809e-11,1.066023,401.3204473684211,2.503311913130974,4.786726489364757,62.88247899514135,4.426576050596931,50.69285592470843,224.3957819726751
1000,10,5.0520435974686,5.720347434491809e-11,1.066023,381.254425,2.503311913130974,5.037956998479101,63.01070982184319,4.657368218154664,50.5934055318063,235.632118972045
1050,10,5.304645777342031,5.720347434491809e-11,1.066023,363.0994523809524,2.503311913130974,5.289117466822365,63.13268292958287,4.887899739669979,50.48838904148565,246.7821836522343
1100,10,5.557247957215461,5.720347434491809e-11,1.066023,346.5949318181818,2.503311913130974,5.540207923679931,63.2489807631473,5.118164610072489,50.37837117998409,257.8447964864904
100,15,0.50727823983124,1.425876084896349e-10,1.066023,3812.54425,2.547516608753983,0.5071364397098675,55.95113835864868,0.4699700992000169,47.81888418925298,22.47344574605734
150,15,0.76091735974686,1.425876084896349e-10,1.066023,2541.696166666667,2.547516608753983,0.7605983540821923,56.98266784800103,0.704959580823102,48.57358740174561,34.24241581380889
200,15,1.01455647966248,1.425876084896349e-10,1.066023,1906.272125,2.547516608753983,1.013989437742349,57.71454920220253,0.9398047229585844,49.04371585615717,46.09151579305532
250,15,1.2681955995781,1.425876084896349e-10,1.066023,1525.0177,2.547516608753983,1.267309720376736,58.2822402176696,1.174483164395076,49.3579116762903,57.97003629350212
300,15,1.52183471949372,1.425876084896349e-10,1.066023,1270.848083333334,2.547516608753983,1.520559231655134,58.74607737770611,1.408981201213594,49.57352872735107,69.84817005465973
350,15,1.77547383940934,1.425876084896349e-10,1.066023,1089.298357142857,2.547516608753983,1.773738001230722,59.13824598721635,1.643288862569971,49.72118690681316,81.70627267772592
400,15,2.02911295932496,1.425876084896349e-10,1.066023,953.1360625000001,2.547516608753983,2.026846058740079,59.47795779881608,1.877398049631585,49.81917773765227,93.53042711891764
450,15,2.28275207924058,1.425876084896349e-10,1.066023,847.2320555555557,2.547516608753983,2.279883433803195,59.77760478348296,2.111301747172471,49.87930700105057,105.3102680190701
500,15,2.5363911991562,1.425876084896349e-10,1.066023,762.5088500000001,2.547516608753983,2.532850156023477,60.04564809000954,2.344993495937286,49.90964232906929,117.0377866462238
550,15,2.79003031907182,1.425876084896349e-10,1.066023,693.1898636363636,2.547516608753983,2.785746254987758,60.28812271019342,2.578467244957818,49.91594109275635,128.7066191089162
600,15,3.04366943898744,1.425876084896349e-10,1.066023,635.4240416666668,2.547516608753983,3.038571760266302,60.50948465794158,2.811717041838524,49.90245945849392,140.3115956891034
650,15,3.29730855890306,1.425876084896349e-10,1.066023,586.5452692307693,2.547516608753983,3.29132670141281,60.71311787876721,3.04473702403708,49.87243243031729,151.8484414993746
700,15,3.55094767881868,1.425876084896349e-10,1.066023,544.6491785714286,2.547516608753983,3.544011107964427,60.90165276660287,3.277521457792004,49.82837547386085,163.3135698224957
750,15,3.8045867987343,1.425876084896349e-10,1.066023,508.3392333333334,2.547516608753983,3.796625009441742,61.07717452482348,3.510064360529218,49.77228816272516,174.7039348219718
800,15,4.05822591864992,1.425876084896349e-10,1.066023,476.56803125,2.547516608753983,4.0491684353488,61.24136414417671,3.742359993716326,49.70578032003844,186.0169237261641
850,15,4.31186503856554,1.425876084896349e-10,1.066023,448.5346176470589,2.547516608753983,4.301641415173095,61.39559656621782,3.974402208573498,49.63017473862779,197.2502760930909
900,15,4.56550415848116,1.425876084896349e-10,1.066023,423.6160277777778,2.547516608753983,4.554043978385581,61.54101074587379,4.206184885192852,49.54656722119032,208.4020221589623
950,15,4.81914327839678,1.425876084896349e-10,1.066023,401.3204473684211,2.547516608753983,4.806376154440669,61.67856074581186,4.437701873761083,49.45587630583792,219.4704349509133
1000,15,5.0727823983124,1.425876084896349e-10,1.066023,381.254425,2.547516608753983,5.058637972776225,61.80905370971755,4.668946693486003,49.35888277592868,230.4539925308354
1050,15,5.32642151822802,1.425876084896349e-10,1.066023,363.0994523809524,2.547516608753983,5.310829462813573,61.93317856111685,4.899912822289332,49.25625344456444,241.3513478309544
1100,15,5.580060638143641,1.425876084896349e-10,1.066023,346.5949318181818,2.547516608753983,5.562950653957489,62.05152801982149,5.13059348373813,49.14856440465729,252.1613042696185
100,20,0.50935211991562,3.448226987841087e-10,1.066023,3812.54425,2.591721304376991,0.5092097400334694,54.64600681105708,0.4711547951125666,46.49429876889815,21.90601181036266
150,20,0.76402817987343,3.448226987841087e-10,1.066023,2541.696166666667,2.591721304376991,0.76370786996039,55.69541785811953,0.7067724205751715,47.26428873274929,33.40509575440903
200,20,1.01870423983124,3.448226987841087e-10,1.066023,1906.272125,2.591721304376991,1.018134879598565,56.43998635961725,0.9422442688650779,47.74539510491282,44.98782490230285
250,20,1.27338029978905,3.448226987841087e-10,1.066023,1525.0177,2.591721304376991,1.272490798755439,57.01751827971748,1.177544049105694,48.0682015267663,56.6024246590569
300,20,1.52805635974686,3.448226987841087e-10,1.066023,1270.848083333334,2.591721304376991,1.526775657221738,57.48939603693202,1.412655722618444,48.29093230758157,68.21846187488498
350,20,1.78273241970467,3.448226987841087e-10,1.066023,1089.298357142857,2.591721304376991,1.780989484771477,57.88836286931405,1.647567707824016,48.44467411851309,79.81588069372005
400,20,2.03740847966248,3.448226987841087e-10,1.066023,953.1360625000001,2.591721304376991,2.035132311161964,58.23396356559078,1.882270737538282,48.54799687088276,91.38047387616267
450,20,2.29208453962029,3.448226987841087e-10,1.066023,847.2320555555557,2.591721304376991,2.2892041661338,58.53880491171253,2.116756740061346,48.61288941151825,102.9016613156881
500,20,2.5467605995781,3.448226987841087e-10,1.066023,762.5088500000001,2.591721304376991,2.543205079410888,58.81149473054415,2.351018497654809,48.64754142933462,114.3712697657944
550,20,2.80143665953591,3.448226987841087e-10,1.066023,693.1898636363636,2.591721304376991,2.797135080700428,59.05817263047584,2.585049106000127,48.65780140009137,125.7828060092379
600,20,3.05611271949372,3.448226987841087e-10,1.066023,635.4240416666668,2.591721304376991,3.050994199692921,59.28337187040256,2.818841917314672,48.64799115195058,137.1309966522716
650,20,3.31078877945153,3.448226987841087e-10,1.066023,586.5452692307693,2.591721304376991,3.304782466062166,59.49053505650545,3.052390458231836,48.62139509001094,148.4114824386696
700,20,3.56546483940934,3.448226987841087e-10,1.066023,544.6491785714286,2.591721304376991,3.55849990946526,59.68233818056933,3.285688259496743,48.58056960964376,159.6206072060708
750,20,3.82014089936715,3.448226987841087e-10,1.066023,508.3392333333334,2.591721304376991,3.812146559542593,59.86090259293496,3.518728839066049,48.52754368986759,170.7552674705748
800,20,4.07481695932496,3.448226987841087e-10,1.066023,476.56803125,2.591721304376991,4.065722445917844,60.02793842429742,3.751505643173293,48.46395543951861,181.8128023218531
850,20,4.329493019282769,3.448226987841087e-10,1.066023,448.5346176470589,2.591721304376991,4.319227598197969,60.1848444507923,3.984012043562073,48.39114662953553,192.7909109738477
900,20,4.58416907924058,3.448226987841087e-10,1.066023,423.6160277777778,2.591721304376991,4.572662045973201,60.33277937110256,4.216241282439985,48.31023088103469,203.6875898048255
950,20,4.83884513919839,3.448226987841087e-10,1.066023,401.3204473684211,2.591721304376991,4.826025818817024,60.47271378654727,4.448186486758976,48.22214268512615,214.5010834545413
1000,20,5.0935211991562,3.448226987841087e-10,1.066023,381.254425,2.591721304376991,5.079318946286176,60.60546883262236,4.679840559645958,48.12767516280439,225.2298462683573
1050,20,5.34819725911401,3.448226987841087e-10,1.066023,363.0994523809524,2.591721304376991,5.332541457920621,60.731745375321,4.911196356996836,48.02750579479851,235.8725114950589
1100,20,5.60287331907182,3.448226987841087e-10,1.066023,346.5949318181818,2.591721304376991,5.585693383243532,60.85214640923459,5.142246489894267,47.92221976769148,246.4278663883532
100,25,0.511426,8.102508e-10,1.066023,3812.54425,2.635926,0.5112830402979454,53.33898568614245,0.4722683865795201,45.17266217773951,21.33362028418275
150,25,0.7671389999999999,8.102508e-10,1.066023,2541.696166666667,2.635926,0.7668173857451198,54.40627786548771,0.7084831515957987,45.95784618234997,32.56035970382625
200,25,1.022852,8.102508e-10,1.066023,1906.272125,2.635926,1.022280321323333,55.16353321210386,0.9445508844306393,46.44989203911292,43.87428660725183
250,25,1.278565,8.102508e-10,1.066023,1525.0177,2.635926,1.277671876960689,55.75090580224673,1.180441001212045,46.7812975375774,55.22256170325643
300,25,1.534278,8.102508e-10,1.066023,1270.848083333334,2.635926,1.532992082568435,56.23082396482482,1.416134889476308,47.01114752770572,66.57412620830195
350,25,1.789991,8.102508e-10,1.066023,1089.298357142857,2.635926,1.788240968040954,56.63658885780501,1.651619228406283,47.17098936316955,77.90851305515909
400,25,2.045704,8.102508e-10,1.066023,953.1360625000001,2.635926,2.04341856325576,56.98807829811221,1.886883359182898,47.27967135358169,89.21122510470967
450,25,2.301417,8.102508e-10,1.066023,847.2320555555557,2.635926,2.298524898073496,57.29811388157214,2.121918235885555,47.34935878440054,100.4714678621074
500,25,2.55713,8.102508e-10,1.066023,762.5088500000001,2.635926,2.553560002337922,57.57545010163585,2.35671560520832,47.38836698920116,111.6809039887892
550,25,2.812843,8.102508e-10,1.066023,693.1898636363636,2.635926,2.808523905875907,57.82633118079866,2.591267733663411,47.40263224390802,122.8329114243517
600,25,3.068556,8.102508e-10,1.066023,635.4240416666668,2.635926,3.063416638497412,58.05536762110569,2.825567242518109,47.39654099289046,133.922113638178
650,25,3.324269,8.102508e-10,1.066023,586.5452692307693,2.635926,3.31823822999548,58.26606068801425,3.059606902686614,47.37342809280361,144.9440675966698
700,25,3.579982,8.102508e-10,1.066023,544.6491785714286,2.635926,3.572988710146215,58.46113197007253,3.293379492919027,47.33588967458489,155.8950483333554
750,25,3.835695,8.102508e-10,1.066023,508.3392333333334,2.635926,3.82766810870876,58.64273896373084,3.526877949317684,47.28598431860832,166.7718954050815
800,25,4.091408,8.102508e-10,1.066023,476.56803125,2.635926,4.082276455425274,58.81262093893383,3.760094921963596,47.22537706667183,177.5719004962088
850,25,4.347121,8.102508e-10,1.066023,448.5346176470589,2.635926,4.336813780020899,58.97220050583246,3.993023123483295,47.15543021686727,188.2927232537539
900,25,4.602834,8.102508e-10,1.066023,423.6160277777778,2.635926,4.591280112203733,59.12265610639565,4.225655138467311,47.07727452885435,198.9323270178896
950,25,4.858547,8.102508e-10,1.066023,401.3204473684211,2.635926,4.845675481664788,59.26497488019959,4.457983372123469,46.99185964056095,209.4889289027807
1000,25,5.11426,8.102508e-10,1.066023,381.254425,2.635926,5.099999918077943,59.39999195421615,4.690000066747301,46.89999089766411,219.9609604404925
1050,25,5.369973,8.102508e-10,1.066023,363.0994523809524,2.635926,5.354253451099902,59.52842013662416,4.921697293801227,46.80235747754902,230.3470361407706
1100,25,5.625686,8.102508e-10,1.066023,346.5949318181818,2.635926,5.608436110370135,59.65087269654578,5.153066963686827,46.69955383346622,240.6459280781493
100,30,0.51349988008438,1.852526955502561e-09,1.066023,3812.54425,2.680130695623009,0.5133563404347004,52.0301104258599,0.4733053668864893,43.85416079805503,20.75640966602253
150,30,0.77024982012657,1.852526955502561e-09,1.066023,2541.696166666667,2.680130695623009,0.7699269013280895,53.11528331776208,0.710084014500707,44.65444188731317,31.70840536063186
200,30,1.02699976016876,1.852526955502561e-09,1.066023,1906.272125,2.680130695623009,1.026425762764563,53.88522521148775,0.9467146434074081,45.15738435791495,42.75115702961472
250,30,1.28374970021095,1.852526955502561e-09,1.066023,1525.0177,2.680130695623009,1.282852954792083,54.48243824036558,1.183161906198191,45.49737592179665,53.83076202264858
300,30,1.54049964025314,1.852526955502561e-09,1.066023,1270.848083333334,2.680130695623009,1.539208507441523,54.97039661920303,1.419404373745781,45.73435016405638,64.91553665328269
350,30,1.79724958029533,1.852526955502561e-09,1.066023,1089.298357142857,2.680130695623009,1.79549245072665,55.38295941281081,1.655426774000484,45.90031066244048,75.98460320554386
400,30,2.05399952033752,1.852526955502561e-09,1.066023,953.1360625000001,2.680130695623009,2.051704814644106,55.74033745851102,1.891217014978082,46.01437829714844,87.02317516920532
450,30,2.31074946037971,1.852526955502561e-09,1.066023,847.2320555555557,2.680130695623009,2.307845629173373,56.0555671569698,2.126764809922895,46.08889697020786,98.0202442044
500,30,2.5674994004219,1.852526955502561e-09,1.066023,762.5088500000001,2.680130695623009,2.56391492427675,56.33754966878723,2.362060942744308,46.13230229813536,108.9673094572991
550,30,2.82424934046409,1.852526955502561e-09,1.066023,693.1898636363636,2.680130695623009,2.819912729899315,56.59263382810991,2.597096717931047,46.15061881000517,119.8576206419513
600,30,3.08099928050628,1.852526955502561e-09,1.066023,635.4240416666668,2.680130695623009,3.075839075968881,56.82550737832321,2.831863932942039,46.14829732165897,130.6856987518917
650,30,3.33774922054847,1.852526955502561e-09,1.066023,586.5452692307693,2.680130695623009,3.33169399239596,57.03973024278366,3.066354536566816,46.128722557814,141.447017681185
700,30,3.594499160590659,1.852526955502561e-09,1.066023,544.6491785714286,2.680130695623009,3.587477509073699,57.23806960573347,3.300560549636873,46.09452913228645,152.1377844081122
750,30,3.85124910063285,1.852526955502561e-09,1.066023,508.3392333333334,2.680130695623009,3.843189655877837,57.42271910888394,3.534474037061846,46.04780813662407,162.754782322503
800,30,4.10799904067504,1.852526955502561e-09,1.066023,476.56803125,2.680130695623009,4.098830462666622,57.59544716074583,3.768087046402704,45.99024767858883,173.2952565385426
850,30,4.36474898071723,1.852526955502561e-09,1.066023,448.5346176470589,2.680130695623009,4.354399959280753,57.7577002049261,4.001391528477678,45.92323113251366,183.7568280139625
900,30,4.62149892075942,1.852526955502561e-09,1.066023,423.6160277777778,2.680130695623009,4.609898175543285,57.91067642621533,4.234379229317338,45.84790767595403,194.1374279707187
950,30,4.87824886080161,1.852526955502561e-09,1.066023,401.3204473684211,2.680130695623009,4.865325141259548,58.0553795020578,4.467041801661644,45.76524152590582,204.4352469593626
1000,30,5.1349988008438,1.852526955502561e-09,1.066023,381.254425,2.680130695623009,5.120680886217029,58.19265855057665,4.699370780666206,45.67604999074059,214.6486947027352
1050,30,5.39174874088599,1.852526955502561e-09,1.066023,363.0994523809524,2.680130695623009,5.375965440185269,58.32323832185057,4.931357428645241,45.5810334720702,224.7763680178208
1100,30,5.648498680928181,1.852526955502561e-09,1.066023,346.5949318181818,2.680130695623009,5.63117883291573,58.44774235929435,5.162992781184809,45.48079666979508,234.8170248886861
100,35,0.51557376016876,4.126704962323298e-09,1.066023,3812.54425,2.724335391246017,0.5154296403025443,50.71941525182501,0.4742596373349158,42.53899389039871,20.17452781505269
150,35,0.7733606402531399,4.126704962323298e-09,1.066023,2541.696166666667,2.724335391246017,0.7730364164865554,51.82246844149699,0.7115665003338286,43.35426609710622,30.84944340125943
200,35,1.03114752033752,4.126704962323298e-09,1.066023,1906.272125,2.724335391246017,1.030571203609659,52.60509658808405,0.9487246511984131,43.86805882083355,41.61870880354678
250,35,1.2889344004219,4.126704962323298e-09,1.066023,1525.0177,2.724335391246017,1.288034031838021,53.21214982741367,1.185693473376911,44.21662211338851,52.42736025461796
300,35,1.54672128050628,4.126704962323298e-09,1.066023,1270.848083333334,2.724335391246017,1.545424931320327,53.708148235934,1.422448429870962,44.46072636868749,63.24309041406199
350,35,1.80450816059066,4.126704962323298e-09,1.066023,1089.298357142857,2.724335391246017,1.802743932187727,54.12750877236795,1.658972142666664,44.63282409607881,74.04461182393619
400,35,2.06229504067504,4.126704962323298e-09,1.066023,953.1360625000001,2.724335391246017,2.059991064553775,54.49077528672387,1.895250893220673,44.75230677269705,84.81684938463965
450,35,2.32008192075942,4.126704962323298e-09,1.066023,847.2320555555557,2.724335391246017,2.317166358514361,54.81119897953113,2.131273139695441,44.83169232290737,95.5485816549028
500,35,2.5778688008438,4.126704962323298e-09,1.066023,762.5088500000001,2.724335391246017,2.574269844147636,55.09782767514298,2.367028436969644,44.87953898269971,106.2311450101379
550,35,2.83565568092818,4.126704962323298e-09,1.066023,693.1898636363636,2.724335391246017,2.831301551513929,55.35711481693761,2.602507171916971,44.90195568493852,116.8576617031505
600,35,3.09344256101256,4.126704962323298e-09,1.066023,635.4240416666668,2.724335391246017,3.088261510655645,55.59382538785053,2.837700157720387,44.90345842168927,127.4225510454185
650,35,3.35122944109694,4.126704962323298e-09,1.066023,586.5452692307693,2.724335391246017,3.345149751597166,55.81157796777893,3.072598504947723,44.8874802435287,137.9212046871367
700,35,3.609016321181319,4.126704962323298e-09,1.066023,544.6491785714286,2.724335391246017,3.601966304344729,56.01318533560379,3.307193337894511,44.85669486496523,148.3497624173799
750,35,3.8668032012657,4.126704962323298e-09,1.066023,508.3392333333334,2.724335391246017,3.858711198886291,56.20087727746022,3.541475964011203,44.81322306774138,158.7049523642785
800,35,4.12459008135008,4.126704962323298e-09,1.066023,476.56803125,2.724335391246017,4.115384465191387,56.37645133975093,3.775437488637079,44.75877948611293,168.983974017511
850,35,4.38237696143446,4.126704962323298e-09,1.066023,448.5346176470589,2.724335391246017,4.371986133210962,56.54137779898565,4.009069097052126,44.69476736234115,179.1844106322958
900,35,4.64016384151884,4.126704962323298e-09,1.066023,423.6160277777778,2.724335391246017,4.628516232877191,56.69687458231965,4.242361770230203,44.62235249931778,189.3041623408419
950,35,4.89795072160322,4.126704962323298e-09,1.066023,401.3204473684211,2.724335391246017,4.884974794103277,56.84396190468215,4.475306278262742,44.54251436801461,199.3413942007842
1000,35,5.1557376016876,4.126704962323298e-09,1.066023,381.254425,2.724335391246017,5.141361846783221,56.9835028750224,4.707893292587707,44.45608305708556,209.2944952391751
1050,35,5.413524481771979,4.126704962323298e-09,1.066023,363.0994523809524,2.724335391246017,5.397677420791585,57.1162341850445,4.940113197704044,44.36377001215173,219.1620457369377
1100,35,5.67131136185636,4.126704962323298e-09,1.066023,346.5949318181818,2.724335391246017,5.653921545983203,57.24278965221629,5.171956268836958,44.26618843775813,228.9427907881812
100,40,0.5176476402531399,8.967515242595954e-09,1.066023,3812.54425,2.768540086869026,0.5175029396178563,49.40693322775405,0.4751244866611028,41.22736976187979,19.5881328945006
150,40,0.7764714603797099,8.967515242595954e-09,1.066023,2541.696166666667,2.768540086869026,0.7761459307733781,50.52786630394144,0.7129212425763528,42.05751906480074,29.98369875135639
200,40,1.03529528050628,8.967515242595954e-09,1.066023,1906.272125,2.768540086869026,1.034716643231539,51.3231804121715,0.9505689144282859,42.58211272198385,40.47723266419909
250,40,1.29411910063285,8.967515242595954e-09,1.066023,1525.0177,2.768540086869026,1.293215107273421,51.940073636242,1.188021083868381,42.93923203359537,51.01271298102789
300,40,1.55294292075942,8.967515242595954e-09,1.066023,1270.848083333334,2.768540086869026,1.551641353161891,52.44411189008315,1.425249785652028,43.19047169257241,61.55721052204881
350,40,1.81176674088599,8.967515242595954e-09,1.066023,1089.298357142857,2.768540086869026,1.809995411141489,52.87027001348133,1.662235340834693,43.36872619572132,72.08902936951131
400,40,2.07059056101256,8.967515242595954e-09,1.066023,953.1360625000001,2.768540086869026,2.068277311438289,53.2394248614753,1.89896226552928,43.49365355546459,82.59280689183065
450,40,2.32941438113913,8.967515242595954e-09,1.066023,847.2320555555557,2.768540086869026,2.326487084259748,53.56504242952724,2.135417513026146,43.57794620504013,93.05710950795398
500,40,2.5882382012657,8.967515242595954e-09,1.066023,762.5088500000001,2.768540086869026,2.584624759794544,53.85631720237893,2.371589474261256,43.6302795540569,103.4731117494774
550,40,2.84706202139227,8.967515242595954e-09,1.066023,693.1898636363636,2.768540086869026,2.842690368212389,54.11980723024226,2.60746739634779,43.6568485923288,113.8338093317893
600,40,3.10588584151884,8.967515242595954e-09,1.066023,635.4240416666668,2.768540086869026,3.100683939663826,54.36035473383095,2.843041102705358,43.66223221476795,124.1335208224513
650,40,3.36470966164541,8.967515242595954e-09,1.066023,586.5452692307693,2.768540086869026,3.358605504279999,54.58163694824066,3.078300669736092,43.64991305477122,134.3675565904244
700,40,3.623533481771979,8.967515242595954e-09,1.066023,544.6491785714286,2.768540086869026,3.616455092172407,54.78651224594682,3.313236382045641,43.62260145764951,144.5319902289615
750,40,3.88235730189855,8.967515242595954e-09,1.066023,508.3392333333334,2.768540086869026,3.874232733432622,54.97724655668048,3.547838548084338,43.58244985983272,154.6234956326674
800,40,4.141181122025119,8.967515242595954e-09,1.066023,476.56803125,2.768540086869026,4.131938458131979,55.15566656406918,3.782097451060114,43.53119660792461,164.6392277324283
850,40,4.400004942151689,8.967515242595954e-09,1.066023,448.5346176470589,2.768540086869026,4.389572296321242,55.3232663769802,4.016003298944835,43.47026637952719,174.5767331861919
900,40,4.65882876227826,8.967515242595954e-09,1.066023,423.6160277777778,2.768540086869026,4.64713427803022,55.48128366448145,4.249546182370779,43.40084194115425,184.4338821827097
950,40,4.91765258240483,8.967515242595954e-09,1.066023,401.3204473684211,2.768540086869026,4.90462443326735,55.63075517860807,4.482715960908015,43.32391727892048,194.2088154752754
1000,40,5.176476402531399,8.967515242595954e-09,1.066023,381.254425,2.768540086869026,5.162042792019241,55.77255801881574,4.715502456400039,43.24033430421314,203.8999026270759
1050,40,5.435300222657969,8.967515242595954e-09,1.066023,363.0994523809524,2.768540086869026,5.419389384250163,55.90744081816069,4.947894983980522,43.15081652913975,213.5057086591944
1100,40,5.69412404278454,8.967515242595954e-09,1.066023,346.5949318181818,2.768540086869026,5.676664239901481,56.03604766792705,5.179882950871584,43.0559858615454,223.024967097187
100,45,0.5197215203375201,1.903150477854338e-08,1.066023,3812.54425,2.812744782492034,0.5195762378239587,48.09269631982784,0.4758924761410598,39.9195099528574,18.99739443780299
150,45,0.77958228050628,1.903150477854338e-08,1.066023,2541.696166666667,2.812744782492034,0.7792554433115073,49.23150887214456,0.7141378829856386,40.76441357996168,29.11141201514485
200,45,1.03944304067504,1.903150477854338e-08,1.066023,1906.272125,2.812744782492034,1.038862080401041,50.03950865247702,0.9522342257954199,41.29975394965936,39.32703922779522
250,45,1.2993038008438,1.903150477854338e-08,1.066023,1525.0177,2.812744782492034,1.298396179482123,50.66624163732331,1.190128659666232,41.66541193139082,49.58720085634759
300,45,1.55916456101256,1.903150477854338e-08,1.066023,1270.848083333334,2.812744782492034,1.557857770924739,51.17831955377596,1.427789507634586,41.92379058297759,59.85834831464508
350,45,1.81902532118132,1.903150477854338e-08,1.066023,1089.298357142857,2.812744782492034,1.817246885079041,51.61127510980805,1.665194447248021,42.10822287628456,70.11837891707115
400,45,2.07888608135008,1.903150477854338e-08,1.066023,953.1360625000001,2.812744782492034,2.076563552275074,51.98631815783392,1.902326096398457,42.23862775689825,80.35164385800776
450,45,2.33874684151884,1.903150477854338e-08,1.066023,847.2320555555557,2.812744782492034,2.33580780282246,52.31712948332756,2.139169831933748,42.32786815896723,90.54649861573178
500,45,2.5986076016876,1.903150477854338e-08,1.066023,762.5088500000001,2.812744782492034,2.594979667010066,52.61305022806937,2.375712659230333,42.38473731760577,100.6939570035884
550,45,2.85846836185636,1.903150477854338e-08,1.066023,693.1898636363636,2.812744782492034,2.854079175105622,52.88074304671386,2.611942674198701,42.41551332322094,110.7868892969643
600,45,3.11832912202512,1.903150477854338e-08,1.066023,635.4240416666668,2.812744782492034,3.113106357355307,53.12512739599856,2.847848479295682,42.4248394158035,120.8195144146595
650,45,3.37818988219388,1.903150477854338e-08,1.066023,586.5452692307693,2.812744782492034,3.372061243983289,53.34993916487929,3.083419223307169,42.41624413712951,130.7870625529152
700,45,3.63805064236264,1.903150477854338e-08,1.066023,544.6491785714286,2.812744782492034,3.630943865191219,53.55808231839137,3.318644062030459,42.392477051265,140.6855422409431
750,45,3.8979114025314,1.903150477854338e-08,1.066023,508.3392333333334,2.812744782492034,3.889754251157671,53.75185892903824,3.553512316346492,42.35572045412121,150.5115743014488
800,45,4.15777216270016,1.903150477854338e-08,1.066023,476.56803125,2.812744782492034,4.148492432037521,53.93312481701196,3.788013329004252,42.30773663742438,160.2622703025651
850,45,4.41763292286892,1.903150477854338e-08,1.066023,448.5346176470589,2.812744782492034,4.407158437961273,54.10339792299624,4.022136299944104,42.24997087768911,169.9351415387346
900,45,4.67749368303768,1.903150477854338e-08,1.066023,423.6160277777778,2.812744782492034,4.6657522990343,54.26393565752369,4.255870281691319,42.18362347686813,179.5280295292593
950,45,4.93735444320644,1.903150477854338e-08,1.066023,401.3204473684211,2.812744782492034,4.924274045336017,54.41579130936202,4.489204272127496,42.10970153731554,189.0390520393307
1000,45,5.1972152033752,1.903150477854338e-08,1.066023,381.254425,2.812744782492034,5.182723706918968,54.55985596815412,4.722126818541259,42.0290619364786,198.4665605283772
1050,45,5.457075963543961,1.903150477854338e-08,1.066023,363.0994523809524,2.812744782492034,5.441101313807816,54.69689020803685,4.954626560533429,41.9424357464875,207.8091061630137
1100,45,5.71693672371272,1.903150477854338e-08,1.066023,346.5949318181818,2.812744782492034,5.699406895998234,54.82754839388122,5.186691487184123,41.85045763536409,217.0654123521027
100,50,0.5217954004219,3.948916786583946e-08,1.066023,3812.54425,2.856949478115043,0.5216495338520832,46.77673545677476,0.4765553578382725,38.61564928093299,18.40249456123225
150,50,0.78269310063285,3.948916786583946e-08,1.066023,2541.696166666667,2.856949478115043,0.7823649524181617,47.93342707069701,0.7152049944804147,39.47517328478235,28.23284109125618
200,50,1.0435908008438,3.948916786583946e-08,1.066023,1906.272125,2.856949478115043,1.043007512761324,48.75411223273886,0.9537060017428762,40.02120247364074,38.16846099607802
250,50,1.30448850105475,3.948916786583946e-08,1.066023,1525.0177,2.856949478115043,1.303577245367338,49.3906847546059,1.191998513043343,40.39537840898228,48.15123099733003
300,50,1.5653862012657,3.948916786583946e-08,1.066023,1270.848083333334,2.856949478115043,1.564074180699812,49.91080215158536,1.430046636799478,40.66090204087944,58.14698621279265
350,50,1.82628390147665,3.948916786583946e-08,1.066023,1089.298357142857,2.856949478115043,1.824498349199695,50.35055498670886,1.667825270061239,40.85153316233698,68.13321932889032
400,50,2.0871816016876,3.948916786583946e-08,1.066023,953.1360625000001,2.856949478115043,2.084849781284722,50.7314861020086,1.905314864389417,40.98744963975827,78.0939970520441
450,50,2.34807930189855,3.948916786583946e-08,1.066023,847.2320555555557,2.856949478115043,2.345128507348806,51.06749106800157,2.142499097034,41.08168143446181,88.01746537797287
500,50,2.6089770021095,3.948916786583946e-08,1.066023,762.5088500000001,2.856949478115043,2.605334557761366,51.36805768012891,2.379363473658024,41.14313757757139,97.89447874376023
550,50,2.86987470232045,3.948916786583946e-08,1.066023,693.1898636363636,2.856949478115043,2.865467962866584,51.63995319509331,2.6158947518693,41.17817935688954,107.7177832712201
600,50,3.1307724025314,3.948916786583946e-08,1.066023,635.4240416666668,2.856949478115043,3.12552875298259,51.88817430388872,2.85208031132205,41.19151169412089,117.4814994963942
650,50,3.39167010274235,3.948916786583946e-08,1.066023,586.5452692307693,2.856949478115043,3.385516958400566,52.11651554799687,3.087908101979038,41.18671103859542,127.1807787099483
700,50,3.6525678029533,3.948916786583946e-08,1.066023,544.6491785714286,2.856949478115043,3.645432609383749,52.32792648397231,3.323366242501678,41.16656295944043,136.8115656592243
750,50,3.91346550316425,3.948916786583946e-08,1.066023,508.3392333333334,2.856949478115043,3.905275736166349,52.52474532627593,3.558442911731295,41.13328021057039,146.3704294015614
800,50,4.1743632033752,3.948916786583946e-08,1.066023,476.56803125,2.856949478115043,4.165046368952336,52.70885703099952,3.793126354005282,41.08864955558245,155.8544394797672
850,50,4.43526090358615,3.948916786583946e-08,1.066023,448.5346176470589,2.856949478115043,4.424744537914132,52.88180337010431,4.027404661339132,41.0341366449374,165.2610731978478
900,50,4.6961586037971,3.948916786583946e-08,1.066023,423.6160277777778,2.856949478115043,4.684370273191139,53.0448614951431,4.261265853617531,40.97095811793239,174.5881448179393
950,50,4.95705630400805,3.948916786583946e-08,1.066023,401.3204473684211,2.856949478115043,4.943923604888147,53.19910123124077,4.494697811104535,40.90013573709874,183.8337505714161
1000,50,5.217954004219,3.948916786583946e-08,1.066023,381.254425,2.856949478115043,5.203404563073562,53.34542765791252,4.727688014825699,40.82253835431829,192.996225312473
1050,50,5.478851704429951,3.948916786583946e-08,1.066023,363.0994523809524,2.856949478115043,5.46281317777747,53.4846132901082,4.960223894627042,40.73890860385562,202.0741078978718
1100,50,5.7397494046409,3.948916786583946e-08,1.066023,346.5949318181818,2.856949478115043,5.722149478989492,53.61732276605107,5.19229241330011,40.64988956927721,211.0661132120453
100,55,0.52386928050628,8.019174187778037e-08,1.066023,3812.54425,2.901154173738052,0.5237228256930261,45.45908059258431,0.4771039711151926,37.31603682131257,17.80362935372897
150,55,0.78580392075942,8.019174187778037e-08,1.066023,2541.696166666667,2.901154173738052,0.7854744549317827,46.63365084011866,0.7161098807120914,38.19003723858997,27.34826301131699
200,55,1.04773856101256,8.019174187778037e-08,1.066023,1906.272125,2.901154173738052,1.047152935887236,47.46702108793102,0.9549681339315997,38.7466903991054,37.00185462645912
250,55,1.3096732012657,8.019174187778037e-08,1.066023,1525.0177,2.901154173738052,1.308758299118371,48.11343292044921,1.193611021868705,39.12936360731559,46.70523968040006
300,55,1.57160784151884,8.019174187778037e-08,1.066023,1270.848083333334,2.901154173738052,1.570290575157198,48.6415896145968,1.431998104841994,39.40203597850436,56.4236408481343
350,55,1.83354248177198,8.019174187778037e-08,1.066023,1089.298357142857,2.901154173738052,1.831749794507789,49.08813957469602,1.67010113846415,39.59888853156121,66.13414881847535
400,55,2.09547712202512,8.019174187778037e-08,1.066023,953.1360625000001,2.901154173738052,2.093135987645212,49.47495862433357,1.907898271709936,39.74035145315726,75.82054785462419
450,55,2.35741176227826,8.019174187778037e-08,1.066023,847.2320555555557,2.901154173738052,2.354449185014358,49.81615711394033,2.1453712214074,39.83962092794842,85.4707762106005
500,55,2.6193464025314,8.019174187778037e-08,1.066023,762.5088500000001,2.901154173738052,2.615689417028654,50.12136948915327,2.382503904041974,39.90571867014663,95.07553052522503
550,55,2.88128104278454,8.019174187778037e-08,1.066023,693.1898636363636,2.901154173738052,2.876856714068646,50.39746760627054,2.619281572403957,39.94508851641101,104.6274342590803
600,55,3.14321568303768,8.019174187778037e-08,1.066023,635.4240416666668,2.901154173738052,3.137951106480436,50.64952538874331,2.855690338088726,39.96249505602425,114.1205110174069
650,55,3.40515032329082,8.019174187778037e-08,1.066023,586.5452692307693,2.901154173738052,3.398972624573972,50.8813960292232,3.091716790250338,39.96156278432144,123.5498346249297
700,55,3.66708496354396,8.019174187778037e-08,1.066023,544.6491785714286,2.901154173738052,3.65992129862116,51.09607467473188,3.32734783778068,39.94511363780691,132.9112874926604
750,55,3.9290196037971,8.019174187778037e-08,1.066023,508.3392333333334,2.901154173738052,3.92079715885379,51.29593568085579,3.56257045882901,39.91538975009952,142.2013883763508
800,55,4.19095424405024,8.019174187778037e-08,1.066023,476.56803125,2.901154173738052,4.181600235461258,51.48289313892178,3.79737177441793,39.8742012315527,151.4171662841589
850,55,4.45288888430338,8.019174187778037e-08,1.066023,448.5346176470589,2.901154173738052,4.442330558588052,51.65851265162564,4.031738605251407,39.82303461945281,160.5560660535112
900,55,4.71482352455652,8.019174187778037e-08,1.066023,423.6160277777778,2.901154173738052,4.702988158331011,51.82409111108882,4.265657892478464,39.7631222490214,169.6158762511242
950,55,4.976758164809659,8.019174187778037e-08,1.066023,401.3204473684211,2.901154173738052,4.963573064736279,51.98071487841867,4.499116157234037,39.69550172441182,178.5946731778128
1000,55,5.2386928050628,8.019174187778037e-08,1.066023,381.254425,2.901154173738052,5.224085307795985,52.12930302268569,4.732099822936195,39.62105275577968,187.4907767301707
1050,55,5.50062744531594,8.019174187778037e-08,1.066023,363.0994523809524,2.901154173738052,5.484524917444578,52.27063999938036,4.964594954453208,39.54052988216795,196.3027151494173
1100,55,5.762562085569081,8.019174187778037e-08,1.066023,346.5949318181818,2.901154173738052,5.74489192355481,52.40540071984969,5.196587247952229,39.45458562621644,205.0291965384357
100,60,0.52594316059066,1.595308347303334e-07,1.066023,3812.54425,2.94535886936106,0.5257961096446793,44.13976077659913,0.4775281110986008,36.02093800250479,17.20101048433592
150,60,0.7889147408859899,1.595308347303334e-07,1.066023,2541.696166666667,2.94535886936106,0.7885839450304353,45.33220919915493,0.7168384664015601,36.90925820572977,26.45797604821453
200,60,1.05188632118132,1.595308347303334e-07,1.066023,1906.272125,2.94535886936106,1.051298341634953,46.17826422266421,0.9560027264246267,37.47646584090791,35.82760352066735
250,60,1.31485790147665,1.595308347303334e-07,1.066023,1525.0177,2.94535886936106,1.313939330048247,46.83451513167552,1.194944530542238,37.8676116326203,45.24969540509724
300,60,1.57782948177198,1.595308347303334e-07,1.066023,1270.848083333334,2.94535886936106,1.576506940824496,47.37071093490363,1.43361837270752,38.14743703391413,54.68886660352256
350,60,1.84080106206731,1.595308347303334e-07,1.066023,1089.298357142857,2.94535886936106,1.83900120448022,47.82405786281311,1.671992617319945,38.35053355562684,64.12180897528889
400,60,2.10377264236264,1.595308347303334e-07,1.066023,953.1360625000001,2.94535886936106,2.101422151492283,48.21676471181308,1.910042780896979,38.49758105583731,73.53202677769835
450,60,2.36674422265797,1.595308347303334e-07,1.066023,847.2320555555557,2.94535886936106,2.363769812295689,48.56315660675455,2.14774854062188,38.60193640216357,82.90725257292543
500,60,2.6297158029533,1.595308347303334e-07,1.066023,762.5088500000001,2.94535886936106,2.626044217281175,48.87301463978952,2.38509197354909,38.67273382327207,92.23802703708661
550,60,2.89268738324863,1.595308347303334e-07,1.066023,693.1898636363636,2.94535886936106,2.888245396792555,49.15331526423074,2.622056741324951,38.7164972772491,101.5168526863001
600,60,3.15565896354396,1.595308347303334e-07,1.066023,635.4240416666668,2.94535886936106,3.150373381123806,49.40920963410281,2.858627485818816,38.73805117971077,110.7376578493772
650,60,3.41863054383929,1.595308347303334e-07,1.066023,586.5452692307693,2.94535886936106,3.412428200515875,49.64460959180769,3.094789411500857,38.74106589181847,119.8954405122568
700,60,3.68160212413462,1.595308347303334e-07,1.066023,544.6491785714286,2.94535886936106,3.67440988515316,49.8625558737474,3.330528029752112,38.72840018768076,128.9860223725277
750,60,3.94457370442995,1.595308347303334e-07,1.066023,508.3392333333334,2.94535886936106,3.936318465159655,50.06545897577325,3.565829121762148,38.70232386525802,138.0058735186072
800,60,4.20754528472528,1.595308347303334e-07,1.066023,476.56803125,2.94535886936106,4.198153970594714,50.25526212376099,3.800678289382658,38.66467322190266,146.9519840805605
850,60,4.47051686502061,1.595308347303334e-07,1.066023,448.5346176470589,2.94535886936106,4.459916431448397,50.43355475057888,4.035061285683448,38.61695203215293,155.8217681160351
900,60,4.73348844531594,1.595308347303334e-07,1.066023,423.6160277777778,2.94535886936106,4.721605877636368,50.60165348845794,4.268963637258032,38.56041048993601,164.61299021928
950,60,4.996460025611269,1.595308347303334e-07,1.066023,401.3204473684211,2.94535886936106,4.983222338994284,50.76066123410351,4.502370589886524,38.49610001306561,173.3237085241568
1000,60,5.2594316059066,1.595308347303334e-07,1.066023,381.254425,2.94535886936106,5.244765845271634,50.91151104581604,4.73526718936937,38.42491299876311,181.9522297774155
1050,60,5.52240318620193,1.595308347303334e-07,1.066023,363.0994523809524,2.94535886936106,5.506236426124992,51.05499931935424,4.967638109620867,38.34761495416973,190.4970734594006
1100,60,5.78537476649726,1.595308347303334e-07,1.066023,346.5949318181818,2.94535886936106,5.76763411111059,51.19181123894828,5.199467955947781,38.26486565180641,198.9569427952143
100,65,0.52801704067504,3.11182359779957e-07,1.066023,3812.54425,2.989563564984068,0.5278693790150585,42.81880423876055,0.4778163775248538,34.73063683336987,16.59486708085205
150,65,0.7920255610125599,3.11182359779957e-07,1.066023,2541.696166666667,2.989563564984068,0.791693412196385,44.02913031624212,0.7173750794049006,35.63310587350449,25.56230215544852
200,65,1.05603408135008,3.11182359779957e-07,1.066023,1906.272125,2.989563564984068,1.055443715300818,44.8878697757566,0.9567899163144082,36.21079215971616,34.64612080017326
250,65,1.3200426016876,3.11182359779957e-07,1.066023,1525.0177,2.989563564984068,1.319120318873422,45.55395951000901,1.195974973964127,36.61038345403756,43.78510239825928
300,65,1.58405112202512,3.11182359779957e-07,1.066023,1270.848083333334,2.989563564984068,1.582723253407349,46.09819422328451,1.434879170861675,36.89736440729626,52.94325964772235
350,65,1.84805964236264,3.11182359779957e-07,1.066023,1089.298357142857,2.989563564984068,1.84625254934049,46.5583379543441,1.673467084039877,37.10672885624197,62.09688933731362
400,65,2.11206816270016,3.11182359779957e-07,1.066023,953.1360625000001,2.989563564984068,2.109708237051789,46.95693246235032,1.91171134948116,37.25940038248489,71.22921858605903
450,65,2.37607668303768,3.11182359779957e-07,1.066023,847.2320555555557,2.989563564984068,2.373090346857204,47.30851764034969,2.149589385867737,37.36889341764227,80.32777665218656
500,65,2.6400852033752,3.11182359779957e-07,1.066023,762.5088500000001,2.989563564984068,2.636398909005276,47.62302122289725,2.387081287915263,37.44445185777975,89.38295036594995
550,65,2.90409372371272,3.11182359779957e-07,1.066023,693.1898636363636,2.989563564984068,2.899633953672268,47.90752425746405,2.624168973841766,37.49267834548797,98.38712326045858
600,65,3.16810224405024,3.11182359779957e-07,1.066023,635.4240416666668,2.989563564984068,3.162795510956833,48.167255126584,2.860835449658656,37.51845646194019,107.3341302627934
650,65,3.43211076438776,3.11182359779957e-07,1.066023,586.5452692307693,2.989563564984068,3.425883610874161,48.40618432087103,3.097064342592403,37.52550237743971,116.218895351035
700,65,3.696119284725279,3.11182359779957e-07,1.066023,544.6491785714286,2.989563564984068,3.688898283349562,48.62739816492967,3.332839803078907,37.51670908669094,125.0371813246557
750,65,3.960127805062799,3.11182359779957e-07,1.066023,508.3392333333334,2.989563564984068,3.951839558211434,48.83334329395575,3.568145984320332,37.49437719517871,133.7854114235687
800,65,4.22413632540032,3.11182359779957e-07,1.066023,476.56803125,2.989563564984068,4.214707465183529,49.02599206763853,3.802967265579619,37.46036418060898,142.4605387355472
850,65,4.48814484573784,3.11182359779957e-07,1.066023,448.5346176470589,2.989563564984068,4.477502033876504,49.20695774842761,4.037287912774362,37.41619415424289,151.0599484009435
900,65,4.75215336607536,3.11182359779957e-07,1.066023,423.6160277777778,2.989563564984068,4.740223293778618,49.37757670817246,4.271091889265679,37.36313501916315,159.5813829378862
950,65,5.016161886412879,3.11182359779957e-07,1.066023,401.3204473684211,2.989563564984068,5.00287127424556,49.53896837877119,4.504363255378777,37.30225000132253,168.0228842489101
1000,65,5.2801704067504,3.11182359779957e-07,1.066023,381.254425,2.989563564984068,5.265446004489273,49.69207980741567,4.737085398635797,37.23444545896569,176.3827479099673
1050,65,5.54417892708792,3.11182359779957e-07,1.066023,363.0994523809524,2.989563564984068,5.527947513565713,49.83771932984178,4.969241706846663,37.16049601929379,184.6594866661841
1100,65,5.80818744742544,3.11182359779957e-07,1.066023,346.5949318181818,2.989563564984068,5.790375830361415,49.97658240291821,5.200815040755849,37.08107276039263,192.851800939612
100,70,0.53009092075942,5.956757772631443e-07,1.066023,3812.54425,3.033768260607077,0.5299426219269369,41.49623850267267,0.4779560201883764,33.44543697749569,15.985447951225
150,70,0.7951363811391299,5.956757772631443e-07,1.066023,2541.696166666667,3.033768260607077,0.7948028377727533,42.72444159866495,0.7177022309185134,34.36186869161664,24.66158981850228
200,70,1.06018184151884,5.956757772631443e-07,1.066023,1906.272125,3.033768260607077,1.059589030817773,43.59586509742917,0.9573076285825791,34.94994895943933,33.45785275744304
250,70,1.32522730189855,5.956757772631443e-07,1.066023,1525.0177,3.033768260607077,1.324301231427676,44.27179337209191,1.196675653965209,35.35795561249134,42.31200465545089
300,70,1.59027276227826,5.956757772631443e-07,1.066023,1270.848083333334,3.033768260607077,1.58893946988756,44.82406677443191,1.435749098555082,35.65209451943788,51.18746256788351
350,70,1.85531822265797,5.956757772631443e-07,1.066023,1089.298357142857,3.033768260607077,1.853503776395875,45.29100712861828,1.674488324058473,35.86775241066158,60.06013262187298
400,70,2.12036368303768,5.956757772631443e-07,1.066023,953.1360625000001,3.033768260607077,2.117994181057775,45.69548914398933,1.912862899853664,36.02608851027883,68.9129681381567
450,70,2.38540914341739,5.956757772631443e-07,1.066023,847.2320555555557,3.033768260607077,2.382410713877829,46.05226747417419,2.150847638397801,36.14077373098446,77.73329782915722
500,70,2.6504546037971,5.956757772631443e-07,1.066023,762.5088500000001,3.033768260607077,2.646753404752045,46.37141649119667,2.388420520583097,36.22115802387917,86.5113571035161
550,70,2.91550006417681,5.956757772631443e-07,1.066023,693.1898636363636,3.033768260607077,2.911022283459111,46.66012183330395,2.625561487197968,36.27392205591872,95.23941273964112
600,70,3.18054552455652,5.956757772631443e-07,1.066023,635.4240416666668,3.033768260607077,3.175217379650814,46.92368910913228,2.862251825415326,36.30400632630612,103.9112083773593
650,70,3.44559098493623,5.956757772631443e-07,1.066023,586.5452692307693,3.033768260607077,3.439338722841534,47.16614745573179,3.098473433967239,36.31517211203911,112.5215960391012
700,70,3.710636445315939,5.956757772631443e-07,1.066023,544.6491785714286,3.033768260607077,3.703386342396732,47.39062878456093,3.334208859285493,36.31034729957883,121.0662816499888
750,70,3.97568190569565,5.956757772631443e-07,1.066023,508.3392333333334,3.033768260607077,3.967360267520335,47.59961586911686,3.569440697909601,36.29186042945904,129.5416436197661
800,70,4.24072736607536,5.956757772631443e-07,1.066023,476.56803125,3.033768260607077,4.231260527240924,47.79511020207724,3.804151781782749,36.26159205411918,137.9446000229566
850,70,4.505772826455069,5.956757772631443e-07,1.066023,448.5346176470589,3.033768260607077,4.495087150396589,47.9787488748068,4.038324729433573,36.22108644900706,146.2725091339765
900,70,4.770818286834779,5.956757772631443e-07,1.066023,423.6160277777778,3.033768260607077,4.758840165618348,48.15188799823522,4.271942020934277,36.17162703047187,154.5230934770349
950,70,5.035863747214489,5.956757772631443e-07,1.066023,401.3204473684211,3.033768260607077,5.022519601311969,48.31566353900325,4.504986133983003,36.11429114408676,162.694380842736
1000,70,5.300909207594199,5.956757772631443e-07,1.066023,381.254425,3.033768260607077,5.28612548563807,48.47103653282102,4.737438888045712,36.04999702023694,170.7846577976025
1050,70,5.56595466797391,5.956757772631443e-07,1.066023,363.0994523809524,3.033768260607077,5.549657846490313,48.61882725508599,4.969282108727582,35.979529567151,178.7924325584785
1100,70,5.83100012835362,5.956757772631443e-07,1.066023,346.5949318181818,3.033768260607077,5.813116711471515,48.75974143503527,5.200496954483923,35.903569722996,186.7164049995419
