domain,n,method,timing_kind,speedup_median,ci95_low,ci95_high,significant_speedup
bem,1,adaptive_frozen_v1,e2e,1.2279508004047333,1.1819780546221037,1.2357184447206218,True
bem,1,adaptive_frozen_v1,kernel,1.656401018580437,1.6519131894987549,1.6716216597897469,True
bem,1,adaptive_no_gradient_gate,e2e,1.2379849447333875,1.221231734281924,1.2438184728896942,True
bem,1,adaptive_no_gradient_gate,kernel,1.6611884864532216,1.655116642375818,1.6642839332186208,True
bem,1,fp32,e2e,1.3251341546958586,1.298080045999824,1.3444516811669247,True
bem,1,fp32,kernel,2.0879341928808413,1.9927136826514082,2.1160930481334086,True
bem,1,fp64,e2e,0.15248108562265195,0.1515939497147484,0.15328205659148847,False
bem,1,fp64,kernel,0.15586303929080011,0.15509288598904356,0.1565496333907027,False
bem,8,adaptive_frozen_v1,e2e,0.1403525552534075,0.1395668286130485,0.14122484274450653,False
bem,8,adaptive_frozen_v1,kernel,0.1460959116034432,0.1455128103731917,0.14630816634811078,False
bem,8,adaptive_no_gradient_gate,e2e,0.1398896811222737,0.1394144079847175,0.1405975915614312,False
bem,8,adaptive_no_gradient_gate,kernel,0.1461409526726184,0.1455483217958451,0.14635239811519618,False
bem,8,fp32,e2e,1.3472132664341188,1.3060541983531258,1.3672468412345393,True
bem,8,fp32,kernel,2.0686619181924093,2.0234703516145425,2.1361759580157305,True
bem,8,fp64,e2e,0.15404879366851476,0.15353506673535994,0.15500137590144264,False
bem,8,fp64,kernel,0.15792164714376633,0.1572255403016795,0.15824403044825686,False
bem,32,adaptive_frozen_v1,e2e,0.15649351349418222,0.1558772978329975,0.15755316688731102,False
bem,32,adaptive_frozen_v1,kernel,0.16284705350594036,0.1622350913214114,0.16363179476505865,False
bem,32,adaptive_no_gradient_gate,e2e,0.15668039805350104,0.15585161151487578,0.15760198041502138,False
bem,32,adaptive_no_gradient_gate,kernel,0.162909924857513,0.162242469743518,0.1637359830402072,False
bem,32,fp32,e2e,1.3693172669087055,1.3079403189826273,1.4913999442387849,True
bem,32,fp32,kernel,2.121815021073062,2.1079442030253914,2.1328118395911826,True
bem,32,fp64,e2e,0.15368766240474918,0.1524672361527602,0.15505798806051935,False
bem,32,fp64,kernel,0.16036968644402244,0.15974377237980286,0.16107503566982412,False
bem,128,adaptive_frozen_v1,e2e,0.15362882107343379,0.15231116695377545,0.155033032472783,False
bem,128,adaptive_frozen_v1,kernel,0.15840719087706556,0.15688671037945973,0.15986551466906618,False
bem,128,adaptive_no_gradient_gate,e2e,0.15345969879518284,0.15164537674908196,0.15458100569771493,False
bem,128,adaptive_no_gradient_gate,kernel,0.15847444211889516,0.15695141830748766,0.15982211730224768,False
bem,128,fp32,e2e,1.635407914345664,1.6178076882152228,1.6536296483926776,True
bem,128,fp32,kernel,2.3111537715079242,2.28777978716042,2.3392298813780954,True
bem,128,fp64,e2e,0.161771687115972,0.1606516395800231,0.16426004568181485,False
bem,128,fp64,kernel,0.1667395118930679,0.16529033904541351,0.16834219460173253,False
bem,512,adaptive_frozen_v1,e2e,0.13282847946554344,0.12006710899830361,0.14437775409984965,False
bem,512,adaptive_frozen_v1,kernel,0.13646248828418006,0.12303283965100645,0.14774211689831948,False
bem,512,adaptive_no_gradient_gate,e2e,0.13376636878778317,0.12029415322346065,0.14440318214935166,False
bem,512,adaptive_no_gradient_gate,kernel,0.1364335761872833,0.12300545157093234,0.14772935597814588,False
bem,512,fp32,e2e,1.7153108086387547,1.5278709231961587,1.81326986784965,True
bem,512,fp32,kernel,2.733546088821681,2.458585632481162,2.9514449133278604,True
bem,512,fp64,e2e,0.13639877635261854,0.12280049331834456,0.14758568749948028,False
bem,512,fp64,kernel,0.13939978021329394,0.1256655273504652,0.15090237910871568,False
bem,2048,adaptive_frozen_v1,e2e,0.2651230270459079,0.26370750257427367,0.267161402086476,False
bem,2048,adaptive_frozen_v1,kernel,0.2726639249231647,0.27209437107304063,0.27458637996344076,False
bem,2048,adaptive_no_gradient_gate,e2e,0.26494816130347826,0.262754205776061,0.26618539772472705,False
bem,2048,adaptive_no_gradient_gate,kernel,0.2730045312026547,0.2721929990073243,0.2737962527710399,False
bem,2048,fp32,e2e,3.140930657838365,3.1066770164729496,3.157342727984834,True
bem,2048,fp32,kernel,5.596613136451424,5.579922243701686,5.6307968453046,True
bem,2048,fp64,e2e,0.2729928578150504,0.27165387069617297,0.2752043206155137,False
bem,2048,fp64,kernel,0.28273488592628315,0.28197075954160894,0.28384084301922136,False
bem,8192,adaptive_frozen_v1,e2e,0.815533336911998,0.8130994056486658,0.8245570277412094,False
bem,8192,adaptive_frozen_v1,kernel,0.8869823941300867,0.882487053378797,0.905999337106275,False
bem,8192,adaptive_no_gradient_gate,e2e,0.8165249316982638,0.8152788702186835,0.8227023454066428,False
bem,8192,adaptive_no_gradient_gate,kernel,0.8846165611178666,0.8825881235678081,0.9095707487172249,False
bem,8192,fp32,e2e,5.883476441521113,5.813451769951871,6.2207102686875455,True
bem,8192,fp32,kernel,18.29219215928705,18.239512529362543,18.77095800502877,True
bem,8192,fp64,e2e,0.8506436410950377,0.8441670012131084,0.8583473031892284,False
bem,8192,fp64,kernel,0.9217746388087273,0.9174264670175133,0.9461826561265091,False
bem,32768,adaptive_frozen_v1,e2e,2.8496635728131423,2.834588710538485,2.858729712200758,True
bem,32768,adaptive_frozen_v1,kernel,3.650019442092188,3.6442919058822554,3.6617937184987728,True
bem,32768,adaptive_no_gradient_gate,e2e,2.845751729322196,2.8310954122034606,2.849912164085187,True
bem,32768,adaptive_no_gradient_gate,kernel,3.6484869733446033,3.5921103438907345,3.6677290221095404,True
bem,32768,fp32,e2e,10.94096730596689,10.857634062170046,11.020829914487903,True
bem,32768,fp32,kernel,75.0031979439603,74.48249544686902,75.1261442833788,True
bem,32768,fp64,e2e,2.9649810733208777,2.953308169985283,2.9762109708812083,True
bem,32768,fp64,kernel,3.832372804051138,3.8220796548630114,3.855699903115242,True
bem,131072,adaptive_frozen_v1,e2e,1.2692453288338843,1.2489929591005158,1.4707337978033734,True
bem,131072,adaptive_frozen_v1,kernel,1.6294990780137737,1.6008305133922351,1.8915978356784082,True
bem,131072,adaptive_no_gradient_gate,e2e,1.269979652658241,1.2496611545983032,1.4728324827458397,True
bem,131072,adaptive_no_gradient_gate,kernel,1.628378027413481,1.6009539708320268,1.8942051585616078,True
bem,131072,fp32,e2e,5.134943636711018,5.029586792672578,5.901363088975987,True
bem,131072,fp32,kernel,43.10713476927184,42.781322493888645,49.973352277927056,True
bem,131072,fp64,e2e,1.2913472168689866,1.2683830182990437,1.4865004272646296,True
bem,131072,fp64,kernel,1.6635727052473452,1.6317458935423739,1.930607143516542,True
bem,524288,adaptive_frozen_v1,e2e,1.4487302077076314,1.4274163234682087,1.4659052510144663,True
bem,524288,adaptive_frozen_v1,kernel,1.964460163165517,1.8780203558718847,1.9658704338138977,True
bem,524288,adaptive_no_gradient_gate,e2e,1.4505996621131083,1.4136040178663456,1.4598658903079205,True
bem,524288,adaptive_no_gradient_gate,kernel,1.96696209819827,1.9627510559121872,1.96939479945592,True
bem,524288,fp32,e2e,5.131611350791735,5.043974420752328,5.2558779365071,True
bem,524288,fp32,kernel,54.746541692358136,54.61655222630784,54.78530582069514,True
bem,524288,fp64,e2e,1.4676969909400235,1.4317402820904759,1.485448883282679,True
bem,524288,fp64,kernel,2.001587093577302,1.9563422170707307,2.003329786313101,True
bem,2097152,adaptive_frozen_v1,e2e,1.4895423574158229,1.4843316157504551,1.4947965949735718,True
bem,2097152,adaptive_frozen_v1,kernel,2.026061624883087,2.011820669861907,2.0348251517360785,True
bem,2097152,adaptive_no_gradient_gate,e2e,1.4923975257787772,1.486952295320632,1.499590805026606,True
bem,2097152,adaptive_no_gradient_gate,kernel,2.0242674117285926,2.011829556377391,2.03724002110555,True
bem,2097152,fp32,e2e,5.227795681095502,5.165691298586728,5.24371598287561,True
bem,2097152,fp32,kernel,58.54405402934163,58.39356594342864,58.696586403118545,True
bem,2097152,fp64,e2e,1.5124101831831958,1.5073993799360592,1.5196765703444295,True
bem,2097152,fp64,kernel,2.067521169423584,2.0522985510460257,2.0792786280573017,True
bem,8388608,adaptive_frozen_v1,e2e,1.5099608811176488,1.5070179330786093,1.5118149287554568,True
bem,8388608,adaptive_frozen_v1,kernel,2.0426982126428843,2.040589285399832,2.047712204041625,True
bem,8388608,adaptive_no_gradient_gate,e2e,1.5072145122480345,1.5059298366934453,1.5089774263608113,True
bem,8388608,adaptive_no_gradient_gate,kernel,2.044047913814545,2.039481201017664,2.0496928102740757,True
bem,8388608,fp32,e2e,5.241100172817596,5.213098240732773,5.253144134629109,True
bem,8388608,fp32,kernel,59.41677092484484,59.275975660994376,59.55219507012404,True
bem,8388608,fp64,e2e,1.526169163076894,1.523329303866853,1.5306931428622415,True
bem,8388608,fp64,kernel,2.0756817021846317,2.072042851986088,2.08086775973973,True
bem,16777216,adaptive_frozen_v1,e2e,1.4701495482874543,1.4650242825323054,1.475968628221878,True
bem,16777216,adaptive_frozen_v1,kernel,1.993592964590033,1.9886149972716485,2.0021618933810417,True
bem,16777216,adaptive_no_gradient_gate,e2e,1.4707454091815766,1.4680016772470044,1.4773294924585105,True
bem,16777216,adaptive_no_gradient_gate,kernel,1.9954924020613434,1.9879175145742645,2.0020849004545527,True
bem,16777216,fp32,e2e,5.090290017923623,5.070524679162322,5.1235081677885645,True
bem,16777216,fp32,kernel,57.786256620275495,57.08861547000433,58.07915315218642,True
bem,16777216,fp64,e2e,1.4886249049492148,1.481765539353767,1.4936581255982173,True
bem,16777216,fp64,kernel,2.0239091410193506,2.0179412636991296,2.0329630214764594,True
cstr,1,adaptive_frozen_v1,e2e,0.8157773300651503,0.7970580778963838,1.0389061158963744,False
cstr,1,adaptive_frozen_v1,kernel,0.996542654992685,0.9785885119784149,1.279009513033929,False
cstr,1,adaptive_no_gradient_gate,e2e,0.8109229821128536,0.7961653943872493,1.0296093855685786,False
cstr,1,adaptive_no_gradient_gate,kernel,0.9938801823000571,0.9756884383944384,1.2782058054088201,False
cstr,1,fp32,e2e,0.8324033228465233,0.8053711262245536,1.0351845587510975,False
cstr,1,fp32,kernel,1.0644306041512195,1.0448203382891355,1.3697000204072476,True
cstr,1,fp64,e2e,0.0881977663818335,0.086458039001481,0.1131097967364934,False
cstr,1,fp64,kernel,0.08993839058916969,0.08834349294714891,0.11544626705364774,False
cstr,8,adaptive_frozen_v1,e2e,0.8516944508383479,0.8420360155961644,0.8556109334803794,False
cstr,8,adaptive_frozen_v1,kernel,1.0450287064034978,1.0411733631577709,1.0571291764848225,True
cstr,8,adaptive_no_gradient_gate,e2e,0.8506184634258316,0.8457478872560713,0.8585388408587669,False
cstr,8,adaptive_no_gradient_gate,kernel,1.0462547973194667,1.0406120896536495,1.0576239145274162,True
cstr,8,fp32,e2e,0.8666839921894558,0.8603330777701201,0.8754369602095435,False
cstr,8,fp32,kernel,1.1180785523564862,1.1145852616701268,1.1294420080939693,True
cstr,8,fp64,e2e,0.09295630710104966,0.09228928343071108,0.09342400796637837,False
cstr,8,fp64,kernel,0.09386816712888514,0.09370601325165497,0.0948586282779367,False
cstr,32,adaptive_frozen_v1,e2e,1.0078537687616707,0.9500839006431164,1.0348556301038672,False
cstr,32,adaptive_frozen_v1,kernel,1.2242354676950917,1.215771652854432,1.2319490236908437,True
cstr,32,adaptive_no_gradient_gate,e2e,1.03197789504773,1.0238791524305109,1.0442261825284758,True
cstr,32,adaptive_no_gradient_gate,kernel,1.223034183493386,1.214337152318466,1.2382888667894387,True
cstr,32,fp32,e2e,1.0427388680771643,1.0366964086201331,1.0514333027548375,True
cstr,32,fp32,kernel,1.3112396374628843,1.3060231396398492,1.3192554548725728,True
cstr,32,fp64,e2e,0.10827468559781761,0.10720499049925591,0.10940913928723581,False
cstr,32,fp64,kernel,0.11005946230994687,0.10937607781380884,0.11101987713654032,False
cstr,128,adaptive_frozen_v1,e2e,0.13364661112582596,0.1325815789203814,0.13452812180830712,False
cstr,128,adaptive_frozen_v1,kernel,0.13663838340731937,0.13568201342064226,0.1371979798063941,False
cstr,128,adaptive_no_gradient_gate,e2e,0.13355958199459023,0.1328893964417705,0.13460315355824742,False
cstr,128,adaptive_no_gradient_gate,kernel,0.13667966394327902,0.13577260497401072,0.13719850990822866,False
cstr,128,fp32,e2e,1.3148619070168892,1.2621744384098195,1.3692092422003923,True
cstr,128,fp32,kernel,1.7244171975469627,1.7143004008606653,1.7339201866207703,True
cstr,128,fp64,e2e,0.12912677209994008,0.12804749612669294,0.13030540287433015,False
cstr,128,fp64,kernel,0.1315684528360967,0.13067934825463795,0.13206683852449388,False
cstr,512,adaptive_frozen_v1,e2e,0.17050156434701635,0.16908297691653723,0.17226396467098992,False
cstr,512,adaptive_frozen_v1,kernel,0.17429338460084176,0.17315353658348587,0.17609364837726732,False
cstr,512,adaptive_no_gradient_gate,e2e,0.17009802304744226,0.16930595409018856,0.17220279198678162,False
cstr,512,adaptive_no_gradient_gate,kernel,0.17428419695967673,0.17322310500896992,0.17603798361697842,False
cstr,512,fp32,e2e,1.4054752535902684,1.3763864096611929,1.479959406902969,True
cstr,512,fp32,kernel,1.9861870781508113,1.9733576905160632,2.005728151452419,True
cstr,512,fp64,e2e,0.09153711692505664,0.09116537297483887,0.09240730744318297,False
cstr,512,fp64,kernel,0.09303646501739751,0.09243005425781992,0.09399577951846223,False
cstr,2048,adaptive_frozen_v1,e2e,0.3776261009260271,0.37207382228113617,0.39811596135363136,False
cstr,2048,adaptive_frozen_v1,kernel,0.38879437968546104,0.38393444698588175,0.412419427308495,False
cstr,2048,adaptive_no_gradient_gate,e2e,0.3775667657789213,0.3734840880992429,0.3949810805197714,False
cstr,2048,adaptive_no_gradient_gate,kernel,0.3887220478762408,0.38334540554592,0.4132838168312438,False
cstr,2048,fp32,e2e,3.763781698975381,3.7286488334157353,3.8716562645141632,True
cstr,2048,fp32,kernel,5.6145539757971115,5.56432953830465,5.967566025504634,True
cstr,2048,fp64,e2e,0.2585728137903337,0.2545569393560799,0.27034796385988413,False
cstr,2048,fp64,kernel,0.26161785197839776,0.25763389693297367,0.2777006402003781,False
cstr,8192,adaptive_frozen_v1,e2e,1.2964346197586716,1.2811538092806554,1.341387568263111,True
cstr,8192,adaptive_frozen_v1,kernel,1.3966140675428091,1.3765448638650253,1.4420970186795627,True
cstr,8192,adaptive_no_gradient_gate,e2e,1.2985401619184378,1.283069958081151,1.341557655872219,True
cstr,8192,adaptive_no_gradient_gate,kernel,1.3906956908484474,1.3764652226638532,1.4444028244602571,True
cstr,8192,fp32,e2e,9.298387621277126,9.055234592676367,9.513248267776067,True
cstr,8192,fp32,kernel,20.375620466951304,20.084377520698638,21.08005162914185,True
cstr,8192,fp64,e2e,0.9004225752778219,0.8846006249504517,0.9277524377502779,False
cstr,8192,fp64,kernel,0.9394741977284177,0.9302131539599887,0.9729237860932001,False
cstr,32768,adaptive_frozen_v1,e2e,3.2414625659402785,3.0318743579300316,3.68604384235019,True
cstr,32768,adaptive_frozen_v1,kernel,3.966392068849297,3.5954410998245594,4.290313100513304,True
cstr,32768,adaptive_no_gradient_gate,e2e,3.1444413522745713,3.019994182653404,3.6807214858048516,True
cstr,32768,adaptive_no_gradient_gate,kernel,3.973153132586063,3.593210449024656,4.294507210398938,True
cstr,32768,fp32,e2e,16.662834453272968,14.941143811740174,18.209946746792873,True
cstr,32768,fp32,kernel,77.12935135898255,69.10660078104395,84.32866763857638,True
cstr,32768,fp64,e2e,2.98954408627488,2.778659532892013,3.3706301815095654,True
cstr,32768,fp64,kernel,3.5321840089525915,3.204847372417399,3.8720650315949667,True
cstr,131072,adaptive_frozen_v1,e2e,2.875716915249563,2.870722380064242,2.882507238316375,True
cstr,131072,adaptive_frozen_v1,kernel,3.7236498369307878,3.7157915972183666,3.728819773746325,True
cstr,131072,adaptive_no_gradient_gate,e2e,2.8707592103318778,2.8614599853298652,2.8815857982192696,True
cstr,131072,adaptive_no_gradient_gate,kernel,3.7206675156881275,3.7156071134752926,3.727264203947344,True
cstr,131072,fp32,e2e,10.863907535087119,10.821099230402018,10.972118416247994,True
cstr,131072,fp32,kernel,86.1745060995269,85.6192349916009,86.87394220890917,True
cstr,131072,fp64,e2e,1.772803044367113,1.7667647280410135,1.7801110003535623,True
cstr,131072,fp64,kernel,2.0682638405086893,2.0616125145778623,2.069909763926713,True
cstr,524288,adaptive_frozen_v1,e2e,3.6773485131980452,3.6527193758659786,3.727532014371864,True
cstr,524288,adaptive_frozen_v1,kernel,5.15594502329362,5.012615786907838,5.236620410558532,True
cstr,524288,adaptive_no_gradient_gate,e2e,3.6794208931717423,3.6075630826409237,3.7157327407146274,True
cstr,524288,adaptive_no_gradient_gate,kernel,5.1354685124592425,5.0420760354467085,5.1774135675320085,True
cstr,524288,fp32,e2e,11.734020751840138,11.724261387790435,11.744042979891034,True
cstr,524288,fp32,kernel,128.66126042620667,128.5387753838567,128.9069409271017,True
cstr,524288,fp64,e2e,2.0749905405064357,2.070250007367348,2.1216163133455375,True
cstr,524288,fp64,kernel,2.4743657426535175,2.465297890268221,2.5370494372621657,True
cstr,2097152,adaptive_frozen_v1,e2e,4.2481401575641,4.231772116958795,4.26093149624185,True
cstr,2097152,adaptive_frozen_v1,kernel,6.30079115034164,6.260729121517537,6.315969244027711,True
cstr,2097152,adaptive_no_gradient_gate,e2e,4.25648038779138,4.236263542794909,4.264878082103452,True
cstr,2097152,adaptive_no_gradient_gate,kernel,6.301063604280729,6.282629795486041,6.329226082731337,True
cstr,2097152,fp32,e2e,11.960900409560344,11.905673769068976,12.026343570758021,True
cstr,2097152,fp32,kernel,146.74540386967007,146.46695314335972,147.14063536266633,True
cstr,2097152,fp64,e2e,2.2233552851583456,2.221546873430536,2.2365943247551847,True
cstr,2097152,fp64,kernel,2.6794272068280023,2.6712953186188644,2.6890203876573975,True
cstr,8388608,adaptive_frozen_v1,e2e,4.2541518669373755,4.24961088328779,4.263975900334955,True
cstr,8388608,adaptive_frozen_v1,kernel,6.365064820874887,6.359197068294074,6.384795167714914,True
cstr,8388608,adaptive_no_gradient_gate,e2e,4.255602482805477,4.246687778069456,4.271630152518776,True
cstr,8388608,adaptive_no_gradient_gate,kernel,6.387355554938945,6.377910847267385,6.39675778657003,True
cstr,8388608,fp32,e2e,11.762327491277095,11.710994898891398,11.781354282025749,True
cstr,8388608,fp32,kernel,147.262503492999,146.84150265619266,147.522408087609,True
cstr,8388608,fp64,e2e,2.1936580821234593,2.1923362213857,2.1972077169941646,True
cstr,8388608,fp64,kernel,2.652571360057598,2.6456473272650425,2.656912913221335,True
cstr,16777216,adaptive_frozen_v1,e2e,4.126063528134484,4.11821860279859,4.135752303037759,True
cstr,16777216,adaptive_frozen_v1,kernel,6.187472485975885,6.178244880374626,6.19871677446041,True
cstr,16777216,adaptive_no_gradient_gate,e2e,4.13358761163214,4.126710998657503,4.137978228884773,True
cstr,16777216,adaptive_no_gradient_gate,kernel,6.207133756811574,6.197911033368481,6.213039287132964,True
cstr,16777216,fp32,e2e,11.382972063126592,11.35730421625246,11.421645899743336,True
cstr,16777216,fp32,kernel,135.40897861504934,134.8425693972744,135.97474906716167,True
cstr,16777216,fp64,e2e,2.1198498379716457,2.1148011784356218,2.122815247390861,True
cstr,16777216,fp64,kernel,2.560515942519728,2.5564106794954844,2.5619162963342754,True
kepler,1,adaptive_frozen_v1,e2e,0.2626415313120698,0.25750360766801106,0.3366322434503405,False
kepler,1,adaptive_frozen_v1,kernel,0.28408267013707167,0.28073198539657473,0.36720713841083436,False
kepler,1,adaptive_no_gradient_gate,e2e,0.26244721553517525,0.2582148713324842,0.33644040120612695,False
kepler,1,adaptive_no_gradient_gate,kernel,0.2840990761434704,0.28081861236095473,0.3675466460907207,False
kepler,1,fp32,e2e,2.3070278748840867,1.966852747874361,2.465773087681857,True
kepler,1,fp32,kernel,3.5923168282405307,3.535484794402106,4.600583401576968,True
kepler,1,fp64,e2e,0.29011829197868977,0.2853324874993155,0.36504782660442936,False
kepler,1,fp64,kernel,0.30927852336202066,0.3051359418045788,0.39931907221740714,False
kepler,8,adaptive_frozen_v1,e2e,0.2654945696823205,0.26006854536444624,0.27562042543386145,False
kepler,8,adaptive_frozen_v1,kernel,0.2771146118872809,0.27447402065728554,0.2825356120890522,False
kepler,8,adaptive_no_gradient_gate,e2e,0.2671042796766019,0.2620936058951265,0.27327113409104126,False
kepler,8,adaptive_no_gradient_gate,kernel,0.2769491119837112,0.27468178764510365,0.2825804413307012,False
kepler,8,fp32,e2e,2.4303149716124004,2.3722993695201238,2.4866612320150905,True
kepler,8,fp32,kernel,2.950790767710509,2.9322231751618886,3.014197183188773,True
kepler,8,fp64,e2e,0.29939207390053957,0.29035805027013817,0.30584577778393063,False
kepler,8,fp64,kernel,0.3062523275118624,0.3035375523884583,0.3122569654230062,False
kepler,32,adaptive_frozen_v1,e2e,0.26959007438149285,0.2675880981197985,0.27184135268831033,False
kepler,32,adaptive_frozen_v1,kernel,0.2983063766936647,0.2963071496462273,0.30019347369199323,False
kepler,32,adaptive_no_gradient_gate,e2e,0.2732467681890405,0.269723835137159,0.2759074390293219,False
kepler,32,adaptive_no_gradient_gate,kernel,0.29831542439225056,0.296314707958542,0.30033937169947916,False
kepler,32,fp32,e2e,1.9046869899831602,1.8724138752331883,2.042722665118483,True
kepler,32,fp32,kernel,3.869372654050361,3.743349625163658,3.9215183713336925,True
kepler,32,fp64,e2e,0.3019939317823732,0.29903278487961005,0.30633390031505503,False
kepler,32,fp64,kernel,0.3260965412117306,0.3243007209524168,0.3280540423780786,False
kepler,128,adaptive_frozen_v1,e2e,0.30858537347448756,0.3060678283933579,0.313995506199863,False
kepler,128,adaptive_frozen_v1,kernel,0.32846444044481526,0.32507059572279473,0.3333400934451756,False
kepler,128,adaptive_no_gradient_gate,e2e,0.3107245868896282,0.30576906778406976,0.3141314344270854,False
kepler,128,adaptive_no_gradient_gate,kernel,0.3286637870909917,0.3251303158235251,0.33343869139865817,False
kepler,128,fp32,e2e,2.553051005259381,2.2282042329790968,2.9881446359574753,True
kepler,128,fp32,kernel,4.65972335420873,4.5762180121792095,4.6867667348053175,True
kepler,128,fp64,e2e,0.3393245200999059,0.33430053740441645,0.34151953252671396,False
kepler,128,fp64,kernel,0.3605929679169777,0.35652847018164113,0.3648817987591556,False
kepler,512,adaptive_frozen_v1,e2e,0.229783085767205,0.22659366251494845,0.28552675124714044,False
kepler,512,adaptive_frozen_v1,kernel,0.24219765260780884,0.24033462902473351,0.30323349206889416,False
kepler,512,adaptive_no_gradient_gate,e2e,0.22928838571662014,0.22690489877014627,0.2848936616940474,False
kepler,512,adaptive_no_gradient_gate,kernel,0.24222023929917297,0.24033107602620635,0.303222899140309,False
kepler,512,fp32,e2e,2.4555992155400803,2.3469873044774907,2.887527521447642,True
kepler,512,fp32,kernel,4.925225394810864,4.90244316642549,6.184175282662876,True
kepler,512,fp64,e2e,0.24254892052926968,0.24057013493963325,0.3015776928821569,False
kepler,512,fp64,kernel,0.257660219055992,0.25546658261661176,0.3224085623110454,False
kepler,2048,adaptive_frozen_v1,e2e,0.4571693057956566,0.4507660834653836,0.46100719803452717,False
kepler,2048,adaptive_frozen_v1,kernel,0.4842720825736479,0.4826654325232977,0.4868600243654261,False
kepler,2048,adaptive_no_gradient_gate,e2e,0.45818326928114284,0.4547130284756183,0.4601296275969645,False
kepler,2048,adaptive_no_gradient_gate,kernel,0.4844708507370774,0.4824956651657927,0.4882586504034061,False
kepler,2048,fp32,e2e,3.9966772532621695,3.8174014562303427,4.049355447353177,True
kepler,2048,fp32,kernel,9.992628003433808,9.970368763302432,10.082043927181555,True
kepler,2048,fp64,e2e,0.484842962902373,0.4822966171312151,0.4871946008334687,False
kepler,2048,fp64,kernel,0.5125046908844466,0.5102037231649585,0.5137466342041886,False
kepler,8192,adaptive_frozen_v1,e2e,1.2608147333469173,1.2573188925861056,1.269435201529078,True
kepler,8192,adaptive_frozen_v1,kernel,1.4517756438728338,1.442258409434844,1.4688514689180114,True
kepler,8192,adaptive_no_gradient_gate,e2e,1.2594538383335487,1.2582953599431588,1.262631492934468,True
kepler,8192,adaptive_no_gradient_gate,kernel,1.4504558484906198,1.4423252102177968,1.4667815012036067,True
kepler,8192,fp32,e2e,7.050240292574017,6.952351103363149,7.175317312906747,True
kepler,8192,fp32,kernel,30.742378732861226,30.63835008502363,31.015414584648028,True
kepler,8192,fp64,e2e,1.3233165772236117,1.3157016881721415,1.3301276263679997,True
kepler,8192,fp64,kernel,1.5393642588383607,1.5349335371558361,1.553378397653928,True
kepler,32768,adaptive_frozen_v1,e2e,3.818251935224553,3.7919872457704455,3.8400229772770773,True
kepler,32768,adaptive_frozen_v1,kernel,5.965153593005644,5.9536935438177325,5.981413907433755,True
kepler,32768,adaptive_no_gradient_gate,e2e,3.817530143845378,3.8061627074458375,3.8476476317107715,True
kepler,32768,adaptive_no_gradient_gate,kernel,5.964752327980587,5.951719671973217,5.983114695487256,True
kepler,32768,fp32,e2e,9.78824523036516,9.721326834989064,9.947859130745003,True
kepler,32768,fp32,kernel,124.16567666491517,123.90584599489837,124.61872739878538,True
kepler,32768,fp64,e2e,3.956964843125566,3.9359318902777494,3.9722905924203413,True
kepler,32768,fp64,kernel,6.321545404136147,6.309864241023405,6.344434560972703,True
kepler,131072,adaptive_frozen_v1,e2e,1.825777697483701,1.7987473978115522,2.9624494377840893,True
kepler,131072,adaptive_frozen_v1,kernel,2.8533154670296383,2.81257761289549,4.655670541855017,True
kepler,131072,adaptive_no_gradient_gate,e2e,1.8263939238967155,1.7989752665788983,2.9783987238482967,True
kepler,131072,adaptive_no_gradient_gate,kernel,2.8547827711904574,2.8185491614504734,4.644582111092433,True
kepler,131072,fp32,e2e,4.820263429747447,4.779757186585165,7.689392187433657,True
kepler,131072,fp32,kernel,111.93644455534499,103.95709108419291,170.20556127829633,True
kepler,131072,fp64,e2e,1.8639219496556934,1.8300699787539272,3.024745020857731,True
kepler,131072,fp64,kernel,2.9447546561980187,2.9023486206636813,4.801383257008319,True
kepler,524288,adaptive_frozen_v1,e2e,2.045565538853843,2.0416525527660587,2.049888594922903,True
kepler,524288,adaptive_frozen_v1,kernel,3.432669366404501,3.4299218618095857,3.4374773601148183,True
kepler,524288,adaptive_no_gradient_gate,e2e,2.04296838010426,2.0371984728961965,2.051538092461848,True
kepler,524288,adaptive_no_gradient_gate,kernel,3.43587465722781,3.4285688565586776,3.440457058620714,True
kepler,524288,fp32,e2e,4.889629970948565,4.8777926610806155,4.900950891789869,True
kepler,524288,fp32,kernel,141.97393992662546,141.49530166754596,142.47162157006628,True
kepler,524288,fp64,e2e,2.0782417438328062,2.0719144822174638,2.0837187558914305,True
kepler,524288,fp64,kernel,3.5430063867679973,3.5334795604592664,3.545343037105438,True
kepler,2097152,adaptive_frozen_v1,e2e,2.0914827979039208,2.0777488404151003,2.110643079101269,True
kepler,2097152,adaptive_frozen_v1,kernel,3.6304246545443433,3.5566436431054687,3.652788027349596,True
kepler,2097152,adaptive_no_gradient_gate,e2e,2.103282109771918,2.077613097222515,2.11283194850013,True
kepler,2097152,adaptive_no_gradient_gate,kernel,3.568637876186089,3.54924608340408,3.663834069066068,True
kepler,2097152,fp32,e2e,4.859409290991713,4.812324300774447,4.895637976677022,True
kepler,2097152,fp32,kernel,153.96987668384037,153.68132964533785,154.6807031992525,True
kepler,2097152,fp64,e2e,2.1230838754561887,2.11342997999225,2.1334545297978917,True
kepler,2097152,fp64,kernel,3.73177278571038,3.652487357551678,3.742548982556551,True
kepler,8388608,adaptive_frozen_v1,e2e,2.1100937868483722,2.107343682674859,2.114292338058478,True
kepler,8388608,adaptive_frozen_v1,kernel,3.631158147716821,3.6266824107997957,3.6352917621866223,True
kepler,8388608,adaptive_no_gradient_gate,e2e,2.1114599481973597,2.10419315121848,2.113493700294285,True
kepler,8388608,adaptive_no_gradient_gate,kernel,3.6355493985000606,3.630609312417789,3.6476061003473887,True
kepler,8388608,fp32,e2e,4.904162967846095,4.894138033055779,4.908358718185603,True
kepler,8388608,fp32,kernel,160.0989830583838,159.88618977461647,160.18252929311254,True
kepler,8388608,fp64,e2e,2.1479763166827777,2.143266173778587,2.1527479853214895,True
kepler,8388608,fp64,kernel,3.7340406037128364,3.7276543109718787,3.74999470135163,True
kepler,16777216,adaptive_frozen_v1,e2e,2.0958170424173557,2.091659626699434,2.0999189030519485,True
kepler,16777216,adaptive_frozen_v1,kernel,3.606324707823117,3.6005287434271818,3.612674670727677,True
kepler,16777216,adaptive_no_gradient_gate,e2e,2.092915185685925,2.0896720463658314,2.099144532346229,True
kepler,16777216,adaptive_no_gradient_gate,kernel,3.6099664852080413,3.601482030866838,3.61403319611689,True
kepler,16777216,fp32,e2e,4.85852084085541,4.830097200180957,4.870100698510707,True
kepler,16777216,fp32,kernel,159.36267210882215,159.1686303429111,159.64139023678837,True
kepler,16777216,fp64,e2e,2.1316979877559046,2.125409124760049,2.1332257202463047,True
kepler,16777216,fp64,kernel,3.7036571809726695,3.697637478829903,3.712455343462639,True
peng_robinson,1,adaptive_frozen_v1,e2e,3.0434092158939654,3.026217112254918,3.0841792881306525,True
peng_robinson,1,adaptive_frozen_v1,kernel,6.783509464125924,6.701455046826837,7.329165749904864,True
peng_robinson,1,adaptive_no_gradient_gate,e2e,3.148920397182837,3.0892076023563577,3.3244159294144815,True
peng_robinson,1,adaptive_no_gradient_gate,kernel,6.754942598889904,6.715008445837947,7.311175326972854,True
peng_robinson,1,fp32,e2e,5.254786171563362,5.145061405870321,5.594372676786911,True
peng_robinson,1,fp32,kernel,7.711844416274502,7.654713569611126,8.295702139383142,True
peng_robinson,1,fp64,e2e,2.5987677302211223,2.5216662784502857,2.754671849562653,True
peng_robinson,1,fp64,kernel,3.841597642482761,3.8076448396288924,4.10320042397772,True
peng_robinson,8,adaptive_frozen_v1,e2e,2.267125334802304,2.1605758020920254,2.319910093259538,True
peng_robinson,8,adaptive_frozen_v1,kernel,2.8084154332773292,2.8015679100735884,3.139607407856422,True
peng_robinson,8,adaptive_no_gradient_gate,e2e,3.306602404766819,3.114143745530013,3.7760605032073555,True
peng_robinson,8,adaptive_no_gradient_gate,kernel,5.687978651421593,5.605532193389676,6.304451501938171,True
peng_robinson,8,fp32,e2e,5.636775370555355,5.570755535618084,6.01343447463648,True
peng_robinson,8,fp32,kernel,8.53362184176273,8.431386328409982,9.455624582455217,True
peng_robinson,8,fp64,e2e,2.5393913733316187,2.4372145018557534,2.6315997345308464,True
peng_robinson,8,fp64,kernel,3.4109116351272153,3.3598871296049553,3.7597387030155858,True
peng_robinson,32,adaptive_frozen_v1,e2e,1.7610398875353717,1.7017998193554598,1.7760822864611656,True
peng_robinson,32,adaptive_frozen_v1,kernel,2.7375243333201276,2.7177290608985722,2.7720206763761626,True
peng_robinson,32,adaptive_no_gradient_gate,e2e,1.7714438664861731,1.7570397099476813,1.794001400865879,True
peng_robinson,32,adaptive_no_gradient_gate,kernel,2.7511674886889264,2.727836755619843,2.786950839220414,True
peng_robinson,32,fp32,e2e,4.708454357915691,4.546392432225364,5.100760690447096,True
peng_robinson,32,fp32,kernel,9.624563566206952,9.58528038345231,9.798189786665999,True
peng_robinson,32,fp64,e2e,2.1080249357431518,2.066014451492406,2.454135820031799,True
peng_robinson,32,fp64,kernel,3.8499317097898778,3.814964289148582,3.918030428645321,True
peng_robinson,128,adaptive_frozen_v1,e2e,1.8473764081079318,1.7917532200875939,1.8728267769883962,True
peng_robinson,128,adaptive_frozen_v1,kernel,2.8859305847364203,2.858358302282173,2.9063098826786993,True
peng_robinson,128,adaptive_no_gradient_gate,e2e,1.8764014485535876,1.850748899888295,1.8948536642123912,True
peng_robinson,128,adaptive_no_gradient_gate,kernel,3.361029662626031,3.3426179636497593,3.403755745159511,True
peng_robinson,128,fp32,e2e,4.669432388786271,4.559609243855934,4.747664760649105,True
peng_robinson,128,fp32,kernel,10.133509996627101,10.088835365853136,10.241139666196478,True
peng_robinson,128,fp64,e2e,2.183191630593287,2.067924450364511,2.2750291944995436,True
peng_robinson,128,fp64,kernel,4.049210010709963,4.033608437060732,4.0861466970808555,True
peng_robinson,512,adaptive_frozen_v1,e2e,1.223339511776808,1.2026919419856077,1.349259676171672,True
peng_robinson,512,adaptive_frozen_v1,kernel,1.8460483476218235,1.8357276124127073,1.8601270705608777,True
peng_robinson,512,adaptive_no_gradient_gate,e2e,1.3124644107029897,1.2556606766046956,1.4081927188760939,True
peng_robinson,512,adaptive_no_gradient_gate,kernel,2.256984157767491,2.233110604975491,2.270547798967053,True
peng_robinson,512,fp32,e2e,3.384967915259403,3.087948758012206,3.725530321675314,True
peng_robinson,512,fp32,kernel,10.224328246100034,10.144571169693542,10.320766802062222,True
peng_robinson,512,fp64,e2e,1.708627769016182,1.538459762129188,1.721768242546636,True
peng_robinson,512,fp64,kernel,2.5307631582228964,2.513614901421384,2.5576376582705804,True
peng_robinson,2048,adaptive_frozen_v1,e2e,1.2397853162038754,1.2350516004471612,1.2452683878246305,True
peng_robinson,2048,adaptive_frozen_v1,kernel,1.9703463976656534,1.9616441965963323,1.981492910836043,True
peng_robinson,2048,adaptive_no_gradient_gate,e2e,1.2381063347419183,1.2325245263636688,1.2452528787879205,True
peng_robinson,2048,adaptive_no_gradient_gate,kernel,2.17045464094599,2.1585331304548636,2.182157742484959,True
peng_robinson,2048,fp32,e2e,2.0730658946657003,2.0571055260580993,2.0937873504520343,True
peng_robinson,2048,fp32,kernel,10.802722195663028,10.738878130085308,10.846130946957437,True
peng_robinson,2048,fp64,e2e,1.3077890747310286,1.2998381601868472,1.3832654826497517,True
peng_robinson,2048,fp64,kernel,2.7093580552293197,2.6936859976931293,2.7254129929486384,True
peng_robinson,8192,adaptive_frozen_v1,e2e,0.9851996433097139,0.954936664245046,0.9950208134397646,False
peng_robinson,8192,adaptive_frozen_v1,kernel,2.3338818759884488,2.2593919061021883,2.359248021483197,True
peng_robinson,8192,adaptive_no_gradient_gate,e2e,0.9790091299149708,0.957865083822997,0.9992508049531983,False
peng_robinson,8192,adaptive_no_gradient_gate,kernel,2.5879766180845314,2.556275669024389,2.599664632369575,True
peng_robinson,8192,fp32,e2e,1.3407133471063606,1.318463825298153,1.3564065110014376,True
peng_robinson,8192,fp32,kernel,12.826150091332035,12.744717647450255,12.942589305269028,True
peng_robinson,8192,fp64,e2e,1.0239936130406115,0.9973914703232483,1.0290371416647761,False
peng_robinson,8192,fp64,kernel,3.2318906782812484,3.1996309151325137,3.248399397180954,True
peng_robinson,32768,adaptive_frozen_v1,e2e,0.5810843063827333,0.5716925794971032,0.5887305134371275,False
peng_robinson,32768,adaptive_frozen_v1,kernel,3.746746752279847,3.735981005126477,3.7827531281848668,True
peng_robinson,32768,adaptive_no_gradient_gate,e2e,0.5826029338621768,0.5720268800460138,0.5888755776215602,False
peng_robinson,32768,adaptive_no_gradient_gate,kernel,4.103833911343257,4.082765358114187,4.15585245330627,True
peng_robinson,32768,fp32,e2e,0.6355067174355657,0.6235085072123372,0.6447034385734309,False
peng_robinson,32768,fp32,kernel,13.603839818389735,13.529620194841426,13.835759818982309,True
peng_robinson,32768,fp64,e2e,0.5869395016375245,0.5683820486934834,0.6068211243922994,False
peng_robinson,32768,fp64,kernel,4.958934374435604,4.899824508392302,5.005349157347602,True
peng_robinson,131072,adaptive_frozen_v1,e2e,0.4494554980777662,0.44832215106107726,0.4527982469455093,False
peng_robinson,131072,adaptive_frozen_v1,kernel,2.9433838900006135,2.9313982231468616,2.9733634993333675,True
peng_robinson,131072,adaptive_no_gradient_gate,e2e,0.46296868180994666,0.46138957910111844,0.4658338471331991,False
peng_robinson,131072,adaptive_no_gradient_gate,kernel,3.5004600699471435,3.48494165570395,3.536971207159739,True
peng_robinson,131072,fp32,e2e,0.5214070190327964,0.5190693670898052,0.5256193835604275,False
peng_robinson,131072,fp32,kernel,18.24537485634203,18.106511314096544,18.378202056416164,True
peng_robinson,131072,fp64,e2e,0.47105542773823567,0.46989722972354575,0.47390712030693927,False
peng_robinson,131072,fp64,kernel,3.8525092564971306,3.814872805221184,3.8949870938377678,True
peng_robinson,524288,adaptive_frozen_v1,e2e,0.42470470291416246,0.4192761191097917,0.43023177499682563,False
peng_robinson,524288,adaptive_frozen_v1,kernel,3.4934811469189633,3.4793200812299343,3.50144781141066,True
peng_robinson,524288,adaptive_no_gradient_gate,e2e,0.4347270109027165,0.43100926636460557,0.44044392486087025,False
peng_robinson,524288,adaptive_no_gradient_gate,kernel,4.302369308088377,4.286232771761533,4.329924311580861,True
peng_robinson,524288,fp32,e2e,0.4729625513823741,0.46633593362715653,0.4824016064323108,False
peng_robinson,524288,fp32,kernel,26.860152472512052,26.518476873628916,27.088862885267652,True
peng_robinson,524288,fp64,e2e,0.4392833380751296,0.43408090012881606,0.4434838257815917,False
peng_robinson,524288,fp64,kernel,4.474444242010523,4.463994791755777,4.479298824923472,True
peng_robinson,2097152,adaptive_frozen_v1,e2e,0.33730399008227374,0.22657279797382346,0.404112010730758,False
peng_robinson,2097152,adaptive_frozen_v1,kernel,2.908398299477481,1.953661520504558,3.5423018971529325,True
peng_robinson,2097152,adaptive_no_gradient_gate,e2e,0.34386142666948477,0.23294498171398087,0.41059723534363474,False
peng_robinson,2097152,adaptive_no_gradient_gate,kernel,3.6561217311510896,2.4562587789656787,4.462715223882094,True
peng_robinson,2097152,fp32,e2e,0.37687247834920956,0.2504404853789977,0.44754457774741885,False
peng_robinson,2097152,fp32,kernel,23.60129423798608,15.651642328269244,28.24034852494237,True
peng_robinson,2097152,fp64,e2e,0.3473055025790627,0.2263073030584419,0.41049304011691445,False
peng_robinson,2097152,fp64,kernel,3.7285219091596824,2.4988009686327017,4.527098540126892,True
peng_robinson,8388608,adaptive_frozen_v1,e2e,0.20242123583756144,0.20134774837125702,0.20291801477051577,False
peng_robinson,8388608,adaptive_frozen_v1,kernel,1.7728701333516073,1.7694273136933596,1.7753375602727872,True
peng_robinson,8388608,adaptive_no_gradient_gate,e2e,0.2070748563571349,0.20627850126139377,0.20802435015217732,False
peng_robinson,8388608,adaptive_no_gradient_gate,kernel,2.246009654141907,2.2428262009247755,2.2529014299876735,True
peng_robinson,8388608,fp32,e2e,0.22456894932760943,0.2233408399142658,0.2256412563681448,False
peng_robinson,8388608,fp32,kernel,13.947955015382044,13.9293326368085,13.989208529667444,True
peng_robinson,8388608,fp64,e2e,0.20820452647995186,0.20719365964157554,0.20885933080597024,False
peng_robinson,8388608,fp64,kernel,2.2823377485197707,2.278324995218783,2.2849379300473904,True
peng_robinson,16777216,adaptive_frozen_v1,e2e,0.20485253423623623,0.20423998845661318,0.20538488735855864,False
peng_robinson,16777216,adaptive_frozen_v1,kernel,1.7918130226224096,1.7332468394038898,1.7941783735239265,True
peng_robinson,16777216,adaptive_no_gradient_gate,e2e,0.21015724722010376,0.20953230747901008,0.21055489293558888,False
peng_robinson,16777216,adaptive_no_gradient_gate,kernel,2.276384725224207,2.271601625412436,2.2804369248410525,True
peng_robinson,16777216,fp32,e2e,0.2280178733976239,0.22748781613945432,0.2283492545962708,False
peng_robinson,16777216,fp32,kernel,14.080640778146476,14.057864452583152,14.096919610935776,True
peng_robinson,16777216,fp64,e2e,0.21017495990346763,0.20961467537690603,0.21072464489707426,False
peng_robinson,16777216,fp64,kernel,2.2984229802988656,2.2572586640545893,2.3026811660761908,True
pv,1,adaptive_frozen_v1,e2e,0.18071073212945699,0.17925668995240862,0.1836418254739213,False
pv,1,adaptive_frozen_v1,kernel,0.18498524589839999,0.1836841006795324,0.1870599991021554,False
pv,1,adaptive_no_gradient_gate,e2e,0.18136861347725125,0.1804391296870659,0.18285029712749398,False
pv,1,adaptive_no_gradient_gate,kernel,0.18485330332261193,0.18380632656943463,0.18684635214539946,False
pv,1,fp32,e2e,1.3397417083824283,1.2691252446764463,1.6334177982062994,True
pv,1,fp32,kernel,1.9592480159493078,1.9331899974936069,2.019706060915029,True
pv,1,fp64,e2e,0.18888793002074009,0.1873628949592216,0.19065029947833012,False
pv,1,fp64,kernel,0.1985781124891301,0.19719581776145134,0.20044403216033635,False
pv,8,adaptive_frozen_v1,e2e,0.1839628570668892,0.1827422036537506,0.18529601031543602,False
pv,8,adaptive_frozen_v1,kernel,0.1882339337822511,0.1868934039456444,0.18967191457238977,False
pv,8,adaptive_no_gradient_gate,e2e,0.18467169359433086,0.18287116610835524,0.18556476320176618,False
pv,8,adaptive_no_gradient_gate,kernel,0.18820306430767858,0.18709678844898414,0.18943690465103125,False
pv,8,fp32,e2e,1.3190006356866424,1.3008240276043481,1.6777770297802324,True
pv,8,fp32,kernel,1.9762295697167054,1.957420749628196,2.0208725839492576,True
pv,8,fp64,e2e,0.1911683514216596,0.18955413204595184,0.1930698744062695,False
pv,8,fp64,kernel,0.20233466077904094,0.20108270472100995,0.2036142089678536,False
pv,32,adaptive_frozen_v1,e2e,0.21130630022435054,0.20880300542702093,0.21491222319839642,False
pv,32,adaptive_frozen_v1,kernel,0.2233678967900561,0.22146886220073628,0.22852510469848641,False
pv,32,adaptive_no_gradient_gate,e2e,0.21068214529188836,0.2082178373877439,0.21677057277062106,False
pv,32,adaptive_no_gradient_gate,kernel,0.22323074189715997,0.2214112185197007,0.22856118018078603,False
pv,32,fp32,e2e,1.5429731715205826,1.5227164392640495,1.576261855497845,True
pv,32,fp32,kernel,2.4873045095889514,2.3850880149265508,2.5172955411277558,True
pv,32,fp64,e2e,0.22908023211578205,0.2282629467321865,0.23465954827574087,False
pv,32,fp64,kernel,0.2466629766550813,0.2445350317701484,0.2522482988167276,False
pv,128,adaptive_frozen_v1,e2e,0.22538090238870828,0.22053358811623974,0.2279066381874223,False
pv,128,adaptive_frozen_v1,kernel,0.23982866335565245,0.23593908306028835,0.24332671110721413,False
pv,128,adaptive_no_gradient_gate,e2e,0.22434098966823676,0.22160516138433717,0.2268605633897046,False
pv,128,adaptive_no_gradient_gate,kernel,0.23944870448397793,0.235762353128606,0.2434152136459552,False
pv,128,fp32,e2e,1.7272301853350531,1.7168902227503477,1.7528395373948618,True
pv,128,fp32,kernel,2.6875598685973916,2.6558202714767196,2.7351749697637073,True
pv,128,fp64,e2e,0.24668944808807913,0.24282837991830852,0.2503826137407892,False
pv,128,fp64,kernel,0.2623160770014319,0.2585677710737274,0.2668006031379684,False
pv,512,adaptive_frozen_v1,e2e,0.1728059658583206,0.17084828136439886,0.17555801609200114,False
pv,512,adaptive_frozen_v1,kernel,0.1810499866830323,0.17832691839476572,0.18229580863830053,False
pv,512,adaptive_no_gradient_gate,e2e,0.17279468753027624,0.1708570395412734,0.1765237759961653,False
pv,512,adaptive_no_gradient_gate,kernel,0.18098601615839663,0.17824570485677615,0.18225586113963343,False
pv,512,fp32,e2e,1.6165625250695257,1.495919553793748,1.730482372548722,True
pv,512,fp32,kernel,2.620252823707784,2.5927421872987635,2.6607230264040895,True
pv,512,fp64,e2e,0.18690190005290552,0.18549351570555778,0.18903399767203716,False
pv,512,fp64,kernel,0.195104396665094,0.19220864369030788,0.19662574128478827,False
pv,2048,adaptive_frozen_v1,e2e,0.2625841945478799,0.2599967156836208,0.2641605111028199,False
pv,2048,adaptive_frozen_v1,kernel,0.2769413678495089,0.27534356314336694,0.27912160244667933,False
pv,2048,adaptive_no_gradient_gate,e2e,0.26247339403429976,0.2612741957615533,0.2640594846615424,False
pv,2048,adaptive_no_gradient_gate,kernel,0.27645766047176457,0.2752641912050374,0.27868190485333044,False
pv,2048,fp32,e2e,2.0750978552577597,2.021417159384664,2.2314922459745503,True
pv,2048,fp32,kernel,4.065993697682947,4.046054108692756,4.08424419040078,True
pv,2048,fp64,e2e,0.2821282037535283,0.27873079312868954,0.2874485733422093,False
pv,2048,fp64,kernel,0.2969148568200357,0.29515183072930007,0.29962212939783367,False
pv,8192,adaptive_frozen_v1,e2e,0.7445759297953856,0.742904324870134,0.7491764381628433,False
pv,8192,adaptive_frozen_v1,kernel,0.8485987760571339,0.8449267201069481,0.8531982745125224,False
pv,8192,adaptive_no_gradient_gate,e2e,0.7450393258459946,0.7432107878142986,0.7487544957900876,False
pv,8192,adaptive_no_gradient_gate,kernel,0.8487820243977852,0.8453785786291652,0.8538519594633223,False
pv,8192,fp32,e2e,3.9293612212084383,3.876870577301461,4.034356694084598,True
pv,8192,fp32,kernel,12.692856485980386,12.666470791921185,12.75854470223633,True
pv,8192,fp64,e2e,0.7911307614330509,0.7878874444250538,0.800841443461339,False
pv,8192,fp64,kernel,0.9025519387195224,0.8969374871265098,0.9043533571531615,False
pv,32768,adaptive_frozen_v1,e2e,2.0072994713390218,1.9949934560558558,2.02207982029486,True
pv,32768,adaptive_frozen_v1,kernel,2.927268707501099,2.918462744063153,2.9341473814314565,True
pv,32768,adaptive_no_gradient_gate,e2e,2.0132787033436976,2.0007799063257536,2.0271488350535103,True
pv,32768,adaptive_no_gradient_gate,kernel,2.9310289621138814,2.9205556783247824,2.9401752913944503,True
pv,32768,fp32,e2e,5.603045963234338,5.470215343506188,5.764845995364981,True
pv,32768,fp32,kernel,43.812239612490075,43.62509159535743,43.898064505530996,True
pv,32768,fp64,e2e,2.130102159784685,2.120719409193227,2.140712549682079,True
pv,32768,fp64,kernel,3.140898500703707,3.1107626372341057,3.1488016444023335,True
pv,131072,adaptive_frozen_v1,e2e,1.8068256628548394,1.7847603872481566,2.1907170996705423,True
pv,131072,adaptive_frozen_v1,kernel,2.6126713143434586,2.5732203889455745,3.1753622384755715,True
pv,131072,adaptive_no_gradient_gate,e2e,1.809238302969968,1.7849187849365353,2.1902402202766353,True
pv,131072,adaptive_no_gradient_gate,kernel,2.612213507997705,2.5796536832416876,3.1803382758792704,True
pv,131072,fp32,e2e,5.180217625738361,4.861152996264471,6.3395376010685585,True
pv,131072,fp32,kernel,49.55206447360918,48.71255245119055,59.78457871144053,True
pv,131072,fp64,e2e,1.8503024620896558,1.8309588384422135,2.2575079006841765,True
pv,131072,fp64,kernel,2.710526928561208,2.6749662728964143,3.3049362344187982,True
pv,524288,adaptive_frozen_v1,e2e,1.2175196679171263,1.2106256003032279,1.2212476162081893,True
pv,524288,adaptive_frozen_v1,kernel,1.8913658161337006,1.8853335956663742,1.8921463146098518,True
pv,524288,adaptive_no_gradient_gate,e2e,1.2180309088128927,1.2031670572308193,1.2221811017468367,True
pv,524288,adaptive_no_gradient_gate,kernel,1.8839228093041984,1.8813343683958117,1.8861076364915588,True
pv,524288,fp32,e2e,3.164482325632801,3.114173287495685,3.1762668034134194,True
pv,524288,fp32,kernel,37.20145617585033,37.117344116254685,37.306181779748485,True
pv,524288,fp64,e2e,1.2683833677268979,1.2505277386338105,1.2708322037999094,True
pv,524288,fp64,kernel,2.0041161371864797,1.9977046518711319,2.0078536026876406,True
pv,2097152,adaptive_frozen_v1,e2e,1.2631227849368956,1.260374180743638,1.273199155558205,True
pv,2097152,adaptive_frozen_v1,kernel,2.011048518148719,1.9841092038842119,2.0250625689806077,True
pv,2097152,adaptive_no_gradient_gate,e2e,1.2621966818565047,1.255463814115724,1.2734161943004163,True
pv,2097152,adaptive_no_gradient_gate,kernel,1.9825042422528074,1.9733597224266477,2.007316779334184,True
pv,2097152,fp32,e2e,3.214105567711983,3.1946395743172906,3.228088830595575,True
pv,2097152,fp32,kernel,40.21221115013459,40.13067271334923,40.42552393136599,True
pv,2097152,fp64,e2e,1.3182412655744833,1.309479851450536,1.3281179992786591,True
pv,2097152,fp64,kernel,2.1058359248331655,2.094172657164326,2.1456237838923418,True
pv,8388608,adaptive_frozen_v1,e2e,1.2650367203722859,1.2619191575647446,1.2668131794467983,True
pv,8388608,adaptive_frozen_v1,kernel,1.9875482796236108,1.982662749452519,1.9963454034333794,True
pv,8388608,adaptive_no_gradient_gate,e2e,1.2623430186826532,1.2589603981889717,1.2655203837859894,True
pv,8388608,adaptive_no_gradient_gate,kernel,1.9848988347991756,1.9806659015264612,1.987556598585495,True
pv,8388608,fp32,e2e,3.1894432428456234,3.1713305386043715,3.198374024016898,True
pv,8388608,fp32,kernel,40.655723443628546,40.59734190402983,40.74145980805645,True
pv,8388608,fp64,e2e,1.313763313842561,1.3070665245957112,1.3174776682698703,True
pv,8388608,fp64,kernel,2.1143111396156575,2.109761097718274,2.1189197495799235,True
pv,16777216,adaptive_frozen_v1,e2e,1.2686337098905631,1.2662220204138037,1.2698116048851271,True
pv,16777216,adaptive_frozen_v1,kernel,1.9927882509504533,1.9918152836423801,1.9964649379392863,True
pv,16777216,adaptive_no_gradient_gate,e2e,1.2695582853865366,1.2671368449961382,1.2704574941813633,True
pv,16777216,adaptive_no_gradient_gate,kernel,1.9926686538513985,1.9917276428600128,1.9963863246698326,True
pv,16777216,fp32,e2e,3.205011159726128,3.1986186887804116,3.2156182270034632,True
pv,16777216,fp32,kernel,40.82989826532364,38.69843234883967,40.91783053517187,True
pv,16777216,fp64,e2e,1.3167325398406526,1.3141039778140757,1.3195308311887994,True
pv,16777216,fp64,kernel,2.1207023865242816,2.1160123070761445,2.12211499979749,True
