cpu_mode,domain,n,cpu_over_gpu_e2e,ci95_low,ci95_high,bootstrap_design
strict_serial,bem,1,0.005909609850592016,0.005885977368276936,0.005935244344114849,independent
strict_serial,bem,8,0.04949695964277043,0.04939407744889967,0.04957804090524968,independent
strict_serial,bem,32,0.17535502598662334,0.17531414783042423,0.1753718721667459,independent
strict_serial,bem,128,0.6735780093983333,0.6732619844165932,0.6739532456199555,independent
strict_serial,bem,512,1.6086966879992521,1.6008767581512247,1.6143531829475701,independent
strict_serial,bem,2048,6.51895846168791,6.515337429404866,6.523780733605969,independent
strict_serial,bem,8192,24.60432504897825,24.5744210592416,24.649946070200453,independent
strict_serial,bem,32768,83.05783554280222,82.72552346735586,83.35729813447031,independent
strict_serial,bem,131072,85.19526962464215,84.85062624823604,85.42765223406832,independent
strict_serial,bem,524288,99.85270316921003,99.5306572754461,100.45153525220346,independent
strict_serial,bem,2097152,105.09326652360285,104.81640945108796,105.44079588402906,independent
strict_serial,bem,8388608,106.38256978873117,106.2876050575065,106.4067426899931,independent
strict_serial,bem,16777216,106.65925484638048,106.60742137822395,106.70099065626702,independent
strict_serial,cstr,1,0.0077521647271760535,0.0077122428170443924,0.00785343632606463,independent
strict_serial,cstr,8,0.05924806745518479,0.059099033250366736,0.05941946953609043,independent
strict_serial,cstr,32,0.23530646620967158,0.2340397436675351,0.2353876362169431,independent
strict_serial,cstr,128,0.8584713849461882,0.8541728213422058,0.8721635647806545,independent
strict_serial,cstr,512,2.2970991535185386,2.2943734772777336,2.3019272241848125,independent
strict_serial,cstr,2048,9.817922679076132,9.80066706032711,9.832215736059538,independent
strict_serial,cstr,8192,37.9975132422847,37.95031772220511,38.04354612168393,independent
strict_serial,cstr,32768,136.1600935158203,135.97912489426272,136.54229241928158,independent
strict_serial,cstr,131072,138.8052677796426,138.64146596501382,138.9244401076267,independent
strict_serial,cstr,524288,165.2161623245273,165.12652172193123,165.45231135858018,independent
strict_serial,cstr,2097152,174.42169720578346,173.34867256789659,174.71949464729758,independent
strict_serial,cstr,8388608,176.44860649868102,176.16332038791623,176.5327361456274,independent
strict_serial,cstr,16777216,176.29915285796466,176.25841419898052,176.41646739413343,independent
strict_serial,kepler,1,0.008604551739002273,0.00860382171660805,0.00860547494423638,independent
strict_serial,kepler,8,0.08181005279625779,0.08168236579684784,0.08188787338820201,independent
strict_serial,kepler,32,0.2523265924466199,0.25209263814137395,0.25796013855408517,independent
strict_serial,kepler,128,0.9281531208710662,0.9279044683448806,0.9292072165508163,independent
strict_serial,kepler,512,2.422393900094099,2.3963588261836914,2.4255330856259696,independent
strict_serial,kepler,2048,9.858936494391752,9.798388650884556,9.870474854572672,independent
strict_serial,kepler,8192,34.83467757309192,34.744857977577645,34.92442498925371,independent
strict_serial,kepler,32768,104.49879137908009,104.05997174530323,105.40354012524892,independent
strict_serial,kepler,131072,109.75003038177044,109.21246591665953,110.12514002075778,independent
strict_serial,kepler,524288,125.32478976784968,125.08423001360077,126.13141143930561,independent
strict_serial,kepler,2097152,131.80557278469584,131.4804848262171,132.02012417480992,independent
strict_serial,kepler,8388608,132.98768523105724,132.42082847559837,133.15139802802318,independent
strict_serial,kepler,16777216,132.9431942956258,132.8419435941526,132.99578489732514,independent
strict_serial,peng_robinson,1,0.00727698623554166,0.007235245984024133,0.008047949370981293,independent
strict_serial,peng_robinson,8,0.03499321447333581,0.03481369939469207,0.03736665731415674,independent
strict_serial,peng_robinson,32,0.09166693565977338,0.09101183843489172,0.12839911059958145,independent
strict_serial,peng_robinson,128,0.35615973073078727,0.3550108234679393,0.35812121152164655,independent
strict_serial,peng_robinson,512,0.8717707844062169,0.8638607268174952,1.1883932747253645,independent
strict_serial,peng_robinson,2048,3.3437420144959606,3.2055133365311845,3.670123719684482,independent
strict_serial,peng_robinson,8192,7.907280177645895,7.835234719341964,7.996757831333479,independent
strict_serial,peng_robinson,32768,14.032999212794609,13.679032495820476,14.084857875947424,independent
strict_serial,peng_robinson,131072,14.83996533841376,14.69445985654218,14.941676444685811,independent
strict_serial,peng_robinson,524288,15.671916283808738,15.312241485789198,15.72288978563071,independent
strict_serial,peng_robinson,2097152,15.916980824974027,15.842125361445284,15.982956483329236,independent
strict_serial,peng_robinson,8388608,15.988404939172826,15.948073965018216,16.01740638050009,independent
strict_serial,peng_robinson,16777216,15.994324194007488,15.981957744435222,16.009794472944638,independent
strict_serial,pv,1,0.005346060367192783,0.005273638295146063,0.005379368177684523,independent
strict_serial,pv,8,0.04365435415740468,0.043503841215206,0.04378864770530051,independent
strict_serial,pv,32,0.15916046063814804,0.15913901182652934,0.15924956957573777,independent
strict_serial,pv,128,0.5835341877764614,0.5833810723306841,0.5837518945303702,independent
strict_serial,pv,512,1.456476752977015,1.4560814369760189,1.4754022272057876,independent
strict_serial,pv,2048,5.992122420174437,5.978292932377911,6.001266938771808,independent
strict_serial,pv,8192,21.26624608396301,21.235122492561537,21.318530730168778,independent
strict_serial,pv,32768,66.77814881613527,66.49892691655808,67.20287880854839,independent
strict_serial,pv,131072,71.70787494143045,71.58353838910692,71.81874700225653,independent
strict_serial,pv,524288,83.06560494393442,82.70671194761324,83.86570096739202,independent
strict_serial,pv,2097152,87.68003819055726,87.50438134163001,87.8942956638847,independent
strict_serial,pv,8388608,88.57653277196606,88.14744028559026,88.76097949002418,independent
strict_serial,pv,16777216,88.53835321255936,88.4800470058585,88.64168593130948,independent
strict_omp96,bem,1,0.09087108954050777,0.09040783236989737,0.09146661393066126,independent
strict_omp96,bem,8,0.08807976667970197,0.08781598427626781,0.08840152981906389,independent
strict_omp96,bem,32,0.0816541166999619,0.08139697164229864,0.0821089605785133,independent
strict_omp96,bem,128,0.08335552137618786,0.0829213777247256,0.08395006635652727,independent
strict_omp96,bem,512,0.06152231699024546,0.06118671101117541,0.06185773276407844,independent
strict_omp96,bem,2048,0.1259061684006659,0.12552596544801178,0.12625312451317952,independent
strict_omp96,bem,8192,0.39891465656483216,0.39637623232999936,0.4039535539917713,independent
strict_omp96,bem,32768,1.3305767335911785,1.3165096676235888,1.3526188010298013,independent
strict_omp96,bem,131072,1.3386853954405749,1.3324007567177918,1.343238054550291,independent
strict_omp96,bem,524288,1.5739482296336909,1.5679645453186162,1.5840757540323505,independent
strict_omp96,bem,2097152,1.7118047969633547,1.7069660844351822,1.7178626181375258,independent
strict_omp96,bem,8388608,1.6781496818354698,1.6766285770946636,1.6791919936361415,independent
strict_omp96,bem,16777216,1.3378435230893537,1.3371763845229345,1.3385712836601291,independent
strict_omp96,cstr,1,0.05595443916744321,0.05561433331823784,0.05693280370755927,independent
strict_omp96,cstr,8,0.054109783580890525,0.053874441696062786,0.0542741462239188,independent
strict_omp96,cstr,32,0.056169984281637476,0.05573305821961391,0.056854681147760815,independent
strict_omp96,cstr,128,0.09437689835847297,0.09373297392884038,0.09503449445120545,independent
strict_omp96,cstr,512,0.04614986706832069,0.04570913928093321,0.06590661736190101,independent
strict_omp96,cstr,2048,0.11266726599075048,0.11095932845181873,0.11839407707735858,independent
strict_omp96,cstr,8192,0.4455016609392367,0.4396688869976603,0.4521380582293438,independent
strict_omp96,cstr,32768,1.633917173853347,1.609241183167131,1.6886747352020441,independent
strict_omp96,cstr,131072,1.9720245019489364,1.9572197641450009,1.980371107330768,independent
strict_omp96,cstr,524288,2.349352810348888,2.347366864126579,2.353199492766577,independent
strict_omp96,cstr,2097152,2.4765406344700365,2.4599459422679533,2.4845764690090237,independent
strict_omp96,cstr,8388608,2.522965012485337,2.5189345672358643,2.5241998212495163,independent
strict_omp96,cstr,16777216,2.5226257523401165,2.521362416205707,2.525140767246551,independent
strict_omp96,kepler,1,0.18909981055669453,0.18815510705151345,0.1900723016565673,independent
strict_omp96,kepler,8,0.18682981787722355,0.1859437541556112,0.18778097012045902,independent
strict_omp96,kepler,32,0.15654380764765594,0.1556777325101375,0.1608944706063346,independent
strict_omp96,kepler,128,0.14889903327500711,0.1484171958978931,0.14973339209538813,independent
strict_omp96,kepler,512,0.11358240026588516,0.1129985803955934,0.11461183903629407,independent
strict_omp96,kepler,2048,0.1873832154392816,0.18593809665815372,0.18836888748066397,independent
strict_omp96,kepler,8192,0.4630444788229658,0.4595609645076101,0.46804813889018715,independent
strict_omp96,kepler,32768,1.392901036255402,1.381025466582116,1.4064276047660274,independent
strict_omp96,kepler,131072,1.4050265138273768,1.395924171783175,1.424661342448092,independent
strict_omp96,kepler,524288,1.6515503902150293,1.6385327172289283,1.6629287109606004,independent
strict_omp96,kepler,2097152,1.7306067816879844,1.7172517099526337,1.7767551688464018,independent
strict_omp96,kepler,8388608,1.7654331005264894,1.7579684071729622,1.7677871188681131,independent
strict_omp96,kepler,16777216,1.7596969874794275,1.7580188203352014,1.7608997137374789,independent
strict_omp96,peng_robinson,1,1.5397336875868417,1.530513468854156,1.5506806765882974,independent
strict_omp96,peng_robinson,8,1.403867935317008,1.3927594768098546,1.4996504946393228,independent
strict_omp96,peng_robinson,32,0.9682440187751855,0.9578311163615474,1.3636537863743399,independent
strict_omp96,peng_robinson,128,0.9497826750346164,0.9453622960250829,0.9566865064059388,independent
strict_omp96,peng_robinson,512,0.5972650678685714,0.5891599789222643,0.8154375220900582,independent
strict_omp96,peng_robinson,2048,0.6269222320896518,0.5993208291809228,0.6886151907235734,independent
strict_omp96,peng_robinson,8192,0.506075949776752,0.5009238550447975,0.5109403928825211,independent
strict_omp96,peng_robinson,32768,0.47967545410708523,0.46565702947735343,0.504143238443519,independent
strict_omp96,peng_robinson,131072,0.3983348704248901,0.3942828185910064,0.4014269950405182,independent
strict_omp96,peng_robinson,524288,0.38107119446353277,0.3718765644698255,0.382687522255455,independent
strict_omp96,peng_robinson,2097152,0.3369218835600206,0.3352188916884944,0.33864709756362266,independent
strict_omp96,peng_robinson,8388608,0.2782136419460172,0.27613489756339554,0.2794722872467575,independent
strict_omp96,peng_robinson,16777216,0.24548800493008927,0.2441798617198633,0.2463216304636754,independent
strict_omp96,pv,1,0.13729247941704437,0.13618998251359657,0.13839924183632016,independent
strict_omp96,pv,8,0.13746828251726656,0.13559983494366384,0.1387937660332226,independent
strict_omp96,pv,32,0.12981670833979841,0.12930955769206628,0.13045305791134248,independent
strict_omp96,pv,128,0.12486553242415852,0.12461357889349382,0.1255173385891923,independent
strict_omp96,pv,512,0.08905059211255448,0.08884289668180231,0.08938228943569156,independent
strict_omp96,pv,2048,0.13513849461717078,0.1347428623476327,0.13602785604210013,independent
strict_omp96,pv,8192,0.29867302675479046,0.294018002577115,0.3075962361877942,independent
strict_omp96,pv,32768,0.9607260691805055,0.947330159510284,0.9769452510127269,independent
strict_omp96,pv,131072,0.991681370387495,0.9884952895250092,1.0084516426227308,independent
strict_omp96,pv,524288,1.1543201308607929,1.1461125666891792,1.1704579763914489,independent
strict_omp96,pv,2097152,1.2156944294098524,1.2111489302856304,1.2226215871697752,independent
strict_omp96,pv,8388608,1.2617002565580162,1.2561898226087533,1.2642656648842971,independent
strict_omp96,pv,16777216,1.2539072183057807,1.2528312936766526,1.2555606071674545,independent
pgo_omp96,bem,1,0.08931496833657915,0.08901931636009756,0.08997764044986578,independent
pgo_omp96,bem,8,0.08832159363975375,0.0880096373743086,0.08857004387997774,independent
pgo_omp96,bem,32,0.0810572956216838,0.08073496925960454,0.08142406782449911,independent
pgo_omp96,bem,128,0.08272446674075577,0.08245802264670705,0.08315505813178559,independent
pgo_omp96,bem,512,0.06159535812190094,0.061304867167190386,0.061849567948379015,independent
pgo_omp96,bem,2048,0.11805648668169601,0.11737158897188418,0.11881144533615239,independent
pgo_omp96,bem,8192,0.3561286223071409,0.3523365760903003,0.3594950079677208,independent
pgo_omp96,bem,32768,1.1542016069198964,1.1454226641228773,1.1608760351757925,independent
pgo_omp96,bem,131072,1.1353208937442312,1.1299811694349517,1.1408693688447544,independent
pgo_omp96,bem,524288,1.337227348670979,1.3256116630582264,1.3460990806736755,independent
pgo_omp96,bem,2097152,1.4092178217834206,1.3918945672334075,1.4246313774653105,independent
pgo_omp96,bem,8388608,1.4141097680223549,1.412923137411647,1.41459372600016,independent
pgo_omp96,bem,16777216,1.4157832184595083,1.415033681425791,1.4163053758836874,independent
pgo_omp96,cstr,1,0.05594038520682846,0.05539592627634924,0.05679805990201163,independent
pgo_omp96,cstr,8,0.05406825650200743,0.05374575078921555,0.05425287320437443,independent
pgo_omp96,cstr,32,0.05604111908336039,0.05569692915409875,0.05644643180440564,independent
pgo_omp96,cstr,128,0.0938373728960895,0.09316941806761403,0.09460081499046182,independent
pgo_omp96,cstr,512,0.12895289382949288,0.09710738471017191,0.14945622002672296,independent
pgo_omp96,cstr,2048,0.12770971688422897,0.12155321667881636,0.1327731372203327,independent
pgo_omp96,cstr,8192,0.49593454279415045,0.4756062715363337,0.5121088704407554,independent
pgo_omp96,cstr,32768,1.7095552032725205,1.64075728152481,1.7832045076505778,independent
pgo_omp96,cstr,131072,1.9587964966109344,1.9424079283059659,1.9812441213299046,independent
pgo_omp96,cstr,524288,2.3386407729624463,2.3297379106171334,2.3445910221598445,independent
pgo_omp96,cstr,2097152,2.4616458634414298,2.4461742230630095,2.483114190768464,independent
pgo_omp96,cstr,8388608,2.51299533910346,2.5090029671305136,2.5141727331014976,independent
pgo_omp96,cstr,16777216,2.5148269086708277,2.513621016308109,2.516550654910415,independent
pgo_omp96,kepler,1,0.18825080268060937,0.1874545619453068,0.18941264520743775,independent
pgo_omp96,kepler,8,0.18742739028388378,0.18668185099820866,0.18829518156064756,independent
pgo_omp96,kepler,32,0.15556567676385963,0.15491236269725794,0.16013763882250692,independent
pgo_omp96,kepler,128,0.1484564925181605,0.1477873708931551,0.14974066688697632,independent
pgo_omp96,kepler,512,0.11377423542472567,0.11333374960938825,0.1144474962361586,independent
pgo_omp96,kepler,2048,0.1864402034629835,0.18474040476382433,0.189788779008473,independent
pgo_omp96,kepler,8192,0.458352992169527,0.4507042253525147,0.46440978024323576,independent
pgo_omp96,kepler,32768,1.3909039434131747,1.3736524914926218,1.4062244403110515,independent
pgo_omp96,kepler,131072,1.4285040555351851,1.415828789774814,1.4393371176136425,independent
pgo_omp96,kepler,524288,1.6408271203158995,1.6363218176349277,1.652725462560567,independent
pgo_omp96,kepler,2097152,1.743531589708326,1.7128593731385457,1.7662017714588008,independent
pgo_omp96,kepler,8388608,1.7622111093808293,1.7545395272627742,1.7645214752466372,independent
pgo_omp96,kepler,16777216,1.7571983286405957,1.755846599805726,1.7582785933661045,independent
pgo_omp96,peng_robinson,1,1.5164473316321057,1.5093548510970904,1.5274538104842186,independent
pgo_omp96,peng_robinson,8,1.3874844323226934,1.3783616764742135,1.4817711517568106,independent
pgo_omp96,peng_robinson,32,0.9612056508094372,0.9537309692116621,1.3467652983877492,independent
pgo_omp96,peng_robinson,128,0.9546718299606797,0.9465679617608171,0.9610877866756039,independent
pgo_omp96,peng_robinson,512,0.592745801652759,0.5860842355007887,0.8106451877814702,independent
pgo_omp96,peng_robinson,2048,0.6190787875722686,0.5923020455944884,0.6802328306355852,independent
pgo_omp96,peng_robinson,8192,0.5042788166198436,0.4989411881989182,0.5109784015148742,independent
pgo_omp96,peng_robinson,32768,0.4764771562313794,0.46440887353294324,0.48326900525561195,independent
pgo_omp96,peng_robinson,131072,0.39767720541515883,0.3937261349113058,0.4006970222696821,independent
pgo_omp96,peng_robinson,524288,0.3734201482029998,0.3644650985713661,0.3748764137780583,independent
pgo_omp96,peng_robinson,2097152,0.3242696852241448,0.3222043938567076,0.325890238099554,independent
pgo_omp96,peng_robinson,8388608,0.27155853568793664,0.26897376475193996,0.27278245298242826,independent
pgo_omp96,peng_robinson,16777216,0.24221139162960476,0.24154447552498867,0.2432449145935021,independent
pgo_omp96,pv,1,0.13722014225981366,0.13596760227718677,0.13868403863346662,independent
pgo_omp96,pv,8,0.1366405327651446,0.1350596590497728,0.13808979595373058,independent
pgo_omp96,pv,32,0.13093422622743148,0.13033120986782945,0.13163891934753705,independent
pgo_omp96,pv,128,0.12590024704364064,0.12480197955293654,0.12630057280752274,independent
pgo_omp96,pv,512,0.08777162881202222,0.08744437924218297,0.08806725275130688,independent
pgo_omp96,pv,2048,0.13381139702352096,0.133276784001936,0.13502395907386264,independent
pgo_omp96,pv,8192,0.29651654280712536,0.2905041891125549,0.2996826812438596,independent
pgo_omp96,pv,32768,0.9180073336889863,0.9091983058096621,0.9289017547121977,independent
pgo_omp96,pv,131072,0.9612980697463627,0.9546408213659251,0.9697744892403559,independent
pgo_omp96,pv,524288,1.1366239784950916,1.124369150961172,1.1526025820757824,independent
pgo_omp96,pv,2097152,1.199853648294106,1.193553153735182,1.215084646622987,independent
pgo_omp96,pv,8388608,1.2483057747490225,1.2428312690894687,1.2511917994122497,independent
pgo_omp96,pv,16777216,1.2546957015266498,1.253863253692021,1.2562358826094726,independent
