comparison,domain,n,ratio,ci95_low,ci95_high,bootstrap_design
serial_over_simd,bem,1,0.9961538461514574,0.9923076923029147,1.007751937989348,independent_sequential_modes
serial_over_simd,bem,8,1.0014771048780782,1.0,1.0030006462898322,independent_sequential_modes
serial_over_simd,bem,32,1.0032977827682328,1.002945921302622,1.003555971458802,independent_sequential_modes
serial_over_simd,bem,128,1.001509915498271,1.0005799961892612,1.0023079411698885,independent_sequential_modes
serial_over_simd,bem,512,0.9999113283373903,0.9970481599581539,1.0055116301957214,independent_sequential_modes
serial_over_simd,bem,2048,0.9978814974014963,0.9969399131532726,0.999304941663598,independent_sequential_modes
serial_over_simd,bem,8192,0.9958708200395374,0.9940002875523093,0.9970513097977999,independent_sequential_modes
serial_over_simd,bem,32768,0.9968405897183474,0.9955766436237944,0.9983146773693621,independent_sequential_modes
serial_over_simd,bem,131072,0.9978971584928203,0.9972314822442218,0.9985612901125321,independent_sequential_modes
serial_over_simd,bem,524288,0.9983962274610407,0.9978179045167401,0.9986983573287928,independent_sequential_modes
serial_over_simd,bem,2097152,0.9984455566598818,0.9980085860526456,0.998818683469408,independent_sequential_modes
serial_over_simd,bem,8388608,0.9997415889391285,0.9990800734005912,0.9999163057040664,independent_sequential_modes
serial_over_simd,bem,16777216,0.9999086870973329,0.9996164456670845,1.0002515797078275,independent_sequential_modes
serial_over_simd,cstr,1,1.0,0.9963741841891878,1.0056210335451452,independent_sequential_modes
serial_over_simd,cstr,8,1.0009354099420276,0.9995092655351728,1.002433317737443,independent_sequential_modes
serial_over_simd,cstr,32,0.9999411165477944,0.9993290565591717,1.0004299529996727,independent_sequential_modes
serial_over_simd,cstr,128,0.9981980355963613,0.9785212845818054,1.0156592505082345,independent_sequential_modes
serial_over_simd,cstr,512,0.9992100419530809,0.9958604715838911,1.002667512047287,independent_sequential_modes
serial_over_simd,cstr,2048,1.0048792938486661,1.0026996029403612,1.0062540169816456,independent_sequential_modes
serial_over_simd,cstr,8192,0.99835967514766,0.9964664786760519,0.9999767843447711,independent_sequential_modes
serial_over_simd,cstr,32768,1.000296684111591,0.9991470002883687,1.0011476036819351,independent_sequential_modes
serial_over_simd,cstr,131072,1.0000054903757833,0.9995669093687121,1.0005442974168823,independent_sequential_modes
serial_over_simd,cstr,524288,0.9999429733945219,0.999690223147612,1.0006067750963221,independent_sequential_modes
serial_over_simd,cstr,2097152,1.000506181283236,1.0003238173211557,1.0007871179257142,independent_sequential_modes
serial_over_simd,cstr,8388608,1.000157471908619,0.9997166600697872,1.0004460684159013,independent_sequential_modes
serial_over_simd,cstr,16777216,0.9995424536480566,0.9993498414143965,0.9997997384687108,independent_sequential_modes
serial_over_simd,kepler,1,1.0011098779129568,1.0,1.0117779024113558,independent_sequential_modes
serial_over_simd,kepler,8,1.0036950146631523,1.0024017339345803,1.0055235632857982,independent_sequential_modes
serial_over_simd,kepler,32,1.0027566127730076,1.001609558301582,1.0039070978939477,independent_sequential_modes
serial_over_simd,kepler,128,1.0020448647129296,1.0013598789874911,1.0028903944120398,independent_sequential_modes
serial_over_simd,kepler,512,1.004418384875489,0.9912817837853762,1.014160707070891,independent_sequential_modes
serial_over_simd,kepler,2048,1.001561537370803,1.000124456472466,1.003025624249644,independent_sequential_modes
serial_over_simd,kepler,8192,1.0016280626111307,1.0002796426991087,1.0035206492087807,independent_sequential_modes
serial_over_simd,kepler,32768,1.0007924190908735,0.9995697244770904,1.001902674415086,independent_sequential_modes
serial_over_simd,kepler,131072,0.9998259961027103,0.9986936987965408,1.0004625182004212,independent_sequential_modes
serial_over_simd,kepler,524288,0.9988353318660713,0.9985150950932385,0.99912783489027,independent_sequential_modes
serial_over_simd,kepler,2097152,1.000157335299349,0.9997717324942329,1.0006430723229642,independent_sequential_modes
serial_over_simd,kepler,8388608,0.999853264496903,0.9994845598215637,1.0003447972718031,independent_sequential_modes
serial_over_simd,kepler,16777216,0.9998390138443167,0.9992707680954127,1.0002476292770077,independent_sequential_modes
serial_over_simd,peng_robinson,1,0.9047619047588613,0.8999999999970041,1.0048076923096798,independent_sequential_modes
serial_over_simd,peng_robinson,8,0.9990069513399973,0.9980158730146387,1.0019880715718157,independent_sequential_modes
serial_over_simd,peng_robinson,32,1.0,0.9942678478376601,1.000524109016651,independent_sequential_modes
serial_over_simd,peng_robinson,128,1.0110904502590135,1.008356545960499,1.0124850577762972,independent_sequential_modes
serial_over_simd,peng_robinson,512,0.9989741892789217,0.9979167355588484,0.9998013902698043,independent_sequential_modes
serial_over_simd,peng_robinson,2048,1.0021725250222286,1.0016455412850813,1.002562699042242,independent_sequential_modes
serial_over_simd,peng_robinson,8192,1.000821334946653,0.9893754800534679,1.0123963779857943,independent_sequential_modes
serial_over_simd,peng_robinson,32768,1.0002694238687129,0.9985349099272982,1.0018899054756714,independent_sequential_modes
serial_over_simd,peng_robinson,131072,1.000826587682389,0.9995442452694027,1.0018703872956616,independent_sequential_modes
serial_over_simd,peng_robinson,524288,1.000413047053883,0.9991111994558278,1.0017904672370783,independent_sequential_modes
serial_over_simd,peng_robinson,2097152,1.0002021478998646,0.9997282777890446,1.0008959579979437,independent_sequential_modes
serial_over_simd,peng_robinson,8388608,1.0011269586533258,1.000439865151343,1.00151001665694,independent_sequential_modes
serial_over_simd,peng_robinson,16777216,1.0008826628965626,1.0004140462000024,1.0011973786627393,independent_sequential_modes
serial_over_simd,pv,1,1.0,0.9871134020619359,1.013054830287124,independent_sequential_modes
serial_over_simd,pv,8,0.9967845659157958,0.9950669485564351,1.0,independent_sequential_modes
serial_over_simd,pv,32,0.9950990319590443,0.9944948186541761,0.9957443359147162,independent_sequential_modes
serial_over_simd,pv,128,0.995662800606963,0.9950781126476351,0.996039563535036,independent_sequential_modes
serial_over_simd,pv,512,0.9950063194369769,0.9798102657467606,1.007428020924987,independent_sequential_modes
serial_over_simd,pv,2048,0.9950406415957515,0.9927633669977182,0.9979159678409715,independent_sequential_modes
serial_over_simd,pv,8192,0.9968506958535815,0.9958980059653948,0.998168273455539,independent_sequential_modes
serial_over_simd,pv,32768,0.996714925907204,0.9953931321001497,0.9976210548063936,independent_sequential_modes
serial_over_simd,pv,131072,0.9964533547407225,0.9957643049482653,0.9973082887393057,independent_sequential_modes
serial_over_simd,pv,524288,0.9959669992279084,0.9955663795968167,0.9963817513042896,independent_sequential_modes
serial_over_simd,pv,2097152,0.9963930920358248,0.996206321889057,0.9967263027661725,independent_sequential_modes
serial_over_simd,pv,8388608,0.9953806250150361,0.9944704967130734,0.9966390577899163,independent_sequential_modes
serial_over_simd,pv,16777216,0.9961783539661757,0.9958783040803841,0.9964949724326362,independent_sequential_modes
serial_over_omp96,bem,1,0.06503289308485377,0.06447904431049306,0.06556219582937413,independent_sequential_modes
serial_over_omp96,bem,8,0.5619560712821124,0.5597987356491768,0.5635250155709312,independent_sequential_modes
serial_over_omp96,bem,32,2.147534418025309,2.1352750809075514,2.154274952918935,independent_sequential_modes
serial_over_omp96,bem,128,8.080784551252945,8.02210762438247,8.12300880807494,independent_sequential_modes
serial_over_omp96,bem,512,26.148181126766005,25.993205339477072,26.279952307291303,independent_sequential_modes
serial_over_omp96,bem,2048,51.77632314997389,51.62894105168278,51.933108854177945,independent_sequential_modes
serial_over_omp96,bem,8192,61.67816760821251,60.930767486180734,62.08367346410442,independent_sequential_modes
serial_over_omp96,bem,32768,62.422431901865686,61.470147429913254,63.00230692434995,independent_sequential_modes
serial_over_omp96,bem,131072,63.640994302924724,63.470902089938924,63.83771673409893,independent_sequential_modes
serial_over_omp96,bem,524288,63.44090694294883,63.32101435414396,63.554109296575874,independent_sequential_modes
serial_over_omp96,bem,2097152,61.39325389789325,61.308642633787386,61.4789965902921,independent_sequential_modes
serial_over_omp96,bem,8388608,63.392777736236056,63.34585293873743,63.41755736287002,independent_sequential_modes
serial_over_omp96,bem,16777216,79.72476078523928,79.6919646320375,79.75340071720849,independent_sequential_modes
serial_over_omp96,cstr,1,0.13854423067270433,0.13727539694411553,0.1394528691623934,independent_sequential_modes
serial_over_omp96,cstr,8,1.0949603479121823,1.0927629561496581,1.0996583874874923,independent_sequential_modes
serial_over_omp96,cstr,32,4.189185188833951,4.141295329201217,4.218805117368367,independent_sequential_modes
serial_over_omp96,cstr,128,9.096202565223594,9.031503636547987,9.255003588219072,independent_sequential_modes
serial_over_omp96,cstr,512,49.77477291793478,34.87830518616693,50.254955570574865,independent_sequential_modes
serial_over_omp96,cstr,2048,87.1408620129483,82.89932060009797,88.51317082699111,independent_sequential_modes
serial_over_omp96,cstr,8192,85.2915186941745,84.22614511133128,86.4312489333377,independent_sequential_modes
serial_over_omp96,cstr,32768,83.33353470709122,80.82571786137983,84.61813828264407,independent_sequential_modes
serial_over_omp96,cstr,131072,70.38719226990457,70.09439760827266,70.9119767714488,independent_sequential_modes
serial_over_omp96,cstr,524288,70.32411717676071,70.25511046946568,70.39652995678212,independent_sequential_modes
serial_over_omp96,cstr,2097152,70.429572112839,70.19331206788927,70.6364704811263,independent_sequential_modes
serial_over_omp96,cstr,8388608,69.93700095938469,69.90909287068435,69.95224492443266,independent_sequential_modes
serial_over_omp96,cstr,16777216,69.8871613018382,69.82120181804123,69.92241231615905,independent_sequential_modes
serial_over_omp96,kepler,1,0.045502698885161064,0.04525045777215009,0.04573108902856375,independent_sequential_modes
serial_over_omp96,kepler,8,0.43788541746596255,0.4355704868790853,0.4396773199055124,independent_sequential_modes
serial_over_omp96,kepler,32,1.6118593014841505,1.6014618434111896,1.6209451341618477,independent_sequential_modes
serial_over_omp96,kepler,128,6.233439535882184,6.203653746046854,6.254238904929346,independent_sequential_modes
serial_over_omp96,kepler,512,21.327194128874847,20.960602062833022,21.446630575303796,independent_sequential_modes
serial_over_omp96,kepler,2048,52.61376517250754,52.321788082616884,52.81845520926834,independent_sequential_modes
serial_over_omp96,kepler,8192,75.22965755177516,74.4313852785685,75.76279262630584,independent_sequential_modes
serial_over_omp96,kepler,32768,75.02240910094292,74.67540545257829,75.5419629722705,independent_sequential_modes
serial_over_omp96,kepler,131072,78.11242656396908,77.08283001322684,78.36719645654689,independent_sequential_modes
serial_over_omp96,kepler,524288,75.88311595599126,75.66655968873518,76.46829799450889,independent_sequential_modes
serial_over_omp96,kepler,2097152,76.16147941829769,74.20619316913373,76.65871656988642,independent_sequential_modes
serial_over_omp96,kepler,8388608,75.32864609335665,75.30043460782447,75.34652160765735,independent_sequential_modes
serial_over_omp96,kepler,16777216,75.54891281938961,75.50269191790807,75.60017233297111,independent_sequential_modes
serial_over_omp96,peng_robinson,1,0.004726133028203447,0.0046837240588997195,0.005238606031895537,independent_sequential_modes
serial_over_omp96,peng_robinson,8,0.024926286577970726,0.024803372864218243,0.025121110722654015,independent_sequential_modes
serial_over_omp96,peng_robinson,32,0.09467338179453018,0.093648768037346,0.0954190838163962,independent_sequential_modes
serial_over_omp96,peng_robinson,128,0.3749907637742565,0.373046443730318,0.37619212333865787,independent_sequential_modes
serial_over_omp96,peng_robinson,512,1.4596045061152827,1.4554746637096605,1.4691514207864076,independent_sequential_modes
serial_over_omp96,peng_robinson,2048,5.3335834069093835,5.317867828247166,5.369824062578479,independent_sequential_modes
serial_over_omp96,peng_robinson,8192,15.624690683550716,15.486248078889966,15.819807583472125,independent_sequential_modes
serial_over_omp96,peng_robinson,32768,29.25519555491328,27.825608625433315,29.733577150576217,independent_sequential_modes
serial_over_omp96,peng_robinson,131072,37.25499934912673,37.14321872492091,37.34993716336029,independent_sequential_modes
serial_over_omp96,peng_robinson,524288,41.12595365774488,41.01582893517419,41.33327808059268,independent_sequential_modes
serial_over_omp96,peng_robinson,2097152,47.242347860549444,47.15349852607165,47.30852090843797,independent_sequential_modes
serial_over_omp96,peng_robinson,8388608,57.46808397797801,57.27944605941771,57.86081571590078,independent_sequential_modes
serial_over_omp96,peng_robinson,16777216,65.15318008536669,64.93560865581797,65.50387097091375,independent_sequential_modes
serial_over_omp96,pv,1,0.03893920766740184,0.03832778764600762,0.03921766816601763,independent_sequential_modes
serial_over_omp96,pv,8,0.3175594643216811,0.31458838671380973,0.3220737816914052,independent_sequential_modes
serial_over_omp96,pv,32,1.2260398732460664,1.2203154104076128,1.230886773546284,independent_sequential_modes
serial_over_omp96,pv,128,4.673300761608425,4.648937184259957,4.682985361178938,independent_sequential_modes
serial_over_omp96,pv,512,16.355609978832234,16.293672456575692,16.56323175286855,independent_sequential_modes
serial_over_omp96,pv,2048,44.34060359447776,43.991873200272835,44.48885687864449,independent_sequential_modes
serial_over_omp96,pv,8192,71.20243269045693,69.18220453181495,72.33913434409614,independent_sequential_modes
serial_over_omp96,pv,32768,69.50800124857307,68.42884698754439,70.4385151726865,independent_sequential_modes
serial_over_omp96,pv,131072,72.30938997413142,71.11711005821029,72.53816117372484,independent_sequential_modes
serial_over_omp96,pv,524288,71.96063095771467,71.11529028548097,72.36495134967454,independent_sequential_modes
serial_over_omp96,pv,2097152,72.1234185741237,71.80582720748737,72.3312600893553,independent_sequential_modes
serial_over_omp96,pv,8388608,70.20410141914962,70.14110834678542,70.2370875720289,independent_sequential_modes
serial_over_omp96,pv,16777216,70.60997171081615,70.55046318849435,70.65697120148751,independent_sequential_modes
strict_omp96_over_pgo_omp96,bem,1,1.0174228489682093,1.0071874841254327,1.0244045793705656,independent_sequential_modes
strict_omp96_over_pgo_omp96,bem,8,0.9972619724114337,0.9932763151137516,1.0021709914200072,independent_sequential_modes
strict_omp96_over_pgo_omp96,bem,32,1.0073629532505455,1.0018566840622547,1.0140172753472858,independent_sequential_modes
strict_omp96_over_pgo_omp96,bem,128,1.0076283916995161,1.0009583469690235,1.0150259432276434,independent_sequential_modes
strict_omp96_over_pgo_omp96,bem,512,0.998814177985443,0.9933681597583771,1.004631173355997,independent_sequential_modes
strict_omp96_over_pgo_omp96,bem,2048,1.0664908971934277,1.0591576229849993,1.0735345260626814,independent_sequential_modes
strict_omp96_over_pgo_omp96,bem,8192,1.1201420823198838,1.1080913047341958,1.1391073211900786,independent_sequential_modes
strict_omp96_over_pgo_omp96,bem,32768,1.152811368147335,1.1403757365082667,1.1713159365667896,independent_sequential_modes
strict_omp96_over_pgo_omp96,bem,131072,1.179125129130371,1.172784430667239,1.18331174544506,independent_sequential_modes
strict_omp96_over_pgo_omp96,bem,524288,1.177023661083495,1.1739240163169427,1.18693719697113,independent_sequential_modes
strict_omp96_over_pgo_omp96,bem,2097152,1.214719804491969,1.2032564868535338,1.2297278372199338,independent_sequential_modes
strict_omp96_over_pgo_omp96,bem,8388608,1.1867181174926589,1.1861446872326695,1.1874296800000925,independent_sequential_modes
strict_omp96_over_pgo_omp96,bem,16777216,0.9449494143213821,0.9446791131506266,0.9453529856803355,independent_sequential_modes
strict_omp96_over_pgo_omp96,cstr,1,1.0002512310303688,0.9901024569762016,1.0137463991529672,independent_sequential_modes
strict_omp96_over_pgo_omp96,cstr,8,1.0007680491580406,0.9964707687576659,1.0070030895966684,independent_sequential_modes
strict_omp96_over_pgo_omp96,cstr,32,1.0022994758203418,0.992245018160014,1.0144178722563109,independent_sequential_modes
strict_omp96_over_pgo_omp96,cstr,128,1.0057495797860934,0.9956801458455155,1.015177043217489,independent_sequential_modes
strict_omp96_over_pgo_omp96,cstr,512,0.3578815930206425,0.30738655484966154,0.5610224170739635,independent_sequential_modes
strict_omp96_over_pgo_omp96,cstr,2048,0.8822137323574626,0.847465240205399,0.9407138503364265,independent_sequential_modes
strict_omp96_over_pgo_omp96,cstr,8192,0.8983073823195109,0.8655651376575371,0.9382281696531735,independent_sequential_modes
strict_omp96_over_pgo_omp96,cstr,32768,0.9557557256563677,0.9136703741285178,1.01104444302161,independent_sequential_modes
strict_omp96_over_pgo_omp96,cstr,131072,1.006753128954891,0.9924612385629121,1.0177553396954315,independent_sequential_modes
strict_omp96_over_pgo_omp96,cstr,524288,1.0045804543862769,1.002341805335217,1.0086806742873196,independent_sequential_modes
strict_omp96_over_pgo_omp96,cstr,2097152,1.006050736724487,0.9970333195313629,1.0092456820816105,independent_sequential_modes
strict_omp96_over_pgo_omp96,cstr,8388608,1.0039672470643872,1.0037154627950318,1.0043087828875834,independent_sequential_modes
strict_omp96_over_pgo_omp96,cstr,16777216,1.0031011453084104,1.0025394367810256,1.004096093920531,independent_sequential_modes
strict_omp96_over_pgo_omp96,kepler,1,1.0045099827676465,0.995488683906413,1.0108756416087732,independent_sequential_modes
strict_omp96_over_pgo_omp96,kepler,8,0.9968117124943419,0.9909271624456675,1.0029674349620552,independent_sequential_modes
strict_omp96_over_pgo_omp96,kepler,32,1.0062875751524616,0.9940318466619578,1.0145175064026006,independent_sequential_modes
strict_omp96_over_pgo_omp96,kepler,128,1.002980945793209,0.9957741797640534,1.009817067332557,independent_sequential_modes
strict_omp96_over_pgo_omp96,kepler,512,0.9983138963041642,0.9891128468415998,1.0088854937267835,independent_sequential_modes
strict_omp96_over_pgo_omp96,kepler,2048,1.0050579862003064,0.9843617920535191,1.0140817807888203,independent_sequential_modes
strict_omp96_over_pgo_omp96,kepler,8192,1.0102355318577338,0.9941548623601071,1.0318265166427285,independent_sequential_modes
strict_omp96_over_pgo_omp96,kepler,32768,1.0014358236970171,0.9928108432745654,1.0127143617477863,independent_sequential_modes
strict_omp96_over_pgo_omp96,kepler,131072,0.9835649457088783,0.9761432879453853,0.9983466122027748,independent_sequential_modes
strict_omp96_over_pgo_omp96,kepler,524288,1.0065352831912393,0.9979203178553867,1.0098297363505007,independent_sequential_modes
strict_omp96_over_pgo_omp96,kepler,2097152,0.9925869952132593,0.975213303822209,1.0337362538069297,independent_sequential_modes
strict_omp96_over_pgo_omp96,kepler,8388608,1.0018283797715883,1.001460849045118,1.0023562144453595,independent_sequential_modes
strict_omp96_over_pgo_omp96,kepler,16777216,1.001421956075251,1.0006901830623094,1.0020286536110046,independent_sequential_modes
strict_omp96_over_pgo_omp96,peng_robinson,1,1.0153558619999508,1.0073882341109006,1.0228312811276374,independent_sequential_modes
strict_omp96_over_pgo_omp96,peng_robinson,8,1.0118080625718358,1.0041692672538547,1.018179535465604,independent_sequential_modes
strict_omp96_over_pgo_omp96,peng_robinson,32,1.00732243714945,0.9987051792842533,1.0188783037061355,independent_sequential_modes
strict_omp96_over_pgo_omp96,peng_robinson,128,0.9948787061976422,0.9894662234840571,1.0041346721806939,independent_sequential_modes
strict_omp96_over_pgo_omp96,peng_robinson,512,1.0076242905529,0.9979667909177773,1.0128252106995466,independent_sequential_modes
strict_omp96_over_pgo_omp96,peng_robinson,2048,1.0126695417042821,1.0046600816064952,1.0188492953957957,independent_sequential_modes
strict_omp96_over_pgo_omp96,peng_robinson,8192,1.003563768886733,0.9900517501840667,1.0141292886691797,independent_sequential_modes
strict_omp96_over_pgo_omp96,peng_robinson,32768,1.0067123844949928,0.9839531036467175,1.0607307798774983,independent_sequential_modes
strict_omp96_over_pgo_omp96,peng_robinson,131072,1.0016537659206408,0.9975625146661019,1.0055408340860776,independent_sequential_modes
strict_omp96_over_pgo_omp96,peng_robinson,524288,1.0204891093781412,1.0152963609827488,1.0252615117422448,independent_sequential_modes
strict_omp96_over_pgo_omp96,peng_robinson,2097152,1.0390175181720434,1.0365400519454928,1.0428919714818894,independent_sequential_modes
strict_omp96_over_pgo_omp96,peng_robinson,8388608,1.0245070781561747,1.0160246355423102,1.0357792786177267,independent_sequential_modes
strict_omp96_over_pgo_omp96,peng_robinson,16777216,1.0135279074961725,1.0066452956585445,1.0174912729674956,independent_sequential_modes
strict_omp96_over_pgo_omp96,pv,1,1.0005271613630433,0.9895282736608637,1.0111420612861743,independent_sequential_modes
strict_omp96_over_pgo_omp96,pv,8,1.0060578639102986,0.9885028805111941,1.019593962530902,independent_sequential_modes
strict_omp96_over_pgo_omp96,pv,32,0.9914650437870085,0.9853317582195503,0.9984341601639223,independent_sequential_modes
strict_omp96_over_pgo_omp96,pv,128,0.991781472683501,0.9875671963439056,1.002537463493056,independent_sequential_modes
strict_omp96_over_pgo_omp96,pv,512,1.014571488735516,1.0099361398210616,1.0203392691362858,independent_sequential_modes
strict_omp96_over_pgo_omp96,pv,2048,1.0099176723595267,1.000285120769801,1.0181770682947884,independent_sequential_modes
strict_omp96_over_pgo_omp96,pv,8192,1.0072727272726494,0.988610441767042,1.0449164706458882,independent_sequential_modes
strict_omp96_over_pgo_omp96,pv,32768,1.0465341985012855,1.0286024176011774,1.0657843783320498,independent_sequential_modes
strict_omp96_over_pgo_omp96,pv,131072,1.0316065345363161,1.0220837845604678,1.0518614478116934,independent_sequential_modes
strict_omp96_over_pgo_omp96,pv,524288,1.0155690471963572,1.0022910522904285,1.0292237030638305,independent_sequential_modes
strict_omp96_over_pgo_omp96,pv,2097152,1.0132022610743137,1.000272763438255,1.0207090803424586,independent_sequential_modes
strict_omp96_over_pgo_omp96,pv,8388608,1.010730128851392,1.0096701365075063,1.0111522516523623,independent_sequential_modes
strict_omp96_over_pgo_omp96,pv,16777216,0.9993715741435077,0.9986324195129941,1.0002107323524891,independent_sequential_modes
