algorithm,threads,repetition,time_ms,failures,checksum
bisection,96,0,680.493003689,0,-4052938.3265023562
bisection,96,1,680.100544356,0,-4052938.3265023562
bisection,96,2,679.603404365,0,-4052938.3265023562
bisection,96,3,680.663554929,0,-4052938.3265023562
bisection,96,4,680.184023455,0,-4052938.3265023562
bisection,96,5,679.985824041,0,-4052938.3265023562
bisection,96,6,680.265613832,0,-4052938.3265023562
bisection,96,7,680.748963729,0,-4052938.3265023562
bisection,96,8,679.892093875,0,-4052938.3265023562
bisection,96,9,680.352724157,0,-4052938.3265023562
bisection,96,10,680.232154205,0,-4052938.3265023562
bisection,96,11,680.405364372,0,-4052938.3265023562
bisection,96,12,680.194513872,0,-4052938.3265023562
bisection,96,13,680.923734792,0,-4052938.3265023562
bisection,96,14,680.493704975,0,-4052938.3265023562
bisection,96,15,680.537824519,0,-4052938.3265023562
bisection,96,16,680.511413142,0,-4052938.3265023562
bisection,96,17,680.111935362,0,-4052938.3265023562
bisection,96,18,680.247884244,0,-4052938.3265023562
bisection,96,19,680.975864641,0,-4052938.3265023562
bisection,96,20,680.505123921,0,-4052938.3265023562
bisection,96,21,679.928554222,0,-4052938.3265023562
bisection,96,22,680.484384298,0,-4052938.3265023562
bisection,96,23,680.512303486,0,-4052938.3265023562
bisection,96,24,680.247165263,0,-4052938.3265023562
bisection,96,25,681.820504367,0,-4052938.3265023562
bisection,96,26,680.344414897,0,-4052938.3265023562
bisection,96,27,680.164974183,0,-4052938.3265023562
bisection,96,28,680.593954399,0,-4052938.3265023562
bisection,96,29,680.376085453,0,-4052938.3265023562
brent,96,0,636.86206378,0,-4052938.3266277295
brent,96,1,636.37863379,0,-4052938.3266277295
brent,96,2,637.583353557,0,-4052938.3266277295
brent,96,3,636.897734366,0,-4052938.3266277295
brent,96,4,636.339773424,0,-4052938.3266277295
brent,96,5,637.291084044,0,-4052938.3266277295
brent,96,6,636.72357332,0,-4052938.3266277295
brent,96,7,636.693703011,0,-4052938.3266277295
brent,96,8,637.925534509,0,-4052938.3266277295
brent,96,9,636.766484007,0,-4052938.3266277295
brent,96,10,636.628513224,0,-4052938.3266277295
brent,96,11,637.029062957,0,-4052938.3266277295
brent,96,12,636.839782819,0,-4052938.3266277295
brent,96,13,636.574293487,0,-4052938.3266277295
brent,96,14,636.83278393,0,-4052938.3266277295
brent,96,15,636.727584526,0,-4052938.3266277295
brent,96,16,636.733504012,0,-4052938.3266277295
brent,96,17,636.736253276,0,-4052938.3266277295
brent,96,18,636.963924393,0,-4052938.3266277295
brent,96,19,636.720493436,0,-4052938.3266277295
brent,96,20,636.345763691,0,-4052938.3266277295
brent,96,21,637.256973423,0,-4052938.3266277295
brent,96,22,636.852224357,0,-4052938.3266277295
brent,96,23,636.388283223,0,-4052938.3266277295
brent,96,24,637.53413409,0,-4052938.3266277295
brent,96,25,637.037113309,0,-4052938.3266277295
brent,96,26,636.125313118,0,-4052938.3266277295
brent,96,27,637.194213457,0,-4052938.3266277295
brent,96,28,636.85635291,0,-4052938.3266277295
brent,96,29,636.285762303,0,-4052938.3266277295
illinois,96,0,685.390747152,0,-4052938.3265023562
illinois,96,1,685.434286483,0,-4052938.3265023562
illinois,96,2,685.790847056,0,-4052938.3265023562
illinois,96,3,686.53700687,0,-4052938.3265023562
illinois,96,4,685.604806989,0,-4052938.3265023562
illinois,96,5,685.450647026,0,-4052938.3265023562
illinois,96,6,686.204007827,0,-4052938.3265023562
illinois,96,7,685.506227426,0,-4052938.3265023562
illinois,96,8,685.972367413,0,-4052938.3265023562
illinois,96,9,685.879047029,0,-4052938.3265023562
illinois,96,10,685.464226641,0,-4052938.3265023562
illinois,96,11,685.232155956,0,-4052938.3265023562
illinois,96,12,685.570596717,0,-4052938.3265023562
illinois,96,13,686.157447286,0,-4052938.3265023562
illinois,96,14,685.567856766,0,-4052938.3265023562
illinois,96,15,685.315537266,0,-4052938.3265023562
illinois,96,16,686.041368172,0,-4052938.3265023562
illinois,96,17,685.745216906,0,-4052938.3265023562
illinois,96,18,685.746856965,0,-4052938.3265023562
illinois,96,19,686.37111783,0,-4052938.3265023562
illinois,96,20,685.517086647,0,-4052938.3265023562
illinois,96,21,685.249446891,0,-4052938.3265023562
illinois,96,22,686.382867396,0,-4052938.3265023562
illinois,96,23,685.678366572,0,-4052938.3265023562
illinois,96,24,685.712195933,0,-4052938.3265023562
illinois,96,25,686.249056831,0,-4052938.3265023562
illinois,96,26,686.217466369,0,-4052938.3265023562
illinois,96,27,685.715837404,0,-4052938.3265023562
illinois,96,28,686.117337085,0,-4052938.3265023562
illinois,96,29,685.979747213,0,-4052938.3265023562
adaptive_compacted,96,0,674.070351757,0,-4052938.3266277295
adaptive_compacted,96,1,674.956232309,0,-4052938.3266277295
adaptive_compacted,96,2,674.422121607,0,-4052938.3266277295
adaptive_compacted,96,3,674.957551993,0,-4052938.3266277295
adaptive_compacted,96,4,674.115502276,0,-4052938.3266277295
adaptive_compacted,96,5,674.40992035,0,-4052938.3266277295
adaptive_compacted,96,6,674.934240989,0,-4052938.3266277295
adaptive_compacted,96,7,674.719301052,0,-4052938.3266277295
adaptive_compacted,96,8,674.176781438,0,-4052938.3266277295
adaptive_compacted,96,9,674.377362244,0,-4052938.3266277295
adaptive_compacted,96,10,674.504792318,0,-4052938.3266277295
adaptive_compacted,96,11,674.786731601,0,-4052938.3266277295
adaptive_compacted,96,12,674.409101717,0,-4052938.3266277295
adaptive_compacted,96,13,674.427251332,0,-4052938.3266277295
adaptive_compacted,96,14,674.233490601,0,-4052938.3266277295
adaptive_compacted,96,15,674.444552511,0,-4052938.3266277295
adaptive_compacted,96,16,674.100152217,0,-4052938.3266277295
adaptive_compacted,96,17,674.653542228,0,-4052938.3266277295
adaptive_compacted,96,18,674.611981027,0,-4052938.3266277295
adaptive_compacted,96,19,674.247820862,0,-4052938.3266277295
adaptive_compacted,96,20,674.303840846,0,-4052938.3266277295
adaptive_compacted,96,21,674.736341462,0,-4052938.3266277295
adaptive_compacted,96,22,674.578932114,0,-4052938.3266277295
adaptive_compacted,96,23,675.015282817,0,-4052938.3266277295
adaptive_compacted,96,24,674.34181273,0,-4052938.3266277295
adaptive_compacted,96,25,674.615811557,0,-4052938.3266277295
adaptive_compacted,96,26,675.359962508,0,-4052938.3266277295
adaptive_compacted,96,27,674.779032357,0,-4052938.3266277295
adaptive_compacted,96,28,675.187381916,0,-4052938.3266277295
adaptive_compacted,96,29,675.88493228,0,-4052938.3266277295
