index,branch,root_count,root_abs,gradient_rel,condition_rel,regularized_rel,residual,status
0,0,1,2.2204460492503131e-16,1.9839456855004802e-11,1.1101574453207468e-15,1.983945705342281e-11,1.1102230246251565e-16,0
1,0,1,0,4.6954690293331092e-14,4.408938434642164e-16,4.7128597031818746e-14,1.1102230246251565e-16,0
2,0,1,1.6263032587282567e-19,6.5338501585322462e-16,0,6.5338502252100979e-16,5.4210108624275222e-20,0
3,0,1,3.3087224502121107e-23,1.9983958577523024e-15,0,1.9983958777363173e-15,3.3087224502121107e-24,0
4,0,1,0,8.1755738058661871e-11,2.2204389549594272e-16,8.1755612619944725e-11,0,0
5,3,3,6.8944849829222221e-13,3.7460725222317947e-08,3.7452258176345337e-08,2.5815281451871841e-08,1.1102230246251565e-16,0
6,1,3,1.0408340855860843e-16,4.979808838273079e-14,4.7789740775514988e-14,4.9798485785538887e-14,6.9388939039072284e-18,0
7,2,3,1.6583956430338276e-15,4.7899482504100631e-12,4.8210793979374925e-12,4.7869500915353202e-12,2.0816681711721685e-17,0
8,2,3,1.5876189252139739e-14,1.8591178347177027e-11,1.8645399985616149e-11,1.856755536279679e-11,1.1102230246251565e-16,0
9,3,3,2.886579864025407e-15,8.4920770034706251e-13,8.3416028789511497e-13,8.4922358876676172e-13,1.1102230246251565e-16,0
10,1,3,1.0918349557798024e-14,7.5145034337170221e-10,7.5074333116413613e-10,7.3184429917849804e-10,0,0
11,0,1,3.3881317890172014e-21,1.5541945005840098e-15,0,1.3321667281090218e-15,4.2351647362715017e-22,0
12,0,1,1.1102230246251565e-16,1.4394705782040357e-11,6.6610367817097456e-16,1.4394705926000441e-11,1.1102230246251565e-16,0
13,0,1,0,8.6504784885135829e-15,0,8.6504785769027478e-15,0,0
14,0,1,1.6263032587282567e-19,4.3533149871856748e-16,0,4.3533150316393264e-16,5.4210108624275222e-20,0
15,0,1,3.3087224502121107e-23,6.6612863939084337e-16,0,6.6612864605218217e-16,0,0
16,0,1,1.1102230246251565e-16,3.2598254818968127e-11,2.2204402289390374e-16,3.2598255144952387e-11,1.1102230246251565e-16,0
17,3,3,3.1086244689504383e-15,1.2850571694126183e-10,1.2846980300582833e-10,1.0133911855681123e-10,1.1102230246251565e-16,0
18,1,3,1.7347234759768071e-16,8.9506485763724967e-14,8.639959378548306e-14,8.9698115182102649e-14,6.9388939039072284e-18,0
19,2,3,6.83481049534862e-15,5.7645234474358359e-11,5.7762630191820362e-11,5.7282094835874056e-11,1.3877787807814457e-17,0
20,2,3,6.4726002335646626e-14,1.7909881522615441e-10,1.793271812513575e-10,1.7787160317479278e-10,0,0
21,3,3,2.6645352591003757e-15,5.6613814951555195e-13,5.5477841334662287e-13,5.6627456599260633e-13,3.3306690738754696e-16,0
22,1,3,1.5612511283791264e-16,2.2889883632762163e-13,2.1845037940521554e-13,2.2901320216729295e-13,0,0
23,0,1,1.2705494208814505e-21,4.440333807217333e-16,2.2202990932733594e-16,4.4403338516265495e-16,0,0
24,0,1,0,3.8576565423530308e-11,1.55425196391882e-15,3.8576749941283633e-11,1.1102230246251565e-16,0
25,0,1,1.1102230246251565e-16,1.0451061708943083e-14,2.2014677711884913e-16,1.0451061815263384e-14,1.1102230246251565e-16,0
26,0,1,5.4210108624275222e-20,2.1905133309896548e-16,0,2.190513353208678e-16,0,0
27,0,1,6.6174449004242214e-23,2.886570867248613e-15,0,2.8865708961144129e-15,3.3087224502121107e-24,0
28,0,1,1.1102230246251565e-16,5.5269350683930721e-10,6.6613296232803532e-16,5.5269367726689489e-10,0,0
29,3,3,6.1617377866696188e-14,7.1200793091771965e-10,7.1129795426932573e-10,6.9873563640355903e-10,1.1102230246251565e-16,0
30,1,3,6.5433769513845164e-15,8.3237617728221017e-11,8.3124530560195944e-11,8.2292958849868144e-11,6.9388939039072284e-18,0
31,2,3,8.6458618042684066e-15,5.7556337345530759e-10,5.757279706836718e-10,4.1943610939813738e-10,0,0
32,2,3,8.8817841970012523e-16,8.2994100808591076e-14,8.5532717782387853e-14,8.3110495048612011e-14,2.2204460492503131e-16,0
33,3,3,1.5543122344752192e-15,1.3845968711101314e-13,1.3161297298930405e-13,1.3830865674831939e-13,3.3306690738754696e-16,0
34,1,3,3.0513785942432037e-15,7.6780411156700514e-10,7.6761003151438854e-10,5.2815499799902965e-10,0,0
35,0,1,8.4703294725430034e-22,4.4404558554993998e-16,0,4.4404558999085473e-16,4.2351647362715017e-22,0
36,0,1,1.1102230246251565e-16,1.9823741307819158e-11,1.3321782005257979e-15,1.982352588532239e-11,0,0
37,0,1,0,3.481899171315657e-14,2.1962423420504552e-16,3.4605378620786784e-14,1.1102230246251565e-16,0
38,0,1,1.0842021724855044e-19,2.1740343647220769e-16,0,4.3480687739001926e-16,1.0842021724855044e-19,0
39,0,1,4.632211430296955e-23,8.8817292848663106e-16,0,1.1102161717105199e-15,6.6174449004242214e-24,0
40,0,1,0,9.864946340131502e-12,0,9.864946438781587e-12,0,0
41,3,3,6.106226635438361e-15,3.3361633624162735e-12,3.2646987382782526e-12,3.3362309854319115e-12,1.1102230246251565e-16,0
42,1,3,1.0408340855860843e-16,2.4793309800476577e-14,2.2668313537252158e-14,2.4671810366813259e-14,0,0
43,2,3,7.3760442198533838e-15,5.9008531258359715e-11,5.9143992940745498e-11,5.8718738994598867e-11,0,0
44,2,3,3.6859404417555197e-14,1.4651102887043982e-10,1.4663605429349475e-10,1.4435283026878494e-10,1.1102230246251565e-16,0
45,3,3,4.7961634663806763e-13,9.3558048719793546e-09,9.3534429172283706e-09,7.8347125591991853e-09,0,0
46,1,3,1.7295193055488767e-15,3.3105696250282344e-11,3.2985348502774552e-11,3.3047073238872877e-11,1.7347234759768071e-18,0
47,0,1,6.3527471044072525e-22,4.4406250605483389e-16,0,6.6609376574360904e-16,0,0
48,0,1,1.1102230246251565e-16,2.8875369501868155e-12,2.220322916407629e-16,2.8875369790653878e-12,1.1102230246251565e-16,0
49,0,1,0,6.7390220850296991e-15,0,6.6142254472229542e-15,0,0
50,0,1,1.0842021724855044e-19,0,0,0,0,0
51,0,1,2.6469779601696886e-23,8.8817527238895188e-16,0,1.1102191015884206e-15,0,0
52,0,1,1.1102230246251565e-16,1.4607957187184319e-10,4.4408799316527658e-16,1.460794319960472e-10,0,0
53,3,3,6.7723604502134549e-15,1.811971456273819e-11,1.8042393110044007e-11,1.8101466400380161e-11,1.1102230246251565e-16,0
54,1,3,2.6520452500733427e-14,1.4340471189032326e-09,1.4335513253073006e-09,1.2017544878016042e-09,0,0
55,2,3,1.4710455076283324e-15,4.3683330749356398e-12,4.3947307060178224e-12,4.364901867419174e-12,2.0816681711721685e-17,0
56,2,3,1.1768364061026659e-14,3.5439556626994274e-12,3.581659628519028e-12,3.543784658121199e-12,0,0
57,3,3,2.0650148258027912e-14,7.5293351259410443e-12,7.4280463534591711e-12,7.5289997236232909e-12,3.3306690738754696e-16,0
58,1,3,2.6020852139652106e-17,9.3428406149126741e-14,9.138619707431076e-14,9.364733952190519e-14,1.7347234759768071e-18,0
59,0,1,2.1175823681357508e-21,1.1101030454656872e-15,2.220319761761547e-16,8.8808244525438435e-16,4.2351647362715017e-22,0
60,0,1,1.1102230246251565e-16,3.9703954502174723e-11,1.3322201549050763e-15,3.9703756692634509e-11,0,0
61,0,1,2.2204460492503131e-16,1.278009542454931e-13,6.6247321630002602e-16,1.2801756732671224e-13,1.1102230246251565e-16,0
62,0,1,5.4210108624275222e-20,0,0,2.183728934029587e-16,0,0
63,0,1,9.9261673506363321e-24,4.4408764109606737e-16,0,2.2204382276847982e-16,0,0
64,0,1,1.1102230246251565e-16,2.6109559993301006e-10,4.4408824398170413e-16,2.6109577072247411e-10,0,0
65,3,3,2.2204460492503131e-16,2.2854588216211908e-14,2.0681887615997639e-14,2.2725490389895095e-14,1.1102230246251565e-16,0
66,1,3,1.0116907311896739e-14,1.0015779807284683e-10,9.998353354898795e-11,9.9461653109970046e-11,0,0
67,2,3,1.0262624083878791e-14,5.6890192125065719e-11,5.707132323115445e-11,5.6741420894792025e-11,1.3877787807814457e-17,0
68,2,3,2.2515322939398175e-13,2.1441867015986585e-09,2.145001172448608e-09,1.9828462742346128e-09,1.1102230246251565e-16,0
69,3,3,7.5495165674510645e-15,2.1168567569308555e-11,2.1131851866879968e-11,2.108961965636501e-11,1.1102230246251565e-16,0
70,1,3,6.2450045135165055e-17,6.9742806253234474e-14,6.5386532916226985e-14,6.9900801470093079e-14,0,0
71,0,1,1.2705494208814505e-21,6.6607784461428465e-16,0,6.6607785127565194e-16,0,0
72,0,1,1.1102230246251565e-16,1.769880807780575e-11,8.881318990902543e-16,1.7698808254812372e-11,0,0
73,0,1,0,7.3523141294827456e-14,6.6158070389750423e-16,7.335334263596376e-14,1.1102230246251565e-16,0
74,0,1,2.1684043449710089e-19,2.1802413157078278e-16,0,2.1802413379323033e-16,0,0
75,0,1,3.3087224502121107e-24,4.440872622867309e-16,0,2.2204363336381158e-16,0,0
76,0,1,1.1102230246251565e-16,1.3099673837971023e-11,0,1.3099673968968148e-11,1.1102230246251565e-16,0
77,3,3,8.3266726846886741e-15,2.5809908209298897e-11,2.571250746944371e-11,2.57759739708966e-11,1.1102230246251565e-16,0
78,1,3,2.4563684419831588e-15,3.9770399063578024e-12,3.9300802025991807e-12,3.9764578673025199e-12,0,0
79,2,3,9.0275009689833041e-15,1.0660205294393457e-10,1.0675905208849334e-10,1.0530845762456238e-10,2.0816681711721685e-17,0
80,2,3,2.4924506902834764e-13,3.278651483688264e-09,3.2794831438115861e-09,2.7770871367825177e-09,0,0
81,3,3,4.0434322556848201e-13,1.0860555330277151e-08,1.0858646798712874e-08,7.6032801592024897e-09,0,0
82,1,3,2.4980018054066022e-16,4.9450442294682492e-13,4.7825987473134064e-13,4.9434868496752754e-13,1.7347234759768071e-18,0
83,0,1,4.2351647362715017e-22,2.2202767542502098e-16,0,2.2202767764547569e-16,0,0
84,0,1,0,1.460628859867655e-12,2.2202785290824459e-16,1.4606288744761479e-12,0,0
85,0,1,0,2.9896003730592298e-14,2.2046251770417049e-16,2.9896004033858545e-14,0,0
86,0,1,1.6263032587282567e-19,4.3643360566282003e-16,0,4.3643361010738282e-16,0,0
87,0,1,5.6248281653605882e-23,2.4424827633764435e-15,0,2.4424827878013513e-15,0,0
88,0,1,2.2204460492503131e-16,4.374496138684553e-10,4.4408863135529521e-16,4.374496182429628e-10,1.1102230246251565e-16,0
89,3,3,6.3282712403633923e-15,3.6509781207249981e-12,3.5716894317918324e-12,3.6508664834310894e-12,0,0
90,1,3,2.6367796834847468e-16,1.6762684547778492e-13,1.6297829236181534e-13,1.6762883898320433e-13,0,0
91,2,3,7.4246164771807344e-16,3.4199772313789346e-13,3.5514164371628843e-13,3.4200085906003896e-13,2.0816681711721685e-17,0
92,2,3,9.0949470177292824e-13,1.7250575839879576e-08,1.7253710796437976e-08,1.2342221953436759e-08,1.1102230246251565e-16,0
93,3,3,7.0476957603204937e-13,1.0591920722048576e-08,1.0588918514443159e-08,9.3286741935542487e-09,0,0
94,1,3,1.1622647289044608e-16,2.4798291113149908e-13,2.4022991210502649e-13,2.4798585555209904e-13,0,0
95,0,1,1.2705494208814505e-21,6.6609367515901175e-16,0,6.6609368182036987e-16,2.1175823681357508e-22,0
96,0,1,0,2.9433606613156576e-11,6.6611653846016363e-16,2.9433606907507911e-11,0,0
97,0,1,0,1.1454550214990111e-13,6.6177805305823509e-16,1.145455033104843e-13,1.1102230246251565e-16,0
98,0,1,5.4210108624275222e-20,0,0,0,5.4210108624275222e-20,0
99,0,1,3.6395946952333218e-23,1.5543060812242789e-15,0,1.5543060967674022e-15,3.3087224502121107e-24,0
100,0,1,1.1102230246251565e-16,5.4224288787481598e-10,8.8817721601315396e-16,5.4224289329725962e-10,0,0
101,3,3,6.7668093350903291e-13,2.7314004638439239e-08,2.7306218730398565e-08,2.1667984965425701e-08,0,0
102,1,3,1.0207112932647533e-14,1.6007749545273178e-10,1.5990369398964655e-10,1.5723774519857709e-10,6.9388939039072284e-18,0
103,2,3,1.1136924715771102e-14,1.2939035357719344e-09,1.2941048550555329e-09,3.8318078143026655e-10,2.0816681711721685e-17,0
104,2,3,4.7295500849031669e-14,4.5567572938904587e-10,4.5585225649897054e-10,4.2228194557662284e-10,1.1102230246251565e-16,0
105,3,3,2.4080737404119645e-13,2.9288241735398202e-09,2.9277790743355263e-09,2.7002410607865002e-09,1.1102230246251565e-16,0
106,1,3,3.3081176686877711e-15,1.3212938269622169e-10,1.3190707515584802e-10,1.3104083809055239e-10,0,0
107,0,1,2.1175823681357508e-22,0,2.2203763989651403e-16,0,0,0
108,0,1,0,1.4202236906310332e-11,6.661015399529645e-16,1.4202089987677461e-11,0,0
109,0,1,1.1102230246251565e-16,2.8663451688645951e-14,2.2039685853526535e-16,2.8663451979582403e-14,1.1102230246251565e-16,0
110,0,1,1.6263032587282567e-19,4.3780239923563465e-16,2.2038972570503809e-16,4.3780240367965362e-16,0,0
111,0,1,6.6174449004242214e-23,2.220436860403971e-15,0,2.2204368826084325e-15,3.3087224502121107e-24,0
112,0,1,0,4.5166603809550267e-11,0,4.5166604261218521e-11,0,0
113,3,3,4.4297898682543746e-14,7.6990173745595174e-10,7.6939321709155898e-10,7.3744472661278076e-10,1.1102230246251565e-16,0
114,1,3,2.9143354396410359e-15,1.8068383808364851e-11,1.8013282523449012e-11,1.8027622334516788e-11,0,0
115,2,3,9.7144514654701197e-17,1.3372000163203498e-14,1.4864907783726231e-14,1.3248196563802952e-14,0,0
116,2,3,1.2434497875801753e-14,2.9199704466567525e-11,2.9241733695789014e-11,2.9049297342226644e-11,1.1102230246251565e-16,0
117,3,3,2.2204460492503131e-16,2.8502779318219373e-14,2.6678693733374106e-14,2.85028216357865e-14,1.1102230246251565e-16,0
118,1,3,1.214306433183765e-16,1.6236636806452076e-13,1.5426639409643454e-13,1.6248986519690273e-13,0,0
119,0,1,2.1175823681357508e-22,0,0,2.2202992995293325e-16,2.1175823681357508e-22,0
120,0,1,2.2204460492503131e-16,2.0741344785127572e-11,8.881340534150721e-16,2.0741344992561745e-11,1.1102230246251565e-16,0
121,0,1,1.1102230246251565e-16,8.9227978937414735e-15,0,8.922797984551995e-15,1.1102230246251565e-16,0
122,0,1,1.6263032587282567e-19,2.1824114864077887e-16,0,4.3648230172626957e-16,5.4210108624275222e-20,0
123,0,1,4.963083675318166e-23,2.220438315760946e-15,2.2204421268508399e-16,1.9983945041688669e-15,0,0
124,0,1,1.1102230246251565e-16,4.592573077677388e-10,6.6613304038786997e-16,4.5925714984762345e-10,0,0
125,3,3,3.184119634624949e-13,1.657870588705151e-08,1.6574989484565898e-08,1.1376428395156963e-08,0,0
126,1,3,4.8572257327350599e-16,7.7814625373120193e-12,7.772888581227155e-12,7.6564148038125894e-12,0,0
127,2,3,1.5820678100908481e-15,5.9001826179398987e-12,5.9300206790633347e-12,5.8945140105072302e-12,6.9388939039072284e-18,0
128,2,3,1.3522516439934407e-13,6.3896456034848042e-10,6.3941235081545584e-10,6.2554889637327307e-10,0,0
129,3,3,1.2212453270876722e-15,2.0789835719842895e-13,1.9998873147830969e-13,2.0789927073184304e-13,4.4408920985006262e-16,0
130,1,3,2.6367796834847468e-16,1.2996108451116211e-12,1.2825532272968401e-12,1.299452012923592e-12,0,0
131,0,1,1.6940658945086007e-21,2.220126259646892e-16,0,2.2201262818515247e-16,8.4703294725430034e-22,0
132,0,1,1.1102230246251565e-16,3.3567686252087723e-12,2.2203686152965452e-16,3.3567686587787997e-12,1.1102230246251565e-16,0
133,0,1,0,2.7079416915761997e-14,2.207902578074481e-16,2.686949922693136e-14,0,0
134,0,1,0,0,0,0,0,0
135,0,1,6.6174449004242214e-24,2.2204394204206135e-16,2.220442688076609e-16,2.2204394426250751e-16,0,0
136,0,1,0,7.5494609093052979e-11,2.2204376814912114e-16,7.5494609848004762e-11,0,0
137,3,3,5.5511151231257827e-16,9.642551366494197e-14,9.0104674851050452e-14,9.6291413003066577e-14,0,0
138,1,3,1.5265566588595902e-16,2.7786925028151084e-13,2.7482661496915949e-13,2.7789092428023757e-13,6.9388939039072284e-18,0
139,2,3,8.3266726846886741e-16,1.5746259359414417e-12,1.5889335571001179e-12,1.5742079513686518e-12,0,0
140,2,3,1.2101430968414206e-14,5.7165560368028145e-12,5.7576554847574687e-12,5.7153753337437231e-12,1.1102230246251565e-16,0
141,3,3,7.1054273576010019e-15,1.7745871200172722e-12,1.7411718710797994e-12,1.7746148171548353e-12,4.4408920985006262e-16,0
142,1,3,8.8470897274817162e-16,5.5112961504098074e-12,5.4492349643668879e-12,5.5103066433131623e-12,0,0
143,0,1,1.2705494208814505e-21,4.4404548809575644e-16,2.2203310595271083e-16,2.220227462683356e-16,0,0
144,0,1,1.1102230246251565e-16,2.7272306464913991e-11,1.110180513536092e-15,2.7272488165989088e-11,0,0
145,0,1,1.1102230246251565e-16,3.3209034832255154e-14,4.3955392428094958e-16,3.3209035171233822e-14,0,0
146,0,1,5.4210108624275222e-20,0,0,2.1845754864615477e-16,5.4210108624275222e-20,0
147,0,1,1.3234889800848443e-23,4.4408680685481987e-16,0,4.4408681129571224e-16,0,0
148,0,1,1.1102230246251565e-16,6.6920396761122637e-11,0,6.6920397430328089e-11,1.1102230246251565e-16,0
149,3,3,1.1102230246251565e-15,2.7193563848828909e-13,2.5774864397867582e-13,2.7179589618361824e-13,0,0
150,1,3,2.3016311079260277e-14,9.9638477828879205e-10,9.9599616790728348e-10,8.6727212092049959e-10,0,0
151,2,3,3.0878077872387166e-15,9.5544935892074398e-12,9.6100502600068041e-12,9.547079943534916e-12,6.9388939039072284e-18,0
152,2,3,4.2643666375852263e-13,6.5868525543719571e-09,6.588268889568846e-09,5.2439109322775894e-09,1.1102230246251565e-16,0
153,3,3,2.468025783741723e-13,1.8192666625882426e-09,1.818098182552373e-09,1.771710981671078e-09,0,0
154,1,3,9.6624097611908155e-16,6.7877563928898258e-12,6.7247566527726155e-12,6.7858384494188289e-12,0,0
155,0,1,3.3881317890172014e-21,1.1100829683894315e-15,0,1.1100829794917365e-15,4.2351647362715017e-22,0
156,0,1,1.1102230246251565e-16,2.022993169171779e-11,6.6610925737746064e-16,2.0230119251586029e-11,1.1102230246251565e-16,0
157,0,1,0,9.2795583726899693e-14,6.6060404969329284e-16,9.2795584670455956e-14,1.1102230246251565e-16,0
158,0,1,2.7105054312137611e-19,6.5742804338394386e-16,0,8.7657073339905327e-16,5.4210108624275222e-20,0
159,0,1,1.9852334701272664e-23,0,2.2204367887772675e-16,0,0,0
160,0,1,0,1.8859784717587569e-10,2.2204436956291101e-16,1.8859803474266182e-10,0,0
161,3,3,6.6613381477509392e-16,1.4538636095135863e-13,1.3680025855848209e-13,1.4538677523421248e-13,0,0
162,1,3,6.2450045135165055e-17,2.4082048858403015e-14,2.2706755120329793e-14,2.4223806649599622e-14,0,0
163,2,3,5.1555981706030707e-15,1.0774916004088601e-10,1.078466895280462e-10,1.0438609074236437e-10,0,0
164,2,3,1.0536016503692736e-13,7.1123381905441189e-10,7.1161812042068997e-10,6.8394321915900029e-10,2.2204460492503131e-16,0
165,3,3,2.9976021664879227e-15,6.9083947255969959e-12,6.8953404128162332e-12,6.8879491781362451e-12,0,0
166,1,3,2.4112656316077619e-15,1.0527502312935244e-10,1.0511685825349988e-10,1.0419011603794308e-10,1.7347234759768071e-18,0
167,0,1,8.4703294725430034e-22,0,0,2.2201622157420097e-16,4.2351647362715017e-22,0
168,0,1,0,5.0345352544580473e-12,2.2203405607839257e-16,5.0343874303058988e-12,0,0
169,0,1,1.1102230246251565e-16,3.4608578458744207e-14,2.2078181683759683e-16,3.439625623942113e-14,1.1102230246251565e-16,0
170,0,1,0,2.1915765243723961e-16,0,2.1915765465901453e-16,5.4210108624275222e-20,0
171,0,1,9.9261673506363321e-24,6.6613259278864752e-16,0,6.6613259944998583e-16,1.6543612251060553e-24,0
172,0,1,1.1102230246251565e-16,8.1578566935456271e-11,4.4408778944612112e-16,8.1578776132009129e-11,1.1102230246251565e-16,0
173,3,3,2.55351295663786e-15,2.5012088635854396e-12,2.4699754155023693e-12,2.5008764936809659e-12,1.1102230246251565e-16,0
174,1,3,8.3953677343373556e-14,7.4773250118327251e-09,7.4758495439919021e-09,4.2969103620635672e-09,0,0
175,2,3,2.4147350785597155e-15,4.8282945322145655e-12,4.8696489408851847e-12,4.826437148211521e-12,6.9388939039072284e-18,0
176,2,3,2.6645352591003757e-15,1.6958861209259133e-13,1.7865965804924675e-13,1.6976688268624364e-13,2.2204460492503131e-16,0
177,3,3,6.0396132539608516e-14,4.9975541585834658e-11,4.9668946632143044e-11,4.9960235833786426e-11,1.1102230246251565e-16,0
178,1,3,4.3368086899420177e-17,5.0698016473074336e-14,4.7676713254071319e-14,5.0698151489621547e-14,0,0
179,0,1,1.9058241313221758e-21,1.3321981932966513e-15,0,1.3321982066193624e-15,0,0
180,0,1,1.1102230246251565e-16,1.5307621828714276e-11,6.6611023431075906e-16,1.5307820906091564e-11,1.1102230246251565e-16,0
181,0,1,1.1102230246251565e-16,8.3110244451484362e-14,6.6109477235517657e-16,8.3110245295304866e-14,0,0
182,0,1,1.0842021724855044e-19,6.5498955938983197e-16,0,4.3665971070425925e-16,5.4210108624275222e-20,0
183,0,1,4.632211430296955e-23,1.5543050142701257e-15,0,1.332261454125642e-15,0,0
184,0,1,1.1102230246251565e-16,1.8929746448823471e-10,4.4408815660979105e-16,1.8929746638121834e-10,0,0
185,3,3,8.8817841970012523e-16,2.4438085999703286e-13,2.3468091524477499e-13,2.4449902130597311e-13,1.1102230246251565e-16,0
186,1,3,2.4980018054066022e-16,1.2055454573518922e-13,1.157981521719247e-13,1.2055531246859196e-13,6.9388939039072284e-18,0
187,2,3,1.7257723028407668e-13,1.7887941458429642e-08,1.7891134983257697e-08,7.5738216596480468e-09,1.3877787807814457e-17,0
188,2,3,1.0365042157900461e-12,1.6124927498118239e-08,1.6128639373527652e-08,1.3071099368927743e-08,1.1102230246251565e-16,0
189,3,3,6.539213615042172e-14,1.0597424098817183e-10,1.056786926982161e-10,1.058288846327022e-10,7.7715611723760958e-16,0
190,1,3,1.3877787807814457e-17,1.0380391012705498e-14,9.1578563246318125e-15,1.0380404608059167e-14,1.7347234759768071e-18,0
191,0,1,2.1175823681357508e-21,8.8809168340369232e-16,0,8.8809169228552183e-16,4.2351647362715017e-22,0
192,0,1,2.2204460492503131e-16,5.6213972429447621e-11,1.55427214437129e-15,5.6213972991616342e-11,1.1102230246251565e-16,0
193,0,1,0,1.0295281524987442e-13,6.611735300571163e-16,1.0295281629490805e-13,1.1102230246251565e-16,0
194,0,1,5.4210108624275222e-20,2.1872076138318649e-16,2.2030032178703224e-16,2.1872076360516676e-16,5.4210108624275222e-20,0
195,0,1,5.2939559203393771e-23,2.2204374506663176e-15,0,2.2204374728707791e-15,0,0
196,0,1,1.1102230246251565e-16,2.2669273207303482e-10,4.4408848957096598e-16,2.2669273433996948e-10,0,0
197,3,3,9.4035890185750759e-14,2.7110519142482636e-09,2.7099870490399204e-09,2.4014480205020995e-09,0,0
198,1,3,6.349087922075114e-15,2.0083528372771923e-10,2.0072096183607178e-10,1.8822135178963466e-10,6.9388939039072284e-18,0
199,2,3,6.3421490281712067e-15,1.4097558622592467e-10,1.4109162715182429e-10,1.3557206367214715e-10,0,0
200,2,3,6.4481753270229092e-13,8.8301865337565528e-09,8.8325335093453234e-09,7.5263948534712519e-09,2.2204460492503131e-16,0
201,3,3,8.3733020517229306e-13,1.4196068935765676e-08,1.4192189225350013e-08,1.2281669306061223e-08,0,0
202,1,3,9.1419927183977734e-16,2.5948179119516577e-11,2.5886438142576281e-11,2.5840634514375817e-11,1.7347234759768071e-18,0
203,0,1,2.541098841762901e-21,1.1100848739526453e-15,0,1.1100848850549499e-15,0,0
204,0,1,0,9.2377049081116385e-12,4.4405934028764258e-16,9.2377050005011165e-12,0,0
205,0,1,1.1102230246251565e-16,4.8609549027375991e-14,2.1984195876633293e-16,4.8724738029240176e-14,0,0
206,0,1,5.4210108624275222e-20,2.1900898223550677e-16,0,2.1900898445743482e-16,5.4210108624275222e-20,0
207,0,1,2.6469779601696886e-23,1.3322640165977359e-15,0,1.3322640299204129e-15,3.3087224502121107e-24,0
208,0,1,1.1102230246251565e-16,1.2984799326144439e-10,4.440878735497887e-16,1.2984812705707456e-10,0,0
209,3,3,2.2204460492503131e-15,5.2290070330688495e-13,4.9524143634851172e-13,5.2268485045236402e-13,0,0
210,1,3,5.7592819402429996e-16,2.5449348172641295e-12,2.534162643925235e-12,2.5419072965122383e-12,6.9388939039072284e-18,0
211,2,3,6.1756155744774333e-16,1.1088024342672405e-12,1.1201586575874826e-12,1.1084008804792843e-12,1.3877787807814457e-17,0
212,2,3,3.7714276146516568e-13,5.3870242376628129e-09,5.3882918070442589e-09,4.4328036553610669e-09,1.1102230246251565e-16,0
213,3,3,2.0539125955565396e-13,3.8769970555168123e-10,3.8670036574472879e-10,3.8704593413793641e-10,7.7715611723760958e-16,0
214,1,3,5.7419347054832315e-16,2.0717286813593542e-12,2.0346852090991181e-12,2.0716345018136007e-12,1.7347234759768071e-18,0
215,0,1,1.6940658945086007e-21,8.8811144221045037e-16,0,8.8811145109226823e-16,0,0
216,0,1,0,4.0009413010004391e-12,2.2203159755367517e-16,4.0009413410145394e-12,0,0
217,0,1,1.1102230246251565e-16,4.3418879304536287e-14,6.5832557027127378e-16,4.3418879749085774e-14,0,0
218,0,1,0,0,0,0,5.4210108624275222e-20,0
219,0,1,3.1432863277015052e-23,2.2204411562727711e-15,0,2.442485296324955e-15,1.6543612251060553e-24,0
220,0,1,2.2204460492503131e-16,4.6713968015416964e-10,4.4408873298535477e-16,4.671396848255764e-10,1.1102230246251565e-16,0
221,3,3,4.6629367034256575e-15,2.5470518980605159e-12,2.4896270815755015e-12,2.5470988087700928e-12,0,0
222,1,3,1.1171619185290638e-15,1.471552780111985e-12,1.4515157158616485e-12,1.4714896725812785e-12,0,0
223,2,3,1.8169493687381078e-13,1.7201767437007048e-08,1.7205208487915162e-08,8.7146739456047643e-09,2.0816681711721685e-17,0
224,2,3,4.1555647811719609e-13,2.1465525234250251e-09,2.1479711347429902e-09,2.0949904069975929e-09,2.2204460492503131e-16,0
225,3,3,3.6304292905242619e-14,3.9485152262709393e-11,3.9314056438083641e-11,3.9462087311019892e-11,2.2204460492503131e-16,0
226,1,3,2.9629076969683865e-15,2.303428773409966e-10,2.3015153377882547e-10,2.2257706521555613e-10,1.7347234759768071e-18,0
227,0,1,8.4703294725430034e-22,2.2200997685001575e-16,0,2.2200997907048042e-16,0,0
228,0,1,2.2204460492503131e-16,4.9276743412476343e-11,1.5542629261131001e-15,4.9276743905275042e-11,1.1102230246251565e-16,0
229,0,1,0,3.159771833827886e-14,4.4101735100314989e-16,3.1597718658673189e-14,0,0
230,0,1,2.1684043449710089e-19,8.7328746864902659e-16,0,8.7328747753784836e-16,5.4210108624275222e-20,0
231,0,1,4.632211430296955e-23,1.1102179497955299e-15,0,1.1102179608977607e-15,6.6174449004242214e-24,0
232,0,1,0,1.9652878837633364e-10,6.6613201894052181e-16,1.9652866188455775e-10,1.1102230246251565e-16,0
233,3,3,4.0700776082758239e-13,1.0839544972222084e-08,1.0835002314550864e-08,9.7437695408670075e-09,1.1102230246251565e-16,0
234,1,3,5.5511151231257827e-17,1.805562583337238e-13,1.7968724361928213e-13,1.8048431873430924e-13,0,0
235,2,3,5.5511151231257827e-15,8.4661713616533895e-11,8.476670709088006e-11,8.3247011776446766e-11,0,0
236,2,3,1.5543122344752192e-13,8.6159185157768809e-10,8.6210925579213941e-10,8.3667402049483225e-10,0,0
237,3,3,1.5765166949677223e-14,4.4055541676260998e-11,4.3985845600530359e-11,4.3871700638541769e-11,0,0
238,1,3,7.9623807547335446e-16,4.0137321354071601e-12,3.9615670642846442e-12,4.0131418204025651e-12,1.7347234759768071e-18,0
239,0,1,1.2705494208814505e-21,4.4405119856329005e-16,0,6.660768045063026e-16,0,0
240,0,1,1.1102230246251565e-16,4.1000055009976653e-12,0,4.1000055419999476e-12,1.1102230246251565e-16,0
241,0,1,2.2204460492503131e-16,2.9336803674738676e-14,2.1988824214267836e-16,2.9452303202132485e-14,1.1102230246251565e-16,0
242,0,1,3.2526065174565133e-19,8.7089219286125869e-16,0,6.5316915131392128e-16,0,0
243,0,1,1.6543612251060553e-23,8.8817595493260565e-16,0,6.6613197286079271e-16,0,0
244,0,1,2.2204460492503131e-16,2.6281990952146365e-10,6.6613230307814543e-16,2.6281975798356786e-10,1.1102230246251565e-16,0
245,3,3,1.6653345369377348e-15,1.4853411395874327e-12,1.4671440768998629e-12,1.4852897096658846e-12,1.1102230246251565e-16,0
246,1,3,6.9388939039072284e-17,1.8558836779028679e-14,1.7115633259026181e-14,1.8558868014298281e-14,0,0
247,2,3,8.9511731360403246e-16,4.9063604895667713e-11,4.9079690887821006e-11,3.8515415291164722e-11,0,0
248,2,3,6.5614180755346752e-14,9.6368823926199985e-11,9.6596041141846938e-11,9.6180710665374592e-11,2.2204460492503131e-16,0
249,3,3,3.2562841312255841e-13,2.0204031450068875e-09,2.018974127392202e-09,1.9786184505379311e-09,3.3306690738754696e-16,0
250,1,3,3.5978164891758979e-15,6.337945686235808e-10,6.3356098640437926e-10,5.3351249020390858e-10,0,0
251,0,1,2.1175823681357508e-21,8.881088092219359e-16,0,6.6608161357781688e-16,0,0
252,0,1,1.1102230246251565e-16,1.4060149808693512e-11,6.6610202119764463e-16,1.4060298496602694e-11,1.1102230246251565e-16,0
253,0,1,0,8.7740513102190647e-14,6.6140024332233633e-16,8.7740513992199714e-14,1.1102230246251565e-16,0
254,0,1,5.4210108624275222e-20,0,0,2.1837526104939435e-16,0,0
255,0,1,3.6395946952333218e-23,2.6645299753971819e-15,0,2.6645300020425348e-15,0,0
256,0,1,1.1102230246251565e-16,7.1843273484962115e-11,2.2204409756839203e-16,7.1843450223415585e-11,1.1102230246251565e-16,0
257,3,3,2.19824158875781e-14,1.1696956940558786e-10,1.1670984264192535e-10,1.1652715585746189e-10,1.1102230246251565e-16,0
258,1,3,2.9629076969683865e-15,7.2069382690219312e-12,7.1538666178759508e-12,7.2042222929179675e-12,6.9388939039072284e-18,0
259,2,3,1.3586354263850353e-14,1.7071784543928173e-10,1.7095649350918703e-10,1.6842376817730035e-10,1.3877787807814457e-17,0
260,2,3,7.6605388699135801e-15,7.3307224388827367e-13,7.5815007987342222e-13,7.3307547470892608e-13,2.2204460492503131e-16,0
261,3,3,3.3306690738754696e-15,4.2868083731838097e-13,4.1146277673905897e-13,4.2841330005239362e-13,0,0
262,1,3,5.3203969008208674e-15,9.2373422547049628e-10,9.2338289546397826e-10,7.8373140392006597e-10,1.7347234759768071e-18,0
263,0,1,3.8116482626443515e-21,1.7761999794413304e-15,0,1.5541749975543581e-15,4.2351647362715017e-22,0
264,0,1,1.1102230246251565e-16,7.4038658546129523e-13,2.2203722833959618e-16,7.4038659286565304e-13,1.1102230246251565e-16,0
265,0,1,1.1102230246251565e-16,7.0693031734002587e-14,4.4142768014756085e-16,7.0693032449483297e-14,0,0
266,0,1,1.0842021724855044e-19,2.190230319548169e-16,0,2.1902303417670017e-16,0,0
267,0,1,3.9704669402545328e-23,8.8817363115921693e-16,0,1.1102170500512524e-15,0,0
268,0,1,0,1.2235971925978063e-11,0,1.2235972048338164e-11,0,0
269,3,3,1.4210854715202004e-14,1.5337926701526243e-11,1.5172539345701716e-11,1.5335266717277561e-11,0,0
270,1,3,4.7628567756419216e-14,2.4366578048593141e-09,2.4358186347558549e-09,2.0400635968771165e-09,6.9388939039072284e-18,0
271,2,3,2.7061686225238191e-16,9.1127361887174419e-14,9.5979251306242267e-14,9.1127834129305268e-14,0,0
272,2,3,4.1078251911130792e-15,1.8015647892022498e-12,1.8155251298484865e-12,1.8013327389288001e-12,1.1102230246251565e-16,0
273,3,3,2.7755575615628914e-15,4.3759143331472195e-13,4.2417615828747511e-13,4.375940363464394e-13,1.1102230246251565e-16,0
274,1,3,1.2906342661267445e-15,5.0679795105071045e-11,5.059773595752108e-11,5.0226823111430281e-11,1.7347234759768071e-18,0
275,0,1,2.541098841762901e-21,1.1101360221219702e-15,0,1.1101360332242456e-15,4.2351647362715017e-22,0
276,0,1,0,2.66062885197332e-11,6.6611729493166735e-16,2.6606150127615864e-11,0,0
277,0,1,1.1102230246251565e-16,1.1813455759032428e-13,8.8249573274082989e-16,1.18134558786933e-13,0,0
278,0,1,3.2526065174565133e-19,8.7599084220758485e-16,0,1.0949885638687762e-15,0,0
279,0,1,4.632211430296955e-23,6.6612895396379968e-16,0,6.6612896062513847e-16,6.6174449004242214e-24,0
280,0,1,1.1102230246251565e-16,5.744905905307636e-11,2.2204403535738869e-16,5.7449059627569897e-11,1.1102230246251565e-16,0
281,3,3,9.8809849191638932e-14,3.4431645401950478e-09,3.4419989333760809e-09,2.9223246587420675e-09,0,0
282,1,3,2.7824964554667986e-15,1.2427186750999805e-11,1.237734560459671e-11,1.2411005600037757e-11,0,0
283,2,3,2.0386470289679437e-14,1.3403877392465671e-09,1.3407371692622747e-09,9.1259008611598536e-10,6.9388939039072284e-18,0
284,2,3,1.3877787807814457e-14,5.7336791185074717e-12,5.7786863122990498e-12,5.7326741739255377e-12,0,0
285,3,3,3.3595348725157237e-13,6.8899829654866445e-09,6.8883302450754179e-09,5.6672768410342896e-09,2.2204460492503131e-16,0
286,1,3,4.9162063309182713e-15,1.4638369867084854e-09,1.463499062846583e-09,9.3765215545739257e-10,1.7347234759768071e-18,0
287,0,1,1.6940658945086007e-21,8.8810658966305657e-16,0,6.6607994890865835e-16,0,0
288,0,1,1.1102230246251565e-16,2.4775930402902033e-12,2.2202930483648139e-16,2.4775930650695484e-12,1.1102230246251565e-16,0
289,0,1,0,1.1467930500804604e-14,0,1.1467930618010218e-14,0,0
290,0,1,2.1684043449710089e-19,6.5639481591390505e-16,0,4.3759654838676069e-16,5.4210108624275222e-20,0
291,0,1,2.6469779601696886e-23,8.8817292519683289e-16,0,8.8817293407861792e-16,6.6174449004242214e-24,0
292,0,1,1.1102230246251565e-16,1.185985080792917e-10,4.4408766162573367e-16,1.1859850926528504e-10,0,0
293,3,3,2.19824158875781e-14,3.8096345617483212e-11,3.7832721604890138e-11,3.8081461718509491e-11,0,0
294,1,3,1.6237011735142914e-15,3.505158507381628e-12,3.4774604651899791e-12,3.5038728462909497e-12,6.9388939039072284e-18,0
295,2,3,6.9388939039072284e-18,3.8210111375334599e-15,3.8902201444241965e-15,3.6845489431430716e-15,6.9388939039072284e-18,0
296,2,3,3.730349362740526e-13,4.5556951149200941e-09,4.5571035200427672e-09,4.0358220481441095e-09,1.1102230246251565e-16,0
297,3,3,4.1078251911130792e-15,3.2825201963530161e-13,3.0958012142817419e-13,3.2841894492461336e-13,0,0
298,1,3,3.866698627952303e-15,2.2842816005312826e-10,2.2817415166762853e-10,2.2411497499983513e-10,0,0
299,0,1,8.4703294725430034e-22,4.440682228157338e-16,0,2.2203411362831809e-16,2.1175823681357508e-22,0
300,0,1,0,1.9801226956041053e-11,4.4407848459799006e-16,1.9801371943269843e-11,0,0
301,0,1,0,5.5071811181617983e-14,4.4107430729597306e-16,5.5248891520404656e-14,1.1102230246251565e-16,0
302,0,1,1.6263032587282567e-19,4.3747535692467724e-16,2.2030484942943492e-16,4.3747536136879881e-16,0,0
303,0,1,1.9852334701272664e-23,1.1102201529161039e-15,0,1.3322641968220018e-15,3.3087224502121107e-24,0
304,0,1,2.2204460492503131e-16,7.7659733560357687e-11,2.2204375528729226e-16,7.7659734336960961e-11,1.1102230246251565e-16,0
305,3,3,2.3980817331903381e-14,4.6133748620110414e-11,4.585684158390078e-11,4.6109784413007106e-11,2.2204460492503131e-16,0
306,1,3,1.7347234759768071e-15,3.491877402609237e-12,3.4593072660979838e-12,3.4910832390545264e-12,0,0
307,2,3,6.9388939039072284e-18,1.3075953223564777e-13,1.3113773746551475e-13,1.2847020566403637e-13,6.9388939039072284e-18,0
308,2,3,7.7715611723760958e-16,2.9388164510961517e-13,2.9657395425211005e-13,2.9403521725811943e-13,0,0
309,3,3,1.9539925233402755e-14,5.4353974492607762e-12,5.3452109257137964e-12,5.4355041847865721e-12,1.1102230246251565e-16,0
310,1,3,4.5120157610156753e-15,6.6569177182810899e-10,6.654047674317884e-10,5.8593793340231217e-10,1.7347234759768071e-18,0
311,0,1,1.0587911840678754e-21,6.6610051184231643e-16,2.2203877914168919e-16,8.8813402467156137e-16,2.1175823681357508e-22,0
312,0,1,0,6.575359574633398e-12,2.2203707916505753e-16,6.5753596403914512e-12,0,0
313,0,1,0,1.6755447967429525e-14,0,1.6755448137632485e-14,0,0
314,0,1,1.6263032587282567e-19,6.5515044805635571e-16,0,2.183834849077296e-16,0,0
315,0,1,3.9704669402545328e-23,1.5543052556906407e-15,0,1.5543052712337641e-15,0,0
316,0,1,1.1102230246251565e-16,3.2731142779254088e-10,4.4408860288566536e-16,3.2731143106566411e-10,0,0
317,3,3,3.4416913763379853e-15,1.2408860157641714e-11,1.2368524216911512e-11,1.2386949294042149e-11,1.1102230246251565e-16,0
318,1,3,5.8841820305133297e-15,6.7707474547582224e-11,6.7606445401433371e-11,6.7071362799622695e-11,6.9388939039072284e-18,0
319,2,3,4.5928538749961945e-14,1.5231088077804242e-09,1.5239361699035759e-09,1.3940288959237835e-09,0,0
320,2,3,9.9920072216264089e-15,2.2541299493934377e-12,2.290285330680688e-12,2.2540195661095014e-12,0,0
321,3,3,8.6708418223224726e-14,1.6927611900499679e-10,1.6887704562232898e-10,1.6894653636764436e-10,5.5511151231257827e-16,0
322,1,3,2.2551405187698492e-17,7.4855853874616325e-14,7.3213275900157916e-14,7.4857458092136479e-14,1.7347234759768071e-18,0
323,0,1,1.6940658945086007e-21,8.8812561805407795e-16,0,8.8812562693588813e-16,2.1175823681357508e-22,0
324,0,1,2.2204460492503131e-16,2.6258667475110954e-11,1.7762453336674227e-15,2.6258667737730598e-11,1.1102230246251565e-16,0
325,0,1,1.1102230246251565e-16,2.5279853731973487e-14,2.2030840097597969e-16,2.5444008884803214e-14,1.1102230246251565e-16,0
326,0,1,2.7105054312137611e-19,6.5607734084313019e-16,0,6.5607734750950251e-16,5.4210108624275222e-20,0
327,0,1,4.632211430296955e-23,6.6612971786204829e-16,0,8.8817296603118256e-16,6.6174449004242214e-24,0
328,0,1,1.1102230246251565e-16,3.0239565337580408e-10,4.4408843952987659e-16,3.023957695492276e-10,0,0
329,3,3,7.5073280925153085e-13,6.6296697031952386e-08,6.6288071273803914e-08,1.8995847313070565e-08,1.1102230246251565e-16,0
330,1,3,4.3715031594615539e-16,4.4230778936018101e-13,4.3448969025819e-13,4.4213598983804562e-13,6.9388939039072284e-18,0
331,2,3,2.1295465391091284e-14,2.9582760188793528e-10,2.9622972722637697e-10,2.9169446038884703e-10,0,0
332,2,3,1.1102230246251565e-16,4.6410195801002405e-16,1.9951929310443806e-16,4.6410342952274917e-16,2.2204460492503131e-16,0
333,3,3,1.2656542480726785e-14,3.3281827865256281e-12,3.272865065636483e-12,3.3280889805542424e-12,3.3306690738754696e-16,0
334,1,3,1.0130785099704553e-15,1.9376394444744201e-11,1.930613199547104e-11,1.9341895447380201e-11,0,0
335,0,1,2.1175823681357508e-21,8.8809282914045073e-16,0,8.8809283802227954e-16,4.2351647362715017e-22,0
336,0,1,0,1.2197163020157565e-11,8.8810789499147679e-16,1.2196985589406894e-11,1.1102230246251565e-16,0
337,0,1,0,4.165382878061261e-14,2.2064818885974014e-16,4.1842308067609282e-14,0,0
338,0,1,1.0842021724855044e-19,0,2.2003490577408525e-16,2.1823293809854011e-16,0,0
339,0,1,9.9261673506363321e-24,2.2204388007993973e-16,0,6.6613164690115748e-16,3.3087224502121107e-24,0
340,0,1,1.1102230246251565e-16,2.17682797792111e-10,6.6613177424920382e-16,2.1768267612553191e-10,0,0
341,3,3,3.3306690738754696e-16,2.2026379283197083e-14,1.9296938941432946e-14,2.2194533818408469e-14,1.1102230246251565e-16,0
342,1,3,6.2151672697297045e-14,3.3785001568667843e-09,3.3773567242516673e-09,2.8088330333325115e-09,0,0
343,2,3,7.1539996149283525e-15,2.8247177717053015e-10,2.8259981287453262e-10,2.4909793174483041e-10,6.9388939039072284e-18,0
344,2,3,7.8825834748386114e-15,1.2739190451818643e-11,1.2768543768544961e-11,1.271194559744778e-11,1.1102230246251565e-16,0
345,3,3,9.9809049913801573e-14,5.176136194245647e-10,5.1713286318942406e-10,5.1100837956686569e-10,1.1102230246251565e-16,0
346,1,3,7.2858385991025898e-17,1.7821055685416691e-13,1.7364014505825156e-13,1.7808521960533022e-13,0,0
347,0,1,1.2705494208814505e-21,6.6606510140550577e-16,0,6.6606510806688007e-16,0,0
348,0,1,1.1102230246251565e-16,2.8422017436642916e-12,0,2.8420093283364568e-12,1.1102230246251565e-16,0
349,0,1,1.1102230246251565e-16,1.0225272150560226e-14,0,1.0365344477257249e-14,1.1102230246251565e-16,0
350,0,1,1.6263032587282567e-19,6.5794732729097006e-16,0,6.5794733395617605e-16,0,0
351,0,1,1.6543612251060553e-23,4.4408746081999946e-16,0,4.4408746526089178e-16,3.3087224502121107e-24,0
352,0,1,0,2.9501984122447704e-11,0,2.9501984417468436e-11,0,0
353,3,3,6.5503158452884236e-15,5.1435222854411515e-11,5.135713722955966e-11,5.1018401799099501e-11,1.1102230246251565e-16,0
354,1,3,1.672273430841642e-15,2.6565563133391449e-12,2.6256333871430699e-12,2.6561478575243096e-12,6.9388939039072284e-18,0
355,2,3,6.9388939039072284e-16,6.1207073646574732e-13,6.2413301151002839e-13,6.1191708191473708e-13,6.9388939039072284e-18,0
356,2,3,1.7708057242771247e-13,3.6507699737180149e-10,3.6571140136416326e-10,3.6371250216315697e-10,2.2204460492503131e-16,0
357,3,3,3.9546144137148076e-13,6.5491204633956796e-09,6.5473582393757839e-09,5.66180933839582e-09,0,0
358,1,3,2.5500435096859064e-16,1.9458671839089198e-11,1.9441668234492232e-11,1.8861841006312732e-11,1.7347234759768071e-18,0
359,0,1,4.2351647362715017e-22,2.2202731623222841e-16,0,4.440546369053667e-16,0,0
360,0,1,1.1102230246251565e-16,3.337282751882508e-12,2.220318103324336e-16,3.3374074223515504e-12,1.1102230246251565e-16,0
361,0,1,2.2204460492503131e-16,7.3380842245865792e-14,4.4027465707575894e-16,7.3380842992444775e-14,1.1102230246251565e-16,0
362,0,1,2.1684043449710089e-19,4.3730925910775718e-16,0,4.373092635520556e-16,5.4210108624275222e-20,0
363,0,1,6.6174449004242214e-24,2.2204396801336938e-16,0,2.2204397023381552e-16,3.3087224502121107e-24,0
364,0,1,1.1102230246251565e-16,4.2650440417402532e-10,6.6613288921702085e-16,4.2650440843908126e-10,0,0
365,3,3,1.2545520178264269e-14,1.8204155236212139e-11,1.8063647820582188e-11,1.8198513964603356e-11,1.1102230246251565e-16,0
366,1,3,1.8825219161300311e-14,1.9366979261645631e-09,1.93637986524071e-09,8.4863966524745887e-10,0,0
367,2,3,2.3175905639050143e-15,6.5432466678018906e-12,6.5849296802075597e-12,6.5389257365625611e-12,2.0816681711721685e-17,0
368,2,3,1.1102230246251565e-15,6.9539730696306895e-14,7.3593794398108959e-14,6.9688137747371421e-14,1.1102230246251565e-16,0
369,3,3,3.7747582837255322e-15,4.0755785900573778e-13,3.8879163942771699e-13,4.0738798471359883e-13,0,0
370,1,3,6.4601102245376296e-15,4.3895370560832003e-10,4.3850636757239404e-10,4.291680146197254e-10,0,0
371,0,1,2.9646153153900512e-21,8.8807181189316699e-16,0,8.8807182077500803e-16,0,0
372,0,1,2.2204460492503131e-16,4.4735030334364833e-11,1.9983115549961397e-15,4.47348747305926e-11,1.1102230246251565e-16,0
373,0,1,1.1102230246251565e-16,3.8444236271114585e-14,4.4077516423323969e-16,3.8287959276557394e-14,0,0
374,0,1,1.0842021724855044e-19,2.185245414516007e-16,0,4.3704908734735116e-16,0,0
375,0,1,1.9852334701272664e-23,8.8817513874213521e-16,0,1.1102189345299e-15,3.3087224502121107e-24,0
376,0,1,0,1.0431018228466361e-10,2.2204383053285462e-16,1.043101833277727e-10,1.1102230246251565e-16,0
377,3,3,1.354472090042691e-14,4.1935708804164884e-11,4.1771949573706412e-11,4.1884340928441801e-11,1.1102230246251565e-16,0
378,1,3,1.700029006457271e-15,1.7542695258763408e-11,1.7511483781758729e-11,1.7428274040652147e-11,6.9388939039072284e-18,0
379,2,3,4.163336342344337e-17,8.7289632486015326e-15,9.2900407147819041e-15,8.7289879631795451e-15,6.9388939039072284e-18,0
380,2,3,6.9499961341534799e-14,1.1470727834673267e-10,1.1494157560708172e-10,1.144148803515034e-10,0,0
381,3,3,1.4099832412739488e-14,6.6434937394334225e-12,6.5739256004829183e-12,6.6430043191313934e-12,0,0
382,1,3,4.5796699765787707e-16,4.5839520119086806e-12,4.5525106053316798e-12,4.5817959491933065e-12,1.7347234759768071e-18,0
383,0,1,8.4703294725430034e-22,4.440371674311409e-16,0,2.2201858593603049e-16,0,0
384,0,1,0,6.9933353401488867e-12,4.4405752887340345e-16,6.9933354100922185e-12,0,0
385,0,1,0,8.1740778765202455e-15,2.2013949869700006e-16,8.0463579915618993e-15,0,0
386,0,1,5.4210108624275222e-20,4.3868859130513964e-16,0,4.3868859574848783e-16,5.4210108624275222e-20,0
387,0,1,7.9409338805090657e-23,1.3322551800001268e-15,0,1.5542977255432724e-15,1.3234889800848443e-23,0
388,0,1,0,1.9218280104245666e-10,2.2204435120639636e-16,1.9218296715994283e-10,0,0
389,3,3,2.9087843245179101e-14,5.8615369646656332e-10,5.8580848745620203e-10,5.5522718821771503e-10,0,0
390,1,3,1.762479051592436e-15,3.4459144642717481e-12,3.4151491062717068e-12,3.4452079651747851e-12,6.9388939039072284e-18,0
391,2,3,2.4286128663675299e-16,2.8129262923159541e-13,2.8568217123186666e-13,2.811644087530344e-13,1.3877787807814457e-17,0
392,2,3,2.3869795029440866e-14,2.7687426777099351e-11,2.777679891147632e-11,2.7656914928422631e-11,1.1102230246251565e-16,0
393,3,3,4.7739590058881731e-15,1.9578440521470894e-12,1.9372719804260708e-12,1.9577876784705794e-12,0,0
394,1,3,1.2082349010178461e-14,2.0003024243493469e-09,1.9994838392072772e-09,1.7356616072258737e-09,0,0
395,0,1,6.3527471044072525e-22,6.6608945639792684e-16,2.2203683726922104e-16,6.6608946305928753e-16,2.1175823681357508e-22,0
396,0,1,2.2204460492503131e-16,2.5026752596085322e-11,1.1101746346071343e-15,2.5026752846374665e-11,1.1102230246251565e-16,0
397,0,1,0,4.9382648723739153e-14,4.4054510923315938e-16,4.9220206300459062e-14,1.1102230246251565e-16,0
398,0,1,5.4210108624275222e-20,0,0,0,5.4210108624275222e-20,0
399,0,1,4.632211430296955e-23,1.332261468864278e-15,0,1.1102179018224629e-15,6.6174449004242214e-24,0
400,0,1,1.1102230246251565e-16,1.0075978501837351e-10,2.22044260158614e-16,1.0075964817448936e-10,1.1102230246251565e-16,0
401,3,3,1.7053025658242404e-13,3.0559650552109672e-09,3.0539962520674441e-09,2.9214273456798018e-09,1.1102230246251565e-16,0
402,1,3,5.3498871999124731e-15,5.7109125300557235e-11,5.7013132627651159e-11,5.6686955483136699e-11,0,0
403,2,3,2.8824165276830627e-14,9.0475163198955014e-10,9.0528627360919748e-10,8.3909238673270414e-10,1.3877787807814457e-17,0
404,2,3,3.8857805861880479e-15,4.0655155440120297e-13,4.1931682740859662e-13,4.0668517952696703e-13,2.2204460492503131e-16,0
405,3,3,4.5519144009631418e-15,1.0978420556389359e-12,1.0763384665945026e-12,1.0978577530693539e-12,0,0
406,1,3,6.8001160258290838e-16,3.1377417045726905e-12,3.0912252216675737e-12,3.1374832339635576e-12,1.7347234759768071e-18,0
407,0,1,1.2705494208814505e-21,6.6608680654316835e-16,0,8.8811575093937399e-16,0,0
408,0,1,0,1.5403296546599003e-11,6.6610494772077063e-16,1.540329670064532e-11,0,0
409,0,1,1.1102230246251565e-16,5.7128174999540655e-14,2.2086067144828335e-16,5.7128175576963588e-14,0,0
410,0,1,1.6263032587282567e-19,2.1844846206195171e-16,0,4.3689692856812863e-16,0,0
411,0,1,3.3087224502121107e-23,8.8817451158626968e-16,0,1.110218150585068e-15,0,0
412,0,1,0,1.1734099437070805e-10,4.4408762498932249e-16,1.1734099554412635e-10,1.1102230246251565e-16,0
413,3,3,2.4424906541753444e-15,4.5228846952838924e-12,4.494448000625356e-12,4.5207074037378561e-12,1.1102230246251565e-16,0
414,1,3,3.4694469519536142e-17,4.9903157702286715e-14,4.9076810718738748e-14,4.9909489324068751e-14,0,0
415,2,3,3.2890357104520263e-15,2.4547713462964665e-11,2.4608761234259493e-11,2.4445447401043979e-11,1.3877787807814457e-17,0
416,2,3,1.3322676295501878e-15,6.1388832739686421e-14,6.6118298664154975e-14,6.1252171123157266e-14,1.1102230246251565e-16,0
417,3,3,7.5051076464660582e-14,9.82247409607482e-11,9.7877666506143958e-11,9.8139834723110749e-11,1.1102230246251565e-16,0
418,1,3,2.7061686225238191e-16,4.629956619369005e-13,4.4467866367080339e-13,4.6319570234773056e-13,0,0
419,0,1,8.4703294725430034e-22,4.4403617829052497e-16,0,4.4403618273144549e-16,0,0
420,0,1,0,2.8975791731801793e-11,1.1101806071541134e-15,2.8975792021581853e-11,1.1102230246251565e-16,0
421,0,1,0,1.2696994590121638e-14,2.2059372357577126e-16,1.3054656541831146e-14,0,0
422,0,1,3.2526065174565133e-19,6.5436233118687291e-16,0,8.7248311713848138e-16,0,0
423,0,1,1.3234889800848443e-23,4.4408531003505948e-16,0,4.440853144759521e-16,1.3234889800848443e-23,0
424,0,1,1.1102230246251565e-16,1.9129036242167864e-10,4.4408776943060842e-16,1.9129036433459466e-10,0,0
425,3,3,2.4336088699783431e-13,7.4354624728180372e-09,7.4326384093220277e-09,6.5261500802712369e-09,0,0
426,1,3,1.3877787807814457e-16,9.1512476408851816e-14,8.9121189111071714e-14,9.1513861691564239e-14,0,0
427,2,3,7.4246164771807344e-16,1.5856612174012338e-12,1.5990483960740035e-12,1.5849083564447663e-12,6.9388939039072284e-18,0
428,2,3,2.6223467841646197e-13,1.8487537605870704e-09,1.8496566528402782e-09,1.7660221736671069e-09,1.1102230246251565e-16,0
429,3,3,7.1054273576010019e-15,2.1634256173117558e-12,2.1297475077207197e-12,2.1633448781328548e-12,3.3306690738754696e-16,0
430,1,3,1.6792123247455493e-15,3.2237645183453907e-11,3.2130955048328407e-11,3.2169271089692069e-11,1.7347234759768071e-18,0
431,0,1,1.2705494208814505e-21,6.6607991583432531e-16,2.2203516057857515e-16,8.8810656332758794e-16,0,0
432,0,1,0,7.1938656142091496e-12,2.2203521435779635e-16,7.1937040153516763e-12,0,0
433,0,1,1.1102230246251565e-16,1.7685292719276081e-15,0,1.6077538998991599e-15,1.1102230246251565e-16,0
434,0,1,3.2526065174565133e-19,1.313891971015191e-15,0,1.5328739817375597e-15,5.4210108624275222e-20,0
435,0,1,2.6469779601696886e-23,1.9983974790126711e-15,0,2.2204416655518736e-15,1.6543612251060553e-24,0
436,0,1,0,2.231038971425141e-10,2.2204427382496617e-16,2.2310389937355975e-10,1.1102230246251565e-16,0
437,3,3,1.2212453270876722e-15,2.1292428478597681e-13,1.9697339860226049e-13,2.128026360785354e-13,0,0
438,1,3,7.2164496600635175e-16,7.8128913374446694e-13,7.6856786876051708e-13,7.8113922862770074e-13,0,0
439,2,3,8.1323836553792717e-14,6.0641620355188105e-09,6.0657046978563057e-09,4.0371430962870941e-09,1.3877787807814457e-17,0
440,2,3,8.992806499463768e-15,7.784340691244842e-12,7.8162693522816067e-12,7.7791329680118092e-12,1.1102230246251565e-16,0
441,3,3,5.4856119646728985e-13,2.0250402370377192e-08,2.0248041035730702e-08,9.1471712011132237e-09,3.3306690738754696e-16,0
442,1,3,7.8236028766554e-16,1.5347618973830871e-11,1.5293973426968262e-11,1.5318063668076129e-11,1.7347234759768071e-18,0
443,0,1,2.1175823681357508e-21,8.8809571739425532e-16,0,8.8809572627608197e-16,0,0
444,0,1,2.2204460492503131e-16,2.6448171321267725e-11,1.7762406182114408e-15,2.6448171585784049e-11,1.1102230246251565e-16,0
445,0,1,1.1102230246251565e-16,6.5969864680359557e-14,6.6078313687587414e-16,6.5969865350785241e-14,0,0
446,0,1,5.4210108624275222e-20,4.3700175755473376e-16,0,2.185008809994588e-16,5.4210108624275222e-20,0
447,0,1,4.3013391852757439e-23,1.3322623346726675e-15,0,1.3322623479953447e-15,3.3087224502121107e-24,0
448,0,1,1.1102230246251565e-16,1.615822196833013e-10,2.2204422214712606e-16,1.6158243383823979e-10,1.1102230246251565e-16,0
449,3,3,4.0367709175370692e-13,1.5599446485186801e-08,1.5594906251836989e-08,1.2492790057886648e-08,0,0
450,1,3,5.7592819402429996e-16,7.3575741153520076e-13,7.2579832524109098e-13,7.3565747118292091e-13,6.9388939039072284e-18,0
451,2,3,7.30526750203353e-14,5.2084343004393004e-09,5.209730601585401e-09,3.4045953907186106e-09,6.9388939039072284e-18,0
452,2,3,1.4210854715202004e-13,3.7613074232976033e-09,3.7617768233581048e-09,1.8479953595237161e-09,1.1102230246251565e-16,0
453,3,3,6.8434147237894649e-13,7.7422889676690256e-09,7.738982796276349e-09,7.2825532997527868e-09,1.1102230246251565e-16,0
454,1,3,5.377642775528102e-17,2.1121740667830884e-13,2.0759712810200126e-13,2.1122461666517328e-13,1.7347234759768071e-18,0
455,0,1,2.541098841762901e-21,6.6605118532058561e-16,0,6.6605119198196819e-16,0,0
456,0,1,2.2204460492503131e-16,3.4016879583086733e-11,8.8815757211753909e-16,3.4017027118770947e-11,1.1102230246251565e-16,0
457,0,1,1.1102230246251565e-16,2.2046161370039061e-14,2.1963133979888887e-16,2.1830022756201751e-14,1.1102230246251565e-16,0
458,0,1,1.6263032587282567e-19,6.5704411243243956e-16,0,6.5704411909825721e-16,5.4210108624275222e-20,0
459,0,1,1.9852334701272664e-23,6.6613049076050229e-16,0,4.4408699828122733e-16,0,0
460,0,1,1.1102230246251565e-16,1.7048334939353877e-11,2.2204388906271816e-16,1.7048335109838328e-11,1.1102230246251565e-16,0
461,3,3,3.0531133177191805e-14,2.2012994290772738e-10,2.1976067569744794e-10,2.1866532777121575e-10,0,0
462,1,3,1.7208456881689926e-15,3.0884772841465317e-12,3.0558712755578654e-12,3.0879750711728755e-12,6.9388939039072284e-18,0
463,2,3,2.4980018054066022e-16,7.8167247551037436e-14,8.2351882706449805e-14,7.8167615624190385e-14,0,0
464,2,3,8.9261931179862586e-14,4.9258512074645422e-10,4.9289329222561755e-10,4.7904600720944409e-10,3.3306690738754696e-16,0
465,3,3,2.6278978992877455e-13,3.4535673760116775e-09,3.452277289700856e-09,3.1856128540316425e-09,1.1102230246251565e-16,0
466,1,3,5.2041704279304213e-17,7.3132737752579759e-14,6.9490796591106866e-14,7.2890933570578456e-14,0,0
467,0,1,1.6940658945086007e-21,8.880912433192831e-16,0,8.880912522011129e-16,4.2351647362715017e-22,0
468,0,1,0,4.5224923530788149e-13,0,4.5224923983077275e-13,0,0
469,0,1,0,3.0120369438325758e-14,2.2016243772940296e-16,3.0120369744701442e-14,0,0
470,0,1,5.4210108624275222e-20,2.1918789288622586e-16,0,4.3837579021598302e-16,0,0
471,0,1,6.6174449004242214e-24,2.2204329077546092e-16,0,0,0,0
472,0,1,2.2204460492503131e-16,3.4986766002783015e-10,6.6613239533656977e-16,3.4986766352652166e-10,1.1102230246251565e-16,0
473,3,3,1.4876988529977098e-14,1.7544065191561075e-10,1.7527281998707409e-10,1.7188475356164308e-10,0,0
474,1,3,4.9960036108132044e-16,7.5128407782066563e-13,7.4280116588392812e-13,7.5122639596123256e-13,6.9388939039072284e-18,0
475,2,3,2.4494295480792516e-15,3.6705761070394016e-12,3.7170713034677047e-12,3.6699741423635558e-12,1.3877787807814457e-17,0
476,2,3,1.1590728377086634e-13,5.5897929178105056e-10,5.5941177395075219e-10,5.4843670392470173e-10,1.1102230246251565e-16,0
477,3,3,2.1094237467877974e-15,2.3065461835553856e-12,2.2971104692812573e-12,2.3049396982788697e-12,1.1102230246251565e-16,0
478,1,3,2.2828960943854781e-15,8.4943479884460587e-11,8.4792851640104395e-11,8.4314264514721521e-11,1.7347234759768071e-18,0
479,0,1,1.2705494208814505e-21,8.8811009765291066e-16,0,8.8811010653472931e-16,0,0
480,0,1,0,4.4204948676310064e-12,4.4405798056135996e-16,4.4204949118421728e-12,0,0
481,0,1,1.1102230246251565e-16,4.5637534959401044e-14,4.4019157821013133e-16,4.5513520381981272e-14,0,0
482,0,1,0,0,0,0,0,0
483,0,1,4.632211430296955e-23,1.1102175786065204e-15,0,1.1102175897087515e-15,6.6174449004242214e-24,0
484,0,1,1.1102230246251565e-16,6.7306434776515821e-11,2.2204385707652929e-16,6.7306214664164171e-11,1.1102230246251565e-16,0
485,3,3,3.3528735343679728e-14,1.1784409875252289e-10,1.1744999669753821e-10,1.1764762330303848e-10,2.2204460492503131e-16,0
486,1,3,8.6736173798840355e-16,1.3026441588676005e-12,1.2869778979919016e-12,1.3024793529159398e-12,6.9388939039072284e-18,0
487,2,3,1.3877787807814457e-17,1.4488537984659361e-14,1.4461227376370753e-14,1.4632721340303168e-14,6.9388939039072284e-18,0
488,2,3,6.5836225360271783e-14,5.5340337012004561e-10,5.5364992176246091e-10,5.2202590391068188e-10,0,0
489,3,3,1.2878587085651816e-13,6.3122238391748754e-10,6.3065120049399305e-10,6.2317524653495266e-10,2.2204460492503131e-16,0
490,1,3,3.6012859361278515e-15,7.8963650160085577e-10,7.8939801183173926e-10,6.0829044110683794e-10,0,0
491,0,1,1.0587911840678754e-21,6.6608426071808301e-16,0,6.6608426737944607e-16,0,0
492,0,1,2.2204460492503131e-16,1.2844949952216911e-11,8.8812593106395193e-16,1.2844950080681595e-11,1.1102230246251565e-16,0
493,0,1,0,2.7448620512320633e-14,2.2044097886785457e-16,2.7448620790814934e-14,0,0
494,0,1,5.4210108624275222e-20,2.1843458218218039e-16,0,2.1843458440438797e-16,0,0
495,0,1,1.0587911840678754e-22,1.3322546407027956e-15,0,1.554297096363053e-15,0,0
496,0,1,1.1102230246251565e-16,5.0459556728416009e-10,6.6613293683129326e-16,5.0459557233012902e-10,0,0
497,3,3,1.1102230246251565e-16,2.076225655023817e-14,2.055844768921308e-14,2.0762457440711111e-14,1.1102230246251565e-16,0
498,1,3,1.2628786905111156e-15,9.2423697590697605e-12,9.2182893005164736e-12,9.2133195652338864e-12,6.9388939039072284e-18,0
499,2,3,5.0653925498522767e-16,2.3854281933983867e-13,2.4776516608264833e-13,2.3870753905554565e-13,1.3877787807814457e-17,0
500,2,3,1.0880185641326534e-14,1.9994653542602365e-12,2.0359346375745679e-12,1.9993817924766555e-12,0,0
501,3,3,1.5187850976872141e-13,3.3655119648783807e-09,3.3647625665686496e-09,2.6792387236670526e-09,1.1102230246251565e-16,0
502,1,3,7.8756445809347042e-16,1.0049826070245289e-11,9.9967883226936921e-12,1.0041082527430621e-11,1.7347234759768071e-18,0
503,0,1,8.4703294725430034e-22,4.4406018362641619e-16,0,4.4406018806732305e-16,0,0
504,0,1,1.1102230246251565e-16,1.7477938155772646e-11,6.6610262285302081e-16,1.7477938330568398e-11,0,0
505,0,1,2.2204460492503131e-16,5.4794766509281071e-14,4.401266986387831e-16,5.4794767067139623e-14,1.1102230246251565e-16,0
506,0,1,5.4210108624275222e-20,2.185995680423893e-16,0,2.185995702644186e-16,0,0
507,0,1,9.9261673506363321e-23,1.7763423006787083e-15,0,1.7763423184422787e-15,6.6174449004242214e-24,0
508,0,1,1.1102230246251565e-16,5.1877065287224774e-10,6.6613301516797658e-16,5.1877065805996668e-10,0,0
509,3,3,2.1871393585115584e-14,4.3769624868541633e-10,4.3744810021992979e-10,4.1297406626919433e-10,2.2204460492503131e-16,0
510,1,3,2.7061686225238191e-16,6.0897220469317466e-14,5.5343373069679502e-14,6.0897296884120737e-14,0,0
511,2,3,3.4694469519536142e-17,5.3305017913916688e-15,5.8254739677993026e-15,5.1902286908122461e-15,0,0
512,2,3,2.1516122217235534e-13,6.9790477160192593e-10,6.9865543443478715e-10,6.9138992430014472e-10,0,0
513,3,3,1.5543122344752192e-15,1.5188932304365637e-13,1.4453368469284806e-13,1.5200185658622816e-13,0,0
514,1,3,6.1808197449053637e-15,3.1769590193953162e-10,3.1728173596255895e-10,3.1334824610518361e-10,0,0
515,0,1,1.0587911840678754e-21,6.6608768150094037e-16,0,8.8811691754973619e-16,2.1175823681357508e-22,0
516,0,1,0,6.3062943947041163e-11,1.5542715764929435e-15,6.3062944577703592e-11,1.1102230246251565e-16,0
517,0,1,1.1102230246251565e-16,1.8701955188796348e-14,0,1.8523841517805303e-14,1.1102230246251565e-16,0
518,0,1,1.6263032587282567e-19,6.5807521167297845e-16,0,6.5807521833812055e-16,0,0
519,0,1,1.6543612251060553e-23,6.6613179972918268e-16,0,6.6613180639052108e-16,0,0
520,0,1,0,8.6441245414813321e-11,4.4408792403094444e-16,8.6441246279230787e-11,0,0
521,3,3,1.2545520178264269e-14,2.2380999719512115e-11,2.2227151138524147e-11,2.2372060588004618e-11,1.1102230246251565e-16,0
522,1,3,1.9344942314702962e-13,2.5804737877297329e-08,2.5801087974558461e-08,8.0120518320849653e-09,6.9388939039072284e-18,0
523,2,3,1.85268467234323e-15,1.89733067418628e-12,1.9313553099742909e-12,1.8970897444882401e-12,1.3877787807814457e-17,0
524,2,3,6.6391336872584361e-14,2.361746053896636e-10,2.3639623222642004e-10,2.3330852264484649e-10,1.1102230246251565e-16,0
525,3,3,7.8825834748386114e-15,3.4699098806525917e-12,3.4337609851488391e-12,3.469542498520249e-12,0,0
526,1,3,1.2233269952588444e-14,4.038572135277434e-09,4.0377226968182047e-09,2.3414871155556962e-09,0,0
527,0,1,4.2351647362715017e-22,4.4406557024841974e-16,0,2.220327873446618e-16,0,0
528,0,1,1.1102230246251565e-16,9.8520154312322336e-12,4.4406705155595908e-16,9.8521590363684344e-12,1.1102230246251565e-16,0
529,0,1,0,1.3314277507527205e-14,2.2043666122614147e-16,1.3314277642619446e-14,0,0
530,0,1,2.7105054312137611e-19,6.5462019794946873e-16,0,8.728269394884298e-16,5.4210108624275222e-20,0
531,0,1,0,2.2204340415262502e-16,0,2.2204340637307123e-16,6.6174449004242214e-24,0
532,0,1,1.1102230246251565e-16,5.9935112647350317e-11,2.2204409633839685e-16,5.99349506517185e-11,1.1102230246251565e-16,0
533,3,3,3.1763480734525729e-13,9.0533149662962013e-09,9.0496055202269846e-09,8.099394640180646e-09,2.2204460492503131e-16,0
534,1,3,5.5511151231257827e-17,1.0284940283449126e-14,9.3205130325666827e-15,1.0427798133997474e-14,6.9388939039072284e-18,0
535,2,3,9.8816788085542839e-14,5.9738649386177353e-09,5.9756676893869477e-09,4.4711091185162709e-09,0,0
536,2,3,1.0413891970983968e-13,3.3648673706351653e-10,3.3686498769537422e-10,3.3347799431780862e-10,0,0
537,3,3,6.8045569179275844e-13,1.2954757551766474e-08,1.2951499711113976e-08,1.0862413905705633e-08,1.1102230246251565e-16,0
538,1,3,9.0205620750793969e-17,2.9329126052703013e-13,2.8741962713465093e-13,2.9329969321033518e-13,0,0
539,0,1,2.1175823681357508e-21,6.6605303135843494e-16,0,6.6605303801981564e-16,0,0
540,0,1,0,2.6741837172990417e-11,6.661184832373501e-16,2.6741837440421099e-11,0,0
541,0,1,2.2204460492503131e-16,4.7582744222052451e-14,4.4026404999006325e-16,4.7582744706184113e-14,1.1102230246251565e-16,0
542,0,1,5.4210108624275222e-20,0,0,0,0,0
543,0,1,4.632211430296955e-23,1.3322619983833003e-15,0,1.1102183430883147e-15,6.6174449004242214e-24,0
544,0,1,1.1102230246251565e-16,2.4373768525166747e-11,0,2.4373633715470222e-11,1.1102230246251565e-16,0
545,3,3,2.2204460492503131e-15,3.4829494632385532e-13,3.2136590955447248e-13,3.4847521710256839e-13,1.1102230246251565e-16,0
546,1,3,1.8249290967276011e-14,3.2801741129785818e-10,3.276839327311201e-10,3.2139237839240676e-10,6.9388939039072284e-18,0
547,2,3,1.0200174038743626e-15,4.6587249324882209e-13,4.8394441279261381e-13,4.6587669729787573e-13,2.0816681711721685e-17,0
548,2,3,2.9698465908722937e-13,3.5740999759377199e-09,3.575136292965538e-09,3.1343190755155743e-09,0,0
549,3,3,1.5543122344752192e-15,2.2219800964546821e-13,2.1468264341989174e-13,2.2219907473569752e-13,0,0
550,1,3,3.0531133177191805e-16,1.3560700371798059e-11,1.3541430908857766e-11,1.3405024550435217e-11,1.7347234759768071e-18,0
551,0,1,1.6940658945086007e-21,8.881267560920652e-16,0,8.8812676497387508e-16,2.1175823681357508e-22,0
552,0,1,1.1102230246251565e-16,9.6932854828902885e-12,6.6610133788447204e-16,9.6934267517240043e-12,1.1102230246251565e-16,0
553,0,1,2.2204460492503131e-16,3.760075183824769e-14,2.2034356248892693e-16,3.7600752220083139e-14,1.1102230246251565e-16,0
554,0,1,5.4210108624275222e-20,0,0,2.1909223519642678e-16,5.4210108624275222e-20,0
555,0,1,6.6174449004242214e-23,2.4424803266296467e-15,0,2.4424803510545545e-15,0,0
556,0,1,0,2.3779203681894839e-11,0,2.3779019008539832e-11,0,0
557,3,3,9.9920072216264089e-16,2.167425693485414e-13,2.0303072974392136e-13,2.165881696415818e-13,0,0
558,1,3,4.5102810375396984e-16,1.2246610638550953e-12,1.2166152847693595e-12,1.2241109138968021e-12,0,0
559,2,3,4.649058915617843e-16,1.1342357056899316e-13,1.2112408349946431e-13,1.1356325396918099e-13,1.3877787807814457e-17,0
560,2,3,1.3988810110276972e-14,1.1078975045749287e-11,1.1124588584957102e-11,1.1072133753387218e-11,2.2204460492503131e-16,0
561,3,3,1.6175949468788531e-13,6.7372633134689054e-10,6.7296916558299452e-10,6.6798020816893181e-10,1.1102230246251565e-16,0
562,1,3,2.0036056147532122e-15,1.0500870923704564e-10,1.0487287086394021e-10,1.0355663325393798e-10,0,0
563,0,1,4.6586812098986519e-21,1.3321330229054048e-15,2.2203279352939243e-16,1.5541552089328442e-15,4.2351647362715017e-22,0
564,0,1,0,2.1118179018596493e-11,6.6611580876810449e-16,2.1118179229789701e-11,0,0
565,0,1,1.1102230246251565e-16,4.0685192987843725e-14,4.4048949253040726e-16,4.0685193401372475e-14,0,0
566,0,1,2.7105054312137611e-19,4.3686631400872765e-16,2.2014815170350115e-16,6.5529947767947317e-16,0,0
567,0,1,1.6543612251060553e-23,1.1102205505076125e-15,2.2204435414006929e-16,1.1102205616098431e-15,0,0
568,0,1,1.1102230246251565e-16,3.2665951593967707e-10,6.661327707128749e-16,3.2665951920628243e-10,0,0
569,3,3,1.8396395518038844e-13,1.3532198645196297e-08,1.3530083140646336e-08,6.0271330268496798e-09,1.1102230246251565e-16,0
570,1,3,6.2172489379008766e-15,1.0871431342344278e-10,1.0860653924668194e-10,1.0643629114674575e-10,0,0
571,2,3,2.0816681711721685e-17,2.1577019047445264e-14,2.2020058222196769e-14,2.157751115310222e-14,1.3877787807814457e-17,0
572,2,3,4.0634162701280729e-13,5.554620668159396e-09,5.5560134371507182e-09,4.6720047546810824e-09,2.2204460492503131e-16,0
573,3,3,1.8096635301390052e-14,7.6429847769841435e-12,7.5490462203350021e-12,7.6424339926020763e-12,0,0
574,1,3,1.5577816814271728e-15,2.6091859383056295e-11,2.5990330754328695e-11,2.6051979877610459e-11,0,0
575,0,1,4.2351647362715017e-22,0,0,0,0,0
576,0,1,1.1102230246251565e-16,1.9988130903149749e-11,8.88139104608854e-16,1.9988451659401593e-11,0,0
577,0,1,2.2204460492503131e-16,5.9403418022276745e-14,4.4036569690802875e-16,5.9255280425335772e-14,1.1102230246251565e-16,0
578,0,1,5.4210108624275222e-20,0,0,0,0,0
579,0,1,1.3234889800848443e-23,2.2204339025138055e-16,0,2.2204339247182676e-16,0,0
580,0,1,1.1102230246251565e-16,1.6259176409019682e-10,4.4408799507285155e-16,1.6259163036600519e-10,0,0
581,3,3,7.1054273576010019e-15,9.9439243077386353e-12,9.8619164677609604e-12,9.941435151899599e-12,0,0
582,1,3,1.7139067942650854e-15,2.9674114353971945e-11,2.964403891815358e-11,2.9084220229011445e-11,0,0
583,2,3,3.4514058278034554e-14,1.7597767910652668e-09,1.7604187761618887e-09,1.4482693831286243e-09,6.9388939039072284e-18,0
584,2,3,8.4710016778899444e-14,2.846123587517726e-10,2.8492896391586329e-10,2.81964642977641e-10,0,0
585,3,3,2.2204460492503131e-15,5.2011563388198866e-13,5.0837954254339748e-13,5.2012173754863261e-13,1.1102230246251565e-16,0
586,1,3,2.0816681711721685e-17,1.4273974533948913e-14,1.2816618437440089e-14,1.4273992970774066e-14,0,0
587,0,1,1.6940658945086007e-21,1.1101455407401214e-15,0,1.1101455518423905e-15,0,0
588,0,1,1.1102230246251565e-16,1.7225118732144256e-11,4.4407394242792456e-16,1.7225118904407291e-11,1.1102230246251565e-16,0
589,0,1,0,5.8765867980018631e-14,4.416444804128718e-16,5.8549020350680277e-14,1.1102230246251565e-16,0
590,0,1,3.2526065174565133e-19,6.5507267511134251e-16,2.2010088392653046e-16,6.5507268177827956e-16,5.4210108624275222e-20,0
591,0,1,2.6469779601696886e-23,4.4408711653775354e-16,0,6.6613068146796899e-16,0,0
592,0,1,1.1102230246251565e-16,3.1694261058885437e-11,0,3.1694379199239075e-11,1.1102230246251565e-16,0
593,3,3,7.9936057773011271e-15,1.1282166830904997e-11,1.1189201379408835e-11,1.1279096921252337e-11,0,0
594,1,3,2.0816681711721685e-16,3.9063422673735342e-14,3.4906788253139296e-14,3.9063456551372647e-14,6.9388939039072284e-18,0
595,2,3,7.1470607210244452e-16,2.1235871226628579e-12,2.1361859416388984e-12,2.1220720486039466e-12,2.0816681711721685e-17,0
596,2,3,1.1102230246251565e-15,5.2761361838672229e-13,5.3086381040591897e-13,5.273991899354773e-13,1.1102230246251565e-16,0
597,3,3,1.5432100042289676e-14,5.3206914840572126e-12,5.2444255985732871e-12,5.3206432797452408e-12,2.2204460492503131e-16,0
598,1,3,1.3704315460216776e-16,1.7318773171968773e-13,1.6337231968366006e-13,1.7304756239889884e-13,1.7347234759768071e-18,0
599,0,1,1.6940658945086007e-21,4.440411974914055e-16,0,4.4404120193232302e-16,0,0
