index,near_knot,multi_root,root_abs,gradient_left_rel,gradient_right_rel,residual,knot_distance_rad,status
0,1,0,7.7071682369478367e-12,2.5698942633680797e-09,1.2042065411111935e-08,1.055801038870866e-11,0,0
1,0,0,6.2172489379008766e-15,6.466062788675272e-09,4.8330135505092673e-09,6.0795319997616134e-15,0,0
2,0,0,0,8.1889778991429442e-09,5.3928476323142731e-10,3.6551640472104419e-18,0,0
3,0,0,6.4392935428259079e-14,2.8169987387808394e-09,1.5714847750886257e-08,7.7618058053456141e-14,0,0
4,0,0,3.446576357646336e-11,4.2412619712164801e-09,1.6188714733178701e-08,4.0655078788414141e-11,0,0
5,0,0,4.53903581387749e-12,2.1695505874108176e-08,9.0125473143330521e-09,4.0894079698222626e-12,0,0
6,0,0,0,4.9478079273981391e-09,4.9478079273981391e-09,1.1102230246251565e-16,0,0
7,0,0,1.1186607196123077e-11,8.4836265875156841e-09,2.7200185055624785e-11,1.0982886879384182e-11,0,0
8,0,0,0,1.835493386568062e-09,1.0210231557118144e-08,1.1102230246251565e-16,0,0
9,1,0,0,2.2711861522507726e-08,2.2759443674182584e-08,1.6551024127274957e-16,0,0
10,1,0,4.4408920985006262e-16,1.2144671144267737e-08,7.9537182803765801e-09,2.7273366710158099e-16,0,0
11,0,0,3.9968028886505635e-15,6.0012161674701709e-09,3.2959565237244862e-09,3.8492818155226619e-15,0,0
12,0,0,6.6163963197141129e-11,1.472781317654867e-08,5.2453164036668353e-09,6.4283419750177722e-11,0,0
13,1,0,4.4482639793841372e-11,8.8299890858725163e-09,3.0202470279685131e-09,4.1446898460037579e-11,0,0
14,0,0,6.3948846218409017e-12,1.6743212074868284e-08,1.0949155978725144e-08,5.9080465660907742e-12,0,0
15,0,0,1.4699352846037073e-13,5.5041877537851002e-09,6.0273324285527784e-09,1.9726301670822304e-13,0,0
16,0,0,3.9933834017347181e-11,1.6565936760393087e-08,2.3374831036450814e-08,4.5798720534188991e-11,0,0
17,0,0,1.5618617510426702e-12,1.9922318570513661e-09,3.5061788318132332e-09,1.5752434136130355e-12,0,0
18,0,0,0,6.8085594769628373e-09,6.8085594769628373e-09,0,0,0
19,0,0,1.2120793257963669e-10,5.1750341124101611e-09,5.6042621644781581e-09,1.2744452175424693e-10,0,0
20,1,0,4.4408920985006262e-16,6.8607226847270392e-09,1.5460673430956057e-09,2.1772699395210719e-16,0,0
21,1,0,4.2069370209674162e-10,1.7301729370555156e-10,5.7983347853508332e-09,4.0725325376532916e-10,0,0
22,1,0,5.3551829637399351e-11,7.6321861104082001e-09,1.1505222655866977e-08,5.2800236025255616e-11,0,0
23,0,0,0,9.6762324430429732e-09,5.0872590374364394e-09,6.1158573197613527e-17,0,0
24,1,0,2.8954527664382113e-10,1.2057860899125962e-09,1.2636224374135003e-09,2.8219254893684282e-10,0,0
25,0,0,2.4735768988648488e-13,4.9532446780542848e-10,2.3901528179322999e-10,2.7437114910700959e-13,0,0
26,0,0,2.6645352591003757e-15,9.8304910306531318e-09,1.8546873196801266e-08,2.8270941728632456e-15,0,0
27,1,0,2.3541169014151819e-12,9.8793503733098607e-09,3.698221649190702e-09,2.3905867856933159e-12,0,0
28,1,0,7.9181106116266164e-13,2.0362733602631585e-09,8.4481083912733889e-09,8.4533641236865535e-13,0,0
29,0,0,2.7976909677818185e-10,1.8282536084754705e-09,5.8462833306548974e-09,3.0558003318851876e-10,0,0
30,0,0,0,1.2065601387741397e-08,3.0902146012478529e-10,4.5604236815769111e-17,0,0
31,0,0,6.7182703844537173e-11,5.6256964673999893e-09,9.6072270942491765e-09,8.5201778115406229e-11,0,0
32,0,0,5.1485438135046024e-10,6.2102577031455595e-09,1.1238187077340932e-08,4.8958551804526143e-10,0,0
33,1,0,4.971534295350466e-11,1.8039736447657055e-08,2.2498308518280772e-08,5.6107677215658682e-11,0,0
34,0,0,4.4408920985006262e-16,1.2165835528119004e-08,1.209319190203833e-08,2.9551272313841152e-16,0,0
35,1,0,0,9.2839260869260467e-09,1.20485101477252e-08,3.2745601759384953e-16,0,0
36,1,0,0,5.5862834947965655e-09,1.6537915902686881e-08,1.5218474221762613e-16,0,0
37,1,0,1.4614975896165561e-12,2.5528263320800669e-08,1.8577305419375296e-08,1.2871960965030475e-12,0,0
38,0,0,0,5.4288628261456028e-09,2.03929577597535e-08,4.8873783304964677e-18,0,0
39,0,0,0,9.5607739140287361e-09,9.5607739140287361e-09,1.1102230246251565e-16,0,0
40,1,0,7.3940853440035426e-13,4.183823782000977e-10,2.3565194116181842e-09,7.4526710249781025e-13,0,0
41,0,0,3.1536995237502197e-10,1.2963011910929338e-08,9.9410113009426862e-09,3.0516022935677458e-10,0,0
42,1,0,9.681144774731365e-14,3.9469397899018638e-09,9.8989918244391543e-09,1.1804355594834267e-13,0,0
43,0,0,2.6645352591003757e-15,1.8243898357223739e-09,6.9650939088560157e-09,2.8227223459373397e-15,0,0
44,0,0,2.3341684141087171e-10,1.6515865017980052e-08,1.6121818447666652e-08,2.1119789843230906e-10,0,0
45,0,0,0,4.0571598330472609e-09,4.0571598330472609e-09,1.1102230246251565e-16,0,0
46,0,0,5.1775694842604025e-10,1.1313810014107665e-08,1.5007291490150074e-08,4.3723349556680975e-10,0,0
47,0,0,2.0096235786581929e-10,2.4519861271382974e-09,1.0214450209750196e-08,1.990871761298631e-10,0,0
48,0,0,3.7540637265465193e-11,3.8293804878988055e-09,3.8715681111369086e-09,3.3599657476834993e-11,0,0
49,1,0,4.4408920985006262e-16,2.8739741192957862e-08,3.9348697732304521e-08,3.5045043992819219e-16,0,0
50,1,0,5.3654947151926535e-10,2.6641625991628427e-08,1.3655565293388655e-08,4.8025614315577326e-10,0,0
51,1,0,1.2681855565688238e-11,2.7125323229075412e-08,3.6954050874139369e-08,1.5669840767858929e-11,0,0
52,1,0,4.5692338801472943e-12,1.2630283806781636e-08,1.6492247674310802e-08,7.007642442869794e-12,0,0
53,1,0,1.3378631535942986e-11,4.1565944210377294e-09,2.9539869264345363e-11,1.3485541151167804e-11,0,0
54,1,0,9.0720320145010191e-11,3.6250341379383003e-08,4.3569736098913365e-08,1.9749276813230881e-10,0,0
55,1,0,1.4162315764565392e-10,3.7337784070218268e-08,4.3553354464847029e-08,3.0830280814492342e-10,0,0
56,0,0,0,4.732165884256037e-08,5.3709593054678434e-08,3.0673873029061785e-16,0,0
57,0,0,4.3893333412370339e-11,5.03112233365369e-09,5.03112233365369e-09,5.8432148009046614e-11,0,0
58,1,0,6.09938766160667e-11,2.8851984490126484e-08,3.7452906113824289e-08,1.4054204489211264e-10,0,0
59,1,0,2.4200952353226057e-10,4.3742513217051563e-09,2.6231936902499111e-09,2.4286059867337778e-10,0,0
60,1,0,7.9897422011754315e-11,1.9746827180800419e-08,2.7910636145288975e-08,2.0977460090720807e-10,0,0
61,1,0,0,4.6970668411386089e-09,1.7760575896490112e-08,4.3968634110023879e-17,0,0
62,1,0,0,5.4005607286291814e-08,6.133635372274555e-08,5.4108431928986359e-16,0,0
63,1,0,3.9844127996957468e-11,1.2024161236716188e-07,9.816755957801004e-08,7.5192621356983825e-11,0,0
64,0,0,8.8817841970012523e-16,4.3557855782431679e-08,4.8386927789898605e-08,1.2344002998724736e-15,0,0
65,0,0,2.0117241206207837e-13,7.739158988558867e-08,8.4711216278353872e-08,3.4140901064018071e-13,0,0
66,0,0,0,3.9346332447472419e-08,5.3250010728583073e-08,8.6730960798182116e-17,0,0
67,0,0,2.7853275241795927e-12,2.92454334236766e-08,3.3777050541626273e-08,2.94434735982829e-12,0,0
68,1,0,3.5869085479589558e-11,3.2824450043955155e-08,3.8757494018458581e-08,4.5203319285577198e-11,0,0
69,1,0,6.2172489379008766e-15,3.998078812409855e-08,4.7180266253246561e-08,1.6702698585615365e-14,0,0
70,0,0,1.2376766278521245e-12,1.3544807352418222e-07,1.1687431661761278e-07,4.3945017733797823e-12,0,0
71,0,0,0,2.8130370479987981e-08,3.3117428499875285e-08,8.4962281372306918e-17,0,0
72,0,0,2.3132606941089762e-12,3.0405128394857128e-08,3.9712212199845321e-08,6.1145687641635611e-12,0,0
73,0,0,1.9984014443252818e-14,3.5964436826037254e-08,4.1218093857240679e-08,2.4736704231051516e-14,0,0
74,1,0,1.9095836023552692e-14,7.4666220146781575e-07,7.4182534622434766e-07,1.6490193312276067e-13,0,0
75,0,0,0,5.3977100810337706e-08,6.3902925474403704e-08,4.4405777241423107e-16,0,0
76,1,0,2.2204460492503131e-15,2.4786753079326415e-08,3.5100163731471268e-08,5.1309928086297767e-15,0,0
77,0,0,1.59574575775423e-11,4.1927612833699059e-07,4.3041559667980347e-07,7.3576198275101165e-11,0,0
78,0,0,1.6271428648906294e-12,4.2412605029089812e-08,5.1192094116098865e-08,4.6893689847560012e-12,0,0
79,1,0,2.0383694732117874e-13,6.6276568671208124e-08,7.4551437562170447e-08,4.9961152801116422e-13,0,0
80,0,0,4.787281682183675e-13,4.7436765388738754e-08,2.9670321080658752e-08,1.4736377476355423e-12,0,0
81,1,0,2.3824497930036159e-11,5.6779152802682088e-08,3.4871114166117374e-08,4.6181351198720669e-11,0,0
82,0,0,2.7173818750725331e-12,4.1802373042496301e-08,6.0744553337763188e-08,3.5393670039547129e-12,0,0
83,1,0,1.9095836023552692e-14,7.4669085474690862e-07,7.4183472243622546e-07,1.6559296987027273e-13,0,0
84,1,0,5.3290705182007514e-15,4.5122671972793898e-08,5.0975234662639804e-08,1.5293553618838429e-14,0,0
85,0,0,2.3638868640318833e-12,2.7726307007961999e-07,2.8794655058392224e-07,6.6903116895681407e-12,0,0
86,1,0,3.9968028886505635e-15,9.3638164614323702e-08,1.0145947503317134e-07,1.0491457378346231e-14,0,0
87,1,0,1.9269030815394217e-12,1.7640015487675784e-07,1.8628592344464769e-07,4.6669620804230899e-12,0,0
88,0,0,4.2714720649428273e-11,4.7476757467736838e-07,4.9319152061479128e-07,1.4861778715551254e-10,0,0
89,0,0,3.2534552829588392e-10,1.0763913908615665e-10,6.5817681405967137e-11,3.2537472369198461e-10,0,0
90,0,0,2.078337502098293e-13,2.1523542661743142e-07,2.2676747271513205e-07,4.21729319292008e-13,0,0
91,0,1,8.6430862467068437e-11,2.0426676056376003e-06,2.1379301399979561e-06,8.2315612790044775e-12,0,0
92,1,0,0,3.3801834831801661e-08,2.8436924926776279e-08,6.1152660630461759e-17,0,0
93,0,1,4.716227408607665e-13,1.6376953946988348e-06,1.4386495887593506e-06,5.7098943482849314e-14,0,0
94,1,0,4.1744385725905886e-14,1.4192822409941665e-08,3.8993635719403847e-08,3.7271283889251967e-14,0,0
95,0,1,3.3693696721570632e-09,1.7046624839391973e-06,5.0494665819104127e-07,4.7636212545602659e-10,0,0
96,1,0,2.7797630863801714e-10,1.9045736690053773e-08,2.1497356877588431e-08,3.998688772440347e-10,0,0
97,0,0,6.4739325011942128e-12,2.0016187026244084e-08,1.4845738582258682e-08,9.7967121088869181e-12,0,0
98,0,0,0,1.1552864549142268e-07,1.1013608834535345e-07,3.6110190404797854e-16,0,0
99,1,0,1.7266188478970435e-12,1.3514225784616067e-07,1.3030599946784467e-07,3.1164442730644887e-12,0,0
100,0,0,4.6190073987872893e-10,5.6933653531448868e-10,3.3221015952511627e-09,4.6572501410935274e-10,0,0
101,0,1,3.2107649872159527e-11,5.7846286324602698e-07,3.3134599632145726e-07,3.0152596623412129e-12,0,0
102,0,1,3.0577318455016211e-11,1.6803854338896216e-07,1.5468617104895043e-07,1.4406473616600715e-11,0,0
103,0,1,9.4515506532388827e-12,1.2902645547582387e-07,1.1397511914671117e-07,4.8849789791676375e-12,0,0
104,0,0,3.5778580098622115e-10,1.8101955069969955e-09,9.1053379869508363e-10,3.6499578359716622e-10,0,0
105,0,1,2.3352431099965543e-11,1.2885926548185835e-06,1.1061727605000768e-06,1.5708537078009081e-12,0,0
106,0,1,2.0829205027439457e-10,2.5256316793731801e-06,2.4544315000489683e-06,1.7564143489115356e-11,0,0
107,0,1,7.0219385861491901e-12,4.8897739461913137e-06,4.6809301728972994e-06,3.4168728496211939e-13,0,0
108,0,1,1.7467316482111528e-10,3.5781920446818863e-06,3.4505438559908606e-06,1.1325855665478045e-11,0,0
109,0,0,0,2.0098316994440924e-08,2.0000019822184286e-08,8.9530566184014614e-17,0,0
110,0,1,4.9297943505166586e-10,1.5303070897938747e-07,2.1065711034089273e-07,8.6529300571036659e-11,0,0
111,0,1,4.2406078648582479e-12,1.7279868946860591e-07,3.5223422711501988e-07,8.0361367802871691e-13,0,0
112,0,1,1.4424017535930034e-12,1.3853163928980004e-07,1.2746387444559799e-07,7.3003398743692935e-13,0,0
113,0,0,1.9539925233402755e-14,1.8154487981890623e-08,1.6279726836231205e-08,2.6161599989598804e-14,0,0
114,1,0,5.5622173533720343e-12,2.3581892713665675e-08,2.1708813648275554e-08,8.8639763350878628e-12,0,0
115,0,1,1.8678392166293634e-11,3.1391459087350798e-07,3.8678674580168718e-07,2.9593771464176991e-12,0,0
116,0,1,4.1566750041965861e-13,1.3925948441232201e-07,1.2923689211492102e-07,2.0947959428458011e-13,0,0
117,0,1,7.2817307739114767e-12,1.2612900118947305e-07,1.1193529311634201e-07,3.7764136160194646e-12,0,0
118,0,1,2.8799185258776561e-12,7.3171373920667709e-08,1.15146689433544e-07,1.5060805106120403e-12,0,0
119,0,1,4.8849813083506888e-15,1.0066481692442947e-07,1.3310365431515003e-07,2.4140495556702063e-15,0,0
120,0,1,9.5332630678512942e-12,6.6543253372896754e-07,6.2766295506418225e-07,1.8324173857115508e-12,0,0
121,0,1,1.6334591457223269e-09,1.7846117527573689e-06,9.7039619944352396e-07,2.0537752827857307e-10,0,0
122,0,1,1.1761498441842377e-09,1.4675700334286899e-06,9.2266178072693493e-07,6.5897205351657402e-11,0,0
123,0,1,7.5504047458707646e-12,1.769342479245063e-07,1.6507767480063169e-07,3.4927156607185357e-12,0,0
124,0,0,6.4172223090963598e-11,6.8858148135527812e-09,4.7905732736709455e-10,6.2496573222295894e-11,0,0
125,0,1,3.9831693499081666e-11,1.8447542841861699e-06,1.5933259950206268e-06,1.7927877603181772e-12,0,0
126,0,1,8.6473050942004193e-12,7.4744315079834154e-07,7.0423971664149451e-07,1.5492184180107926e-12,0,0
127,0,1,1.3322676295501878e-14,1.4414691618222896e-07,1.3304353134231212e-07,6.6029688585353341e-15,0,0
128,0,1,3.2995828291859652e-13,8.9537820455502973e-07,9.5702355422580607e-07,5.2961951690813546e-14,0,0
129,0,0,0,9.9417270343344967e-09,8.4817513215787909e-09,5.6605703763510938e-17,0,0
130,0,0,9.681144774731365e-14,7.319622406839413e-09,6.2725854361121143e-09,1.2246214683774064e-13,0,0
131,0,1,2.6644020323374207e-11,1.7565557063851506e-07,2.0980465654131842e-07,1.2512129139909521e-11,0,0
132,0,1,2.0682096035784525e-09,4.5693980105084345e-07,2.2714332593983914e-07,3.0184742347400971e-10,0,0
133,0,0,2.1722579290894828e-10,2.0829396805734448e-08,2.0884961001932859e-08,3.1773170706124748e-10,0,0
134,0,1,1.1857181902996672e-11,5.841878255740186e-07,5.0202435053196279e-07,2.3723055120347883e-12,0,0
135,0,1,1.4486092325682876e-09,1.0202187965724907e-06,6.1803911129473067e-07,2.1830025971505696e-10,0,0
136,0,1,2.5014212923224477e-11,1.593269046364847e-07,1.4500375458779743e-07,1.2034013409538473e-11,0,0
137,1,0,2.3789858971667854e-12,9.9969341909593368e-09,5.3262763609170871e-09,3.020432900011801e-12,0,0
138,0,1,4.7282178172736167e-12,1.7982550342996026e-07,1.6473810609256158e-07,2.1805078847041327e-12,0,0
139,0,1,2.9165443393708301e-09,1.4966502821908108e-06,3.9058731673788413e-07,4.6347583675367945e-10,0,0
140,0,0,0,2.1438946247447411e-08,1.9236852204565774e-08,1.0063961862261462e-16,0,0
141,0,1,1.4208310084029563e-09,1.4162693962196238e-06,2.0321268313474106e-06,4.5744368283870476e-11,0,0
142,0,0,5.3235194030776256e-11,6.4798902595898578e-09,1.7280729427631324e-09,6.7237775787155896e-11,0,0
143,0,1,6.7931882341554228e-11,3.0836280815529244e-07,4.448937219960333e-07,1.2587068470755367e-11,0,0
144,0,1,1.5065726444163374e-11,6.936395453697122e-07,7.2311514804968495e-07,2.8055659446685958e-12,0,0
145,0,1,7.9305451095024182e-12,8.0315215843088945e-07,8.3391732450422498e-07,1.3841932588127736e-12,0,0
146,0,1,1.6732464303004235e-09,1.1399772223874321e-06,6.2726956076385476e-07,2.3900260550702297e-10,0,0
147,0,1,1.865174681370263e-13,1.4845636863838721e-07,1.3406092003626632e-07,9.2485445459175131e-14,0,0
148,0,1,8.6215479200291156e-12,6.6328096287961729e-07,6.2141174953959995e-07,1.6763117718771728e-12,0,0
149,0,1,2.5190383112771997e-10,2.9979106538763606e-07,1.2853442546059001e-07,4.5651106534356463e-11,0,0
150,0,1,1.9106494164589094e-10,2.1469521022584306e-06,2.3619016783922209e-06,1.640757235565768e-11,0,0
151,0,1,8.6894935691361752e-10,1.5059636905459475e-06,1.2894580721796161e-06,4.2678965648065073e-11,0,0
152,0,0,7.5495165674510645e-14,2.2832441406737529e-08,1.9977399420436432e-08,1.2048766770339306e-13,0,0
153,0,1,3.8919978351259488e-12,8.0358928399479626e-07,7.5716185327589931e-07,6.6446843776457047e-13,0,0
154,0,1,3.0965683350814288e-09,1.5022809365874598e-06,3.7398083712701575e-07,4.9267023012380578e-10,0,0
155,0,1,5.3894666507403599e-12,1.2076123619711162e-07,1.1254133965188857e-07,2.8040524881105035e-12,0,0
156,0,0,0,2.5497813114526141e-08,2.5302060214829843e-08,6.4208482634739688e-17,0,0
157,0,1,1.595967802359155e-11,6.0433796316179244e-07,6.3877740345661969e-07,3.1624215768728995e-12,0,0
158,0,0,6.6635585938001896e-12,2.0212204238492812e-08,7.3216596292796269e-10,6.4989772193404757e-12,0,0
159,0,1,2.6445956535781079e-11,1.5888727996500396e-07,1.4427059985352644e-07,1.2711521272260262e-11,0,0
160,0,1,2.5842439299594844e-11,2.3209578819940062e-06,2.7126211492918795e-06,1.5780151086326842e-12,0,0
161,0,1,4.0718539651152241e-12,2.4098077157249932e-07,3.1914940708686388e-07,6.5073951383776565e-13,0,0
162,0,1,2.8053390721538563e-09,2.1666521129254499e-06,6.8038917756382388e-07,3.4610443577310113e-10,0,0
163,0,1,3.7299496824516609e-11,1.6369930023761634e-07,1.5474413467267202e-07,1.771795262544053e-11,0,0
164,0,1,4.5328185649395891e-12,1.2799069025251017e-07,1.143547648924207e-07,2.3621475634480368e-12,0,0
165,0,1,1.2878804689364642e-08,6.428031634084386e-06,2.7173329509551051e-06,4.6992862111776172e-10,0,0
166,0,1,1.3248069308247068e-11,7.2158502539157126e-07,7.5754950818634425e-07,2.4051070502080153e-12,0,0
167,0,1,1.9355184122105129e-11,4.6347757661265696e-08,2.1644406802218402e-07,3.6323102546364488e-12,0,0
168,0,1,5.6380899948749175e-10,1.2299669128066548e-06,9.7651091248104872e-07,3.4065314622157404e-11,0,0
169,0,1,4.7324899554723743e-10,3.564169183823889e-07,6.6378680448008111e-07,5.2144586695759796e-11,0,0
170,0,1,9.1482377229112899e-13,1.2109525612843051e-07,1.0696844273766507e-07,4.8168802489692626e-13,0,0
171,0,1,2.8790303474579559e-12,1.2328515394813947e-07,1.0891109941994042e-07,1.5056354419662973e-12,0,0
172,0,1,6.1569167542074865e-09,2.8065913713672757e-06,7.6098352301628953e-08,3.2060241680420764e-10,0,0
173,0,1,2.4605073534189614e-10,2.119192816064813e-06,1.5216823126589135e-06,1.0932087187293148e-11,0,0
174,0,1,1.0307443787382908e-10,2.0186877775076771e-07,8.8645445098006632e-08,1.8990113432281688e-11,0,0
175,0,1,5.0359716396997101e-13,1.4072328401091252e-07,1.2763600601517585e-07,2.5394725019761097e-13,0,0
176,0,1,1.1980638703334989e-10,1.1103373264202616e-06,1.0959362723955903e-06,1.57044851056978e-11,0,0
177,0,1,6.4148686362841545e-12,1.7983642415221275e-07,1.6557290875127824e-07,2.9640089183617276e-12,0,0
178,0,1,1.0524914273446484e-12,1.2103443558790232e-07,1.0841056446020876e-07,5.5375030228630279e-13,0,0
179,0,1,5.0546233865134127e-12,1.2369760263777863e-07,1.1346289479581032e-07,2.6313671950675534e-12,0,0
180,0,1,2.2377655284344655e-12,6.3957739159166821e-07,8.5705566857769959e-07,2.3372810395570842e-13,0,0
181,0,1,7.6910700030907719e-10,1.1095912207690568e-06,8.4100494403168646e-07,1.1977821206831845e-10,0,0
182,0,1,1.8784973576657649e-13,8.8967566876901578e-07,9.5835527606340357e-07,2.989213363888782e-14,0,0
183,0,1,3.0280915552793886e-09,1.3944236035933268e-06,5.8227028748243462e-06,6.0529923886906062e-11,0,0
184,0,1,8.1724849110287323e-11,3.4347834978139747e-07,3.7516797320940798e-07,1.2783166344895301e-11,0,0
185,0,1,6.2585492344169324e-12,1.5536943441738311e-07,1.8553838033620152e-07,3.0557669290103948e-12,0,0
186,0,0,5.4671822624641209e-12,1.578682203346071e-07,1.4392857334029374e-07,2.4133639038930108e-12,0,0
187,0,1,2.0512924692184242e-10,2.9422268231570797e-06,2.9850954712970038e-06,1.3755229118789802e-11,0,0
188,1,0,6.0662586065518553e-13,1.4843012023087117e-08,1.0016947904117491e-08,5.2589738698243163e-13,0,0
189,0,1,8.3760687275002965e-10,3.9058069146710819e-07,3.3762424172501849e-07,1.1493044166027701e-10,0,0
190,0,1,6.652456363553938e-13,1.1847633041047315e-07,1.078746450766763e-07,3.5053676891501031e-13,0,0
191,0,1,1.9895858294205482e-09,5.7480549224691572e-07,2.8013930642242961e-07,2.8581492323514661e-10,0,0
192,1,0,0,1.4506219855500039e-08,9.6171066938258183e-09,4.5493947294275003e-18,0,0
193,0,0,3.3704017354807547e-10,6.6611943207563823e-10,4.5392017359935764e-09,3.5942993026338854e-10,0,0
194,0,1,1.0361045355011811e-11,6.7993121857349128e-07,6.3742696557605124e-07,1.9592834629733825e-12,0,0
195,0,1,5.6425975003548956e-12,7.753878250881071e-07,7.2628477660594744e-07,9.8025382511364482e-13,0,0
196,0,1,1.5286136800796157e-09,5.2885992095294289e-07,3.0105786077368401e-07,2.147113413131905e-10,0,0
197,0,1,1.506796021288892e-09,5.349562202414268e-07,3.4067873489806522e-07,2.1147762302627801e-10,0,0
198,0,1,5.6228799394375528e-11,4.032922515756173e-07,3.383119592511022e-07,9.3713559319198673e-12,0,0
199,0,1,8.7607698873171103e-11,5.5333669975848274e-07,5.7275825957886913e-07,1.095251295764228e-11,0,0
200,0,1,7.5495165674510645e-15,1.4504602232841441e-07,1.3336818059566822e-07,3.820966770711439e-15,0,0
201,1,1,1.3470780046986874e-10,2.8305559705565108e-07,3.1480225283863261e-07,5.4876726131351246e-11,0,0
202,0,0,2.2204460492503131e-15,1.5347941208158119e-08,1.7632566894048044e-08,3.5204246529610731e-15,0,0
203,0,1,5.4275695049454953e-11,9.6595018679504554e-07,8.8757622639153582e-07,3.575955898551852e-12,0,0
204,1,0,4.3698378249246161e-13,2.8672888380414711e-08,2.5878070177668404e-08,3.3356135286118766e-13,0,0
205,0,0,1.8327561690512084e-10,2.863260886304629e-10,2.863260886304629e-10,1.8857010397610452e-10,0,0
206,0,1,1.2891909761947318e-10,3.7270781945720322e-07,2.2954224502616481e-07,2.170477223066592e-11,0,0
207,0,1,1.0887148960136983e-09,8.8575304692084158e-07,1.4074633383784887e-06,1.5779602882021027e-10,0,0
208,0,1,2.8938469398553934e-09,4.4056880591024594e-07,1.7768097368879862e-06,4.1475422074956855e-10,0,0
209,0,1,4.1255887595070817e-12,4.7742934575315799e-07,6.3465015279397094e-07,4.2420527688258958e-13,0,0
210,0,1,9.9600327985172044e-12,2.7538096116026886e-07,3.8561394456256554e-07,1.2641613420893126e-12,0,0
211,0,1,1.0774319214590378e-09,1.6232995087449294e-06,2.8550094017515227e-06,3.1218101499171982e-11,0,0
212,0,1,2.1040946762695967e-12,1.0285672292790027e-06,9.7441397188371192e-07,2.959801778629329e-13,0,0
213,0,1,1.2108092306561957e-11,1.7622886299295199e-07,2.0794411540305443e-07,5.6236308717006153e-12,0,0
214,0,0,5.340172748447003e-12,2.2851328102555982e-08,3.6993511167635166e-08,3.9618962939220839e-12,0,0
215,1,0,1.1799450305716164e-11,2.4366468788470798e-08,2.4936279193516865e-08,1.8343917173970911e-11,0,0
216,0,0,2.886579864025407e-14,7.3543786823160006e-10,6.5855493409884e-10,2.8272336168218922e-14,0,0
217,0,1,2.2226664952995634e-12,1.1696799582234764e-07,1.0829572073381628e-07,1.1643654027628747e-12,0,0
218,0,1,6.9322325657594774e-13,1.4174295395040388e-07,1.7022784789526306e-07,3.498582725567711e-13,0,0
219,0,1,1.1026735080577055e-12,1.3796492245033628e-07,1.2421048877942428e-07,5.5747351373743458e-13,0,0
220,0,1,1.3500311979441904e-12,1.073554875811162e-07,1.3757724085171745e-07,6.6509021615203569e-13,0,0
221,0,1,6.4499516838623094e-12,1.0981611875137803e-07,1.4177996777607983e-07,3.1485329384506727e-12,0,0
222,0,0,0,1.4531477230830866e-08,1.6994409701773432e-08,2.8078616515223345e-17,0,0
223,0,0,2.8451463407463962e-11,1.259199813205828e-08,1.1766160379889319e-08,3.5401625713078598e-11,0,0
224,0,1,1.4063679110165594e-09,1.4792373374689138e-06,6.6809082717071629e-07,1.0138694719697264e-10,0,0
225,0,1,3.3528291254469877e-11,3.2808226201250052e-07,3.2291997667006511e-07,5.288814048057119e-12,0,0
226,0,1,2.9531932455029164e-13,1.477465490021033e-07,1.3385775359692353e-07,1.4621046694210552e-13,0,0
227,0,1,2.2710722191732202e-12,1.5217133865577659e-07,1.3807712076858701e-07,4.3031062331867333e-13,0,0
228,0,0,0,8.409403011703956e-09,9.8909337120188295e-09,1.4691310024532544e-17,0,0
229,0,0,0,1.4261442944797839e-08,5.0915177156382609e-09,0,0,0
230,1,0,0,3.7516901652407093e-09,3.7736231556917936e-09,1.7964596326094475e-16,0,0
231,0,0,0,1.0939617532535058e-08,8.1719323725174952e-09,1.8858767898937098e-17,0,0
232,0,0,5.773159728050814e-15,1.0380098643868618e-08,5.2893806039785096e-09,4.5239912156285377e-15,0,0
233,0,0,6.5547567373869242e-13,1.4822459562212665e-10,4.1378579776090369e-10,7.8982562455100499e-13,0,0
234,0,0,3.2352787115996762e-11,1.0150641679480838e-08,2.1725633758194767e-09,2.9070721719921704e-11,0,0
235,0,0,2.6645352591003757e-14,1.0210459727716191e-08,1.1375126868066479e-08,4.0382100924433324e-14,0,0
236,0,0,9.2814644858663087e-14,3.6362960721337072e-10,9.657635954046432e-09,1.1754049667804645e-13,0,0
237,1,0,0,9.428538465676371e-10,2.0028276747296214e-09,5.325924831237526e-17,0,0
238,0,0,1.1219469797651982e-11,5.769170384780617e-09,5.3894360059616953e-09,1.6376509993556997e-11,0,0
239,0,0,1.1893730444967332e-10,2.8923894491524501e-09,3.133274067667354e-09,1.0994290523940742e-10,0,0
240,0,0,3.8538505719998284e-10,9.2375621424339249e-10,8.0202312438910645e-09,4.7838122352317214e-10,0,0
241,0,0,7.1083583463860123e-11,1.2139677002590665e-08,3.7589981263094846e-09,9.2281443694263069e-11,0,0
242,1,0,1.3962608846895819e-11,6.1406452984058758e-10,1.617936235541171e-10,1.4050204539433468e-11,0,0
243,1,0,6.8611782921834674e-13,5.9214863020274619e-09,5.8806877057710509e-09,8.3706470142752881e-13,0,0
244,0,0,2.8002133944937668e-10,1.0713753103038883e-08,1.7483859663588327e-09,3.4676372884234752e-10,0,0
245,1,0,2.2204460492503131e-15,9.1581615944579398e-09,8.2790661692812968e-09,3.0517860589850746e-15,0,0
246,0,0,9.1748830755022937e-13,2.4976356119307282e-09,3.2448143646558672e-09,9.6530123888974728e-13,0,0
247,1,0,3.3666402998733247e-12,2.5258544915068119e-09,2.2966392181091543e-09,3.904592612582867e-12,0,0
248,1,0,3.4477665167287341e-10,1.1962386381389257e-09,2.1252223242995949e-09,3.716266252235788e-10,0,0
249,0,0,5.6188831365489023e-11,3.4400098596721463e-09,6.078978770575978e-09,6.4260994773439152e-11,0,0
250,0,0,1.7925305684229897e-10,2.6654321173681205e-09,4.250106154716645e-09,2.1608767129848185e-10,0,0
251,0,0,2.9132252166164108e-13,4.1075225848461549e-09,4.2341222434350705e-09,3.4320922205130217e-13,0,0
252,0,0,7.815970093361102e-13,3.8721204705248079e-09,3.5775182908474692e-09,8.9716161935891066e-13,0,0
253,1,0,0,5.905262065031287e-10,3.4094054073111586e-09,2.4324290271669531e-17,0,0
254,0,0,4.9529269574577484e-12,5.4794750095818599e-09,7.1112980211346316e-09,5.5826104789770469e-12,0,0
255,1,0,7.6516570857165789e-13,7.5755171902966051e-09,3.6408289029071471e-09,9.5129809280664909e-13,0,0
256,0,0,9.7913233076951656e-11,7.5149676126567876e-10,1.01408082746347e-08,1.2706490573293903e-10,0,0
257,1,0,2.6645352591003757e-15,3.612889362921319e-09,4.4173842247456821e-09,2.296657547824495e-15,0,0
258,1,0,5.0150994468367571e-12,2.6668911122315541e-09,2.3742331862984862e-09,5.5630048244451549e-12,0,0
259,0,0,0,8.0031256845515361e-09,7.6334073233360708e-09,9.7459705261853011e-18,0,0
260,1,0,2.9143532032094299e-10,6.2258032275221071e-09,9.0436081236293536e-10,3.4732254577760045e-10,0,0
261,1,0,3.1086244689504383e-15,9.4949993441392142e-09,1.9421884078569815e-09,3.833412949149856e-15,0,0
262,0,0,0,7.0007248151897322e-11,8.7387220344205226e-11,0,1,0
263,0,0,0,4.0861177281952831e-11,2.666460949869901e-11,2.2204460492503131e-16,1,0
264,0,0,0,1.8419372531363918e-13,6.8873592020262561e-11,0,1,0
265,1,0,2.7395863355650363e-12,1.0682729143757807e-08,4.7046236837502972e-09,3.3949605900060372e-12,0,0
266,0,0,1.4939605108565956e-10,8.5308944179521121e-09,5.7300497624032912e-09,1.3068216326075798e-10,0,0
267,0,0,1.5582646284428847e-11,7.1612739958155746e-09,8.9509441866206652e-09,1.8816526717536369e-11,0,0
268,0,0,3.3706371027619753e-13,1.6352375277844637e-09,2.6982381446462627e-09,4.3737673590796326e-13,0,0
269,0,0,5.3999205107402304e-10,1.0250808140876541e-08,5.5296904149304408e-09,4.7378703912871807e-10,0,0
270,0,0,0,1.1706933687261999e-10,8.7437454077055442e-11,1.1102230246251565e-16,1,0
271,0,0,9.9865893332662381e-11,1.6905752852040882e-10,1.6905752852040882e-10,2.7534619029268015e-10,1,0
272,1,0,3.187978769858546e-10,1.2897039614843517e-08,8.0521425415736681e-09,4.2262646331046415e-10,0,0
273,0,0,4.3653969328261155e-13,2.0960611221118764e-09,5.4723806119032459e-10,5.1832656850404909e-13,0,0
274,0,0,1.085354028873553e-10,2.5965938112103173e-09,1.7314570601674915e-09,1.1181872230299456e-10,0,0
275,1,0,2.5865087849297197e-11,6.8644231985627029e-09,2.0229314657128127e-08,2.1174849832559565e-11,0,0
276,0,0,2.7222668563808838e-13,1.8443729609989069e-09,4.1413835861910273e-10,3.1316979411385849e-13,0,0
277,0,0,4.744382664512159e-11,1.1078660803107526e-08,2.8643502544890662e-09,6.4123928389392404e-11,0,0
278,0,0,0,1.4043031287856592e-09,8.0664391256498238e-09,4.1787251726619947e-17,0,0
279,0,0,7.3639316866547233e-11,8.8292445537903223e-10,1.8108278051782346e-09,8.8680831331296879e-11,0,0
280,0,0,0,7.8123718714394091e-09,9.7757738738966581e-09,2.7019575919901153e-17,0,0
281,1,0,3.9474645774362216e-10,2.4185853042000139e-09,1.6944727535061377e-09,3.6236279934230977e-10,0,0
282,0,0,2.4869972747865177e-10,4.8500488018557717e-09,6.0321491430197e-10,3.0929825115626074e-10,0,0
283,1,0,1.9239587700781158e-10,1.0549048736101771e-08,7.8219203432169411e-09,2.3239367560933481e-10,0,0
284,0,0,0,9.0576769825870858e-09,1.4541404946474293e-08,2.1725671412790588e-18,0,0
285,0,0,1.1879386363489175e-12,9.7751453026168684e-09,8.093104257984218e-09,1.4590313468663638e-12,0,0
286,1,0,2.4040014423576395e-10,8.5353956563106339e-10,3.9202946637449882e-09,2.2032824090697252e-10,0,0
287,1,0,1.545874539488068e-10,5.3490864507653794e-09,1.9255598927956106e-09,1.6236286244948351e-10,0,0
288,0,0,2.1405099914773018e-13,3.7245521190258768e-09,7.4905232688394069e-10,2.0381851607839543e-13,0,0
289,0,0,1.5301093725383907e-11,1.8162994778168768e-08,5.2488885289759602e-09,2.0939074198258064e-11,0,0
290,1,0,2.9708502324865549e-10,4.8671456026376109e-09,4.6130789176796927e-09,3.4899027201603805e-10,0,0
291,1,0,0,9.1404273019327935e-09,5.8942112312497958e-09,1.7601019693157698e-17,0,0
292,0,0,0,5.4157970627927206e-09,6.4404158200875256e-09,4.3913433280162807e-17,0,0
293,0,0,2.1016122175865348e-10,4.5080810788767965e-09,2.7141416547419283e-09,2.3792179007767681e-10,0,0
294,0,0,0,9.0552146173314706e-11,6.5708647311092792e-11,4.4408920985006262e-16,1,0
295,0,0,9.1401997082130038e-11,6.2213001469957851e-10,1.9055156845097077e-09,1.0177143090323806e-10,0,0
296,1,0,0,5.3872472869113408e-09,4.8589829642407946e-09,1.0265247270284074e-16,0,0
297,0,0,9.8882679822054342e-11,8.4863443713163482e-10,5.6920415334542311e-09,1.1320891897401499e-10,0,0
298,0,0,9.1127105861232849e-13,6.2087567832822486e-09,3.0610270666948304e-09,8.1407280945562859e-13,0,0
299,0,0,1.4592771435673058e-12,6.477976897962491e-10,1.4416763433155149e-08,1.3398524212572014e-12,0,0
300,1,0,4.2565506674918652e-11,5.1233160740253348e-09,1.6166790529504171e-09,4.9066543390009248e-11,0,0
301,0,0,0,7.3307833077157817e-11,7.3307833077157817e-11,3.3306690738754696e-16,1,0
302,1,0,2.3271207183483966e-10,1.8384018846865378e-09,5.1792781591332392e-09,2.7733834249490126e-10,0,0
303,1,0,0,6.8106892765812492e-10,9.6076285036652007e-09,4.5480320722059122e-18,0,0
304,0,0,3.2832048191266949e-10,1.0694171866712615e-09,1.3853158379606538e-09,4.0159709649227185e-10,0,0
305,0,0,0,8.1300348498426105e-11,1.0531847156310053e-10,3.3306690738754696e-16,1,0
306,0,0,1.3264811471458415e-10,9.616436029591574e-09,5.1807460701795395e-09,1.5008993845361768e-10,0,0
307,0,0,1.0027534358414414e-12,7.9419726783408767e-09,3.8986024708516803e-09,9.409021046328655e-13,0,0
308,1,0,3.7623681947707155e-11,2.5187596026681012e-09,2.5595957682652336e-09,4.870448382081286e-11,0,0
309,0,0,1.0369483049998962e-12,5.5821782191874673e-10,5.2521056398088983e-10,9.6873657885233724e-13,0,0
310,1,0,2.0206059048177849e-13,6.1633706974646048e-09,4.8917077710654178e-09,2.5286036262776104e-13,0,0
311,0,0,8.7410079174787825e-12,6.372466591053498e-09,7.7056166388484612e-09,8.0158197065923345e-12,0,0
312,1,0,0,7.8984194608789433e-09,3.2772110214271059e-09,4.0025237597823684e-17,0,0
313,0,0,6.2172489379008766e-14,3.3531109624421742e-09,2.1937362302844044e-09,6.1765527052050988e-14,0,0
314,0,0,3.4638958368304884e-14,8.3909511801580777e-09,3.2996253936763915e-09,4.0022336010902769e-14,0,0
315,0,0,8.524958516886727e-11,3.865731816742135e-09,8.9593598368852645e-10,1.0064765586945976e-10,0,0
316,0,0,6.1248783822520636e-12,5.3529401868931983e-09,1.3782716345674406e-08,5.6171719622447077e-12,0,0
317,0,0,2.2259794008050449e-10,6.0700057081404979e-09,8.1155112157527095e-09,2.6123443637920972e-10,0,0
318,0,0,7.9491968563161208e-14,2.9600309878200024e-10,7.8307619666445568e-10,8.8490857520366089e-14,0,0
319,0,0,0,1.130080161484453e-10,7.019486559739249e-11,1.1102230246251565e-16,1,0
320,1,0,8.8817841970012523e-16,3.1066560324933093e-09,3.1335992092882491e-09,1.0259006313140672e-15,0,0
321,0,0,7.5495165674510645e-15,4.1845019289684879e-09,3.7841003244355604e-09,1.0585538848849772e-14,0,0
322,0,0,1.0969003483296547e-12,9.5809503051739674e-09,4.1260043538582464e-09,1.3194917744574789e-12,0,0
323,1,0,2.9162583459196867e-10,7.4637955277171324e-09,5.0915255987678387e-09,2.5708494694604311e-10,0,0
324,0,0,1.9095836023552692e-13,9.5933666562269814e-09,9.7778501575399375e-09,2.4589611216695289e-13,0,0
325,1,0,7.2164496600635175e-13,6.2146262987637857e-09,3.1231176583183168e-09,8.643309505579971e-13,0,0
326,0,0,0,4.5185838041052902e-09,2.5959067830818257e-09,7.5710563294568559e-18,0,0
327,0,0,1.3861800596259855e-10,4.8764696646389372e-09,2.9346298996244251e-09,1.2183199471619053e-10,0,0
328,0,0,1.5543122344752192e-13,6.7519199298757557e-10,8.6188395899631123e-09,1.8647930862401665e-13,0,0
329,1,0,2.4014479294010016e-10,2.4833465101003115e-10,1.2350775330521159e-09,2.2009404501118295e-10,0,0
330,0,0,1.9841905896100798e-12,5.2830388562011506e-09,2.0499675147151727e-09,1.7833484751654091e-12,0,0
331,1,0,1.042277375518097e-12,1.1837502960440069e-08,8.2477187054838105e-09,1.2956753160915125e-12,0,0
332,0,0,1.5099033134902129e-14,1.7569419358988982e-10,1.400203843307276e-10,1.7839151808854277e-14,0,0
333,0,0,1.0471623568264476e-12,8.1735998635375915e-09,5.7585103370239556e-09,9.5167732964917278e-13,0,0
334,0,0,4.0699887904338539e-11,3.8438136724019797e-09,2.7925474990516125e-09,4.8487495075979073e-11,0,0
335,0,0,6.0174087934683484e-13,1.2924927876696458e-08,1.0573523166629057e-08,7.7178167493457511e-13,0,0
336,0,0,6.5725203057809267e-14,8.4206766238140675e-09,8.5399960133031085e-09,6.0609039444077871e-14,0,0
337,1,0,0,2.279487892519331e-09,8.5998074851260906e-09,1.1916469312045682e-16,0,0
338,0,0,1.2445688923889975e-10,5.8382953069538044e-09,1.6674040102067498e-09,1.5738824141324702e-10,0,0
339,0,0,0,1.2043289165058224e-10,8.3164135270696965e-11,3.3306690738754696e-16,1,0
340,0,0,3.5083047578154947e-14,3.6087084816902106e-10,1.2390048201626084e-08,5.241067212951861e-14,0,0
341,0,0,1.546309746913721e-10,1.9744556811949831e-10,1.9744556811949831e-10,2.5582103102550491e-10,1,0
342,1,0,4.4408920985006262e-16,5.2165311121651781e-09,2.526782638545854e-10,3.5967006267634544e-16,0,0
343,0,0,1.8199663998075266e-11,3.8835182747339317e-09,5.1407376380496831e-09,1.668707440255256e-11,0,0
344,0,0,0,5.5696505418409962e-11,7.7619983861473164e-11,1.1102230246251565e-16,1,0
345,0,0,1.5276668818842154e-12,7.4300865546276806e-09,6.7948118521684484e-09,1.7872944040819839e-12,0,0
346,1,0,2.7187141427020833e-12,1.514618729581301e-09,1.5186424775302508e-09,3.1517396582122296e-12,0,0
347,1,0,3.1086244689504383e-15,7.8157451522878436e-09,3.3309544046857136e-09,2.8610731767071045e-15,0,0
348,1,0,2.7244873024301342e-12,1.8420938815531142e-09,2.8558979702499834e-09,3.1581879349313622e-12,0,0
349,0,0,1.3185008640448359e-12,6.8914124383954785e-09,1.512947837238293e-08,1.9515211141866229e-12,0,0
350,1,0,1.0392575688911165e-11,7.2635140327239618e-09,6.8725975984298736e-09,1.219574076344682e-11,0,0
351,0,0,1.3481660232628201e-11,2.1601384788499962e-09,1.9696102886383892e-09,1.5597360996617977e-11,0,0
352,1,0,5.773159728050814e-15,8.5105321222351962e-09,7.5028368815779519e-09,6.5438488489482396e-15,0,0
353,0,0,4.0304648507571983e-11,1.077366120567774e-08,1.9422545373672557e-09,5.0323625011673657e-11,0,0
354,0,0,9.7424290856906737e-12,1.2692328012632036e-12,1.8474891473047887e-08,1.6818441064659899e-11,0,0
355,0,0,0,6.0696527676036435e-09,3.8627120783344941e-09,1.3206302127904218e-16,0,0
356,1,0,0,3.7826590541696177e-09,3.7488420649774776e-09,3.2103269892714791e-18,0,0
357,0,0,4.1690650931514028e-11,1.270766336475889e-09,2.9147125888163669e-09,3.9732226946912842e-11,0,0
358,0,0,0,6.7199394239963579e-09,6.7199394239963579e-09,0,0,0
359,0,0,2.376143726223745e-11,2.3777421046279696e-09,1.2245742073941838e-08,3.5199315554449985e-11,0,0
360,0,0,0,3.7254396695935229e-09,7.6001170508425466e-09,1.888833314026091e-17,0,0
361,0,0,1.7719159473017498e-13,1.5794177163467633e-09,1.5414452046368813e-09,2.0752938329538369e-13,0,0
362,0,0,0,5.9248609403874545e-09,7.9655662635675205e-09,2.9426155434879511e-17,0,0
363,0,0,0,6.470173842228458e-09,3.4972272949216465e-09,8.5091611766799665e-17,0,0
364,1,0,1.276525551929808e-10,2.7466949757511988e-09,1.4970784943979232e-10,1.2146102742276924e-10,0,0
365,0,0,6.2604144090983027e-11,3.1017781526064114e-11,2.7085842585440714e-11,1.1962197898895965e-10,1,0
366,0,0,1.8451062899771387e-10,5.6604068072052491e-09,1.1934338437416612e-08,2.3910108597727978e-10,0,0
367,0,0,1.5987389190286194e-10,2.5846520523518196e-09,5.6274776900773645e-09,2.0273655452409709e-10,0,0
368,0,0,1.4699352846037073e-12,1.0272682198927842e-09,2.2155141119693171e-09,1.3693776617705604e-12,0,0
369,1,0,2.7977620220553945e-12,1.1588016775810307e-09,5.7723944615651913e-09,2.6788954928137816e-12,0,0
370,1,0,8.8817841970012523e-16,1.2237222544791296e-08,1.0825539753170334e-08,1.2851176547948755e-15,0,0
371,0,0,0,3.2992513089178141e-09,4.2733550455356685e-09,0,0,0
372,0,0,3.5527136788005009e-13,1.5183271162785523e-08,1.09860664240101e-08,2.8087834889009665e-13,0,0
373,1,0,1.8518520050747611e-13,9.157097388784068e-09,3.6726718864779682e-09,1.5956996258274404e-13,0,0
374,0,1,3.8498537691111778e-11,1.6265098710425395e-07,1.525260248528463e-07,1.8392269394341686e-11,0,0
375,0,0,3.7655745188658329e-10,8.4251260540129086e-09,4.4661770797070819e-09,4.0658419928086768e-10,0,0
376,0,0,5.5910831520122883e-13,8.2317571751190566e-09,7.8223037651450324e-09,6.7725123124898326e-13,0,0
377,1,0,0,4.5253933240916871e-09,4.2058111410954403e-09,6.4103325645152378e-17,0,0
378,0,1,3.8316905204283103e-11,1.5861234446366432e-07,1.4744693801898081e-07,1.8329454029649075e-11,0,0
379,0,1,1.1215659512231468e-09,4.3704340391745289e-07,3.193873594765202e-07,1.5535275791049085e-10,0,0
380,0,1,2.5333779518632582e-10,2.4309919802464381e-06,2.7788738895209793e-06,2.0015487675475147e-11,0,0
381,0,1,1.6750067999282692e-10,3.3116586038422032e-07,3.7988921672888626e-07,2.5969176198725691e-11,0,0
382,1,0,0,1.1585407374213376e-08,1.1324841346673829e-08,2.3529196955118057e-18,0,0
383,0,1,4.8907500271866411e-10,2.4999969788451998e-07,2.2028247205800924e-07,8.5774420806871723e-11,0,0
384,0,1,2.3878410360111957e-10,4.295278216269823e-07,3.3688096260700555e-07,4.0672011672394645e-11,0,0
385,0,1,1.0945910844384343e-11,1.2892615142464024e-07,1.6547292848495489e-07,5.0786954682804702e-12,0,0
386,0,1,1.1648015885157292e-11,1.2779574739466579e-07,1.7073433319052899e-07,6.0122783658407201e-12,0,0
387,0,0,0,1.3391887051844133e-08,1.0750208984395071e-08,7.9625242469058477e-17,0,0
388,0,1,6.2616578588858829e-14,1.0105492831027695e-06,1.0491894653960875e-06,9.3860899900185968e-15,0,0
389,0,1,1.0168310637936884e-11,1.0762380949081883e-07,1.4082660930364308e-07,4.9446675618845675e-12,0,0
390,0,0,6.6209260296545835e-12,1.2736795717731004e-09,2.7156290779557915e-09,6.4782924024307191e-12,0,0
391,0,1,3.0335733924857777e-12,4.8372869290181991e-07,4.5248861858419742e-07,3.8688582200302876e-13,0,0
392,0,1,5.545786052607582e-12,1.5392781246197604e-07,1.3998219743733626e-07,2.7103134259103732e-12,0,0
393,0,1,7.1942451995710144e-14,1.9380020791477089e-06,1.8276000598504636e-06,6.2523555443922234e-15,0,0
394,0,1,5.0515014393681668e-10,1.2813649651112909e-07,1.4382734856790817e-07,2.5260927015357862e-10,0,0
395,0,1,2.7122037948856814e-10,2.9396935616983006e-06,2.6882057842709813e-06,6.5583210328041628e-12,0,0
396,0,1,1.4132250925058543e-11,6.1803583562139568e-08,5.3554421320987625e-08,9.7594363532608782e-12,0,0
397,0,1,9.8308028384508361e-12,1.7354193213339567e-07,1.6475738890004864e-07,4.5569863159943831e-12,0,0
398,1,0,3.4068925458541344e-10,1.1917916741540176e-08,1.2025840343905172e-08,4.3434321651973926e-10,0,0
399,0,1,1.1568523916594131e-12,1.1873163108949872e-07,1.5850530514048007e-07,6.0815672028787641e-13,0,0
400,0,1,1.4627410394041362e-11,7.1400711344138054e-07,7.2264881354321579e-07,2.6987447203464371e-12,0,0
401,1,0,5.5946358656910888e-11,4.5357342718730759e-08,3.7987331647526173e-08,3.3532601955183247e-11,0,0
402,0,0,4.9764636855798017e-12,4.6652659108275714e-10,5.0064284625682446e-09,5.067758368196492e-12,0,0
403,0,1,1.9984014443252818e-14,1.4159717129497984e-07,1.2891759670525298e-07,1.0099953982078956e-14,0,0
404,0,0,9.3258734068513149e-14,1.3843722906010692e-08,4.2750199854067082e-08,5.3965676519915167e-14,0,0
405,0,1,2.0494970165430004e-09,4.6870570501430131e-07,1.7519984915783825e-07,3.003620313596596e-10,0,0
406,0,1,2.2095214546880015e-11,4.0552529582121886e-07,4.6481108175376387e-07,3.5934598432235141e-12,0,0
407,0,1,4.8729154045190626e-10,4.198385572247606e-07,3.9969641131799577e-07,6.6012863729152257e-11,0,0
408,0,1,9.7699626167013776e-13,1.4939664990719287e-07,1.3615103331732872e-07,4.8193570486460365e-13,0,0
409,0,1,9.7793773079501989e-11,3.4581374251908738e-07,3.5650888952423351e-07,1.5265716272555335e-11,0,0
410,0,1,9.2987839650504611e-12,7.3127117940851229e-07,6.8700835598904117e-07,1.6796236021864249e-12,0,0
411,0,1,7.390088541114892e-12,1.8447560507268524e-06,1.6693323032238278e-06,8.2030054658447337e-13,0,0
412,0,0,3.4554581418433372e-12,1.6178493278207819e-08,1.5687282668076218e-08,4.8106373869490443e-12,0,0
413,0,0,3.0415669982630789e-12,1.6645300463295279e-08,1.3030763853571029e-08,4.2689248853420364e-12,0,0
414,0,1,3.2668090454990306e-11,1.68746606715378e-07,1.5588919443234551e-07,1.5422203468881115e-11,0,0
415,0,0,2.4011814758750916e-10,1.3454270446317608e-09,1.3454270446317608e-09,2.5658064561895344e-10,0,0
416,0,0,6.4863225901490296e-11,1.7699298776889012e-08,3.2710425322392803e-08,4.8202894514056344e-11,0,0
417,0,0,6.2172489379008766e-15,4.0881078847227173e-09,1.0551718562174925e-09,9.0184567821628065e-15,0,0
418,1,0,4.4408920985006262e-16,1.2993364990145741e-08,1.5307125401929101e-08,9.3583199314771919e-16,0,0
419,1,0,1.4139800441625994e-12,5.3300118155918866e-08,4.7870697680915769e-08,8.5317826484274797e-13,0,0
420,0,1,1.1000622635037871e-10,3.6453069243022616e-07,3.9218278295069675e-07,1.7148274682509782e-11,0,0
421,0,1,1.3356871164660333e-11,1.6086411785095323e-07,1.4675760059344436e-07,6.4775011646932893e-12,0,0
422,0,1,3.8135272717454427e-11,1.6165742898555414e-07,1.4833945677535223e-07,1.825650767071781e-11,0,0
423,0,0,0,7.0374393854948237e-09,4.5325892257984726e-09,3.2064463525626494e-17,0,0
424,0,0,1.3477086113766745e-10,1.6931208643203721e-08,1.2930173675896628e-08,1.9363397792847857e-10,0,0
425,0,0,3.6560976468535955e-10,9.4853710478057564e-09,6.3540445723643742e-09,3.843974027972763e-10,0,0
426,0,1,2.0010659795843821e-11,1.6248106370964963e-07,1.9245554265063255e-07,9.6576991087410439e-12,0,0
427,0,0,5.0230930526140583e-12,1.5420330323427955e-08,1.3121776559126574e-08,7.3218374335801494e-12,0,0
428,0,0,1.3753886918266289e-11,1.5540830707909597e-09,6.6029618764204919e-09,1.837150541568201e-11,0,0
429,0,1,3.6787914936553534e-09,6.3102348693318418e-07,3.7968262400704542e-06,2.7153339271754804e-10,0,0
430,0,1,1.8038903704109543e-12,1.1955749511312042e-07,1.1071187281556103e-07,9.4616357642060508e-13,0,0
431,0,1,1.0960565788309395e-11,6.0238656556683214e-07,6.4250494229402506e-07,2.1687998398337012e-12,0,0
432,1,0,2.7132962543419126e-11,8.6742803317891675e-08,7.5945024420468138e-08,1.5851746121892116e-11,0,0
433,0,1,1.120881165661558e-12,1.22209448800104e-07,1.0747938754742893e-07,5.895808163734511e-13,0,0
434,0,1,1.1651519749023009e-09,1.1482448022577822e-06,7.488488002627578e-07,1.8240110221551419e-10,0,0
435,0,1,3.4194869158454821e-13,1.4260570495042389e-07,1.3139667335232838e-07,1.7219045347103895e-13,0,0
436,0,1,1.4166445794216997e-13,1.3965205403673177e-07,1.2682194779537147e-07,7.1095789867697975e-14,0,0
437,0,1,1.6269559033332825e-09,3.7296685807473691e-07,7.3299317727678584e-07,1.7557248853634265e-10,0,0
438,0,1,3.1318108106859199e-09,1.6603385188035952e-07,1.3648995210270969e-06,4.979433183174453e-10,0,0
439,0,1,4.9167248050707713e-10,1.6156757776323806e-06,1.1822307679654609e-06,6.4041383968596479e-11,0,0
440,0,1,8.9794838231682661e-13,1.4870203472741167e-07,1.3534445854880913e-07,4.4301714522587679e-13,0,0
441,0,1,2.0661627964102536e-09,6.0443239929944858e-07,2.4745733200105072e-07,2.9975865373541725e-10,0,0
442,0,1,2.0103918529912335e-12,1.7989765037484386e-07,1.6758230064614588e-07,9.233506568051146e-13,0,0
443,0,1,3.1552538359846949e-12,5.347525735570174e-07,5.4181223566077068e-07,3.5801025763415625e-13,0,0
444,0,1,3.4028335704761048e-11,1.203172074739024e-07,1.5541394153956903e-07,1.6087711651073311e-11,0,0
445,0,1,4.9994053341606559e-10,3.111766246063228e-07,3.2824165070250481e-07,8.7890910624687253e-11,0,0
446,0,1,5.8859184193238434e-10,2.7712944452961851e-06,2.4131859572750704e-06,1.6228120824246295e-11,0,0
447,0,1,2.5794477664931037e-11,1.0925866559618287e-06,1.0422827105901716e-06,3.4960667539623795e-12,0,0
448,1,0,0,1.2857377554015031e-08,1.4768062316072955e-08,3.5602555601585176e-17,0,0
449,0,1,5.3290705182007514e-13,1.481927628939295e-07,1.3251508449879783e-07,2.6349371924484893e-13,0,0
450,0,0,0,3.3536740322155337e-08,2.6976965563218984e-08,9.1506933927334592e-17,0,0
451,0,1,2.5527135960601299e-11,1.6049771658804552e-07,1.4699259158051768e-07,1.2276721521364393e-11,0,0
452,0,1,5.3499427110637043e-12,1.2371527863681705e-07,1.1233068221324694e-07,2.783720744375483e-12,0,0
453,0,0,0,7.8712900925342626e-11,1.6506724952203067e-10,1.1102230246251565e-16,1,0
454,0,1,1.6535661728767082e-11,1.74799669807608e-07,1.6148644101431484e-07,7.7063335139942674e-12,0,0
455,0,1,2.1882673451045775e-10,6.6605836261213706e-07,8.1458625228330679e-07,1.9689607882408035e-11,0,0
456,0,1,1.3670931053866298e-10,7.3400476785768705e-07,8.1057408997612727e-07,1.0624890884524138e-11,0,0
457,0,1,9.8099306455878832e-13,1.5202138548551857e-07,1.3775194325188685e-07,4.8398306212348669e-13,0,0
458,0,1,1.7259749185427609e-10,2.1757683876112662e-06,2.356118516364322e-06,1.5095100438591272e-11,0,0
459,0,1,1.0635936575909e-12,3.441722218554559e-07,6.7876212970057875e-07,2.0107193762464502e-13,0,0
460,0,1,5.6534776859962221e-11,4.2515530654060003e-07,4.4305545707003468e-07,5.0996029977217749e-12,0,0
461,0,0,5.3631765695172362e-11,6.5902871007036688e-09,4.0145062334754928e-09,4.9103122357135504e-11,0,0
462,0,1,1.397326698793222e-11,6.2289195133585738e-07,6.4529299195223547e-07,2.781314739342966e-12,0,0
463,0,1,1.9104131609992692e-09,5.4047395246212774e-07,3.5316113794783274e-07,2.7294551643842304e-10,0,0
464,0,1,9.5168317670868419e-12,1.0575592075270214e-07,6.5294009543709279e-08,1.7958331072727798e-12,0,0
465,0,1,4.4408920985006262e-16,1.4346050742260197e-07,1.3179747005454396e-07,1.6309520390770853e-16,0,0
466,0,0,2.7108537636877372e-11,1.335760703895804e-08,1.6017165238571713e-08,3.9677116062098479e-11,0,0
467,0,0,0,2.2419255203135159e-08,1.8943058326529773e-08,1.4839063884230815e-17,0,0
468,0,0,8.3195672573310731e-12,8.4372511471259903e-09,5.689987043012836e-09,7.3540740137323568e-12,0,0
469,0,0,0,8.863194900661158e-11,4.5958362596024519e-11,0,1,0
470,0,1,2.6391333562969521e-11,1.6160816158440361e-07,1.4875759351496461e-07,1.2685448276330546e-11,0,0
471,0,1,5.9428018062135379e-12,1.2422259198386843e-07,1.1474056355407748e-07,3.0889381322890135e-12,0,0
472,0,1,4.9917536770749393e-10,1.5774714694321917e-07,9.5419006974568075e-08,8.7739784528918532e-11,0,0
473,0,1,1.234390367699234e-11,7.1874816963564468e-07,7.8830387561251421e-07,2.2233314901382211e-12,0,0
474,0,1,2.4007462684494385e-12,1.3752022475312918e-07,1.2381068201480548e-07,1.2181235929012775e-12,0,0
475,0,1,9.1127105861232849e-13,1.8385937771083807e-07,1.6886229466768074e-07,4.17478580411166e-13,0,0
476,0,1,3.8200109742092536e-11,1.6114757356986674e-07,1.9966746701317375e-07,1.8283112333509207e-11,0,0
477,1,0,1.4654943925052066e-14,8.3812925488745667e-09,3.443941747416115e-09,1.7227495383490261e-14,0,0
478,0,1,9.1393559387142886e-13,1.5016514681644589e-07,1.3796734696418175e-07,4.5080774575602152e-13,0,0
479,0,1,8.8471452386329474e-12,6.6287059466990035e-07,6.2159738796145339e-07,1.7157343343046379e-12,0,0
480,0,1,3.8801850621439371e-11,2.5208948292058553e-07,3.1163744975469838e-07,6.1133972546104553e-12,0,0
481,1,0,0,6.4925519723846746e-09,9.6659466617818518e-09,1.5117526591385699e-16,0,0
482,0,1,3.2859643894767032e-09,2.6003711808734487e-06,1.2962754600218362e-07,1.3297224972014908e-10,0,0
483,0,1,1.9890222802132485e-10,3.1640677078380605e-06,3.4956663004191424e-06,1.3242518806055831e-11,0,0
484,0,1,1.2067236099255751e-11,1.1875323001240614e-06,1.2272413223144252e-06,1.6852691033217399e-12,0,0
485,0,0,0,6.1719694460008411e-11,8.9444543832760342e-11,8.8817841970012523e-16,1,0
486,0,0,3.4252023439762525e-10,4.3810817860495403e-09,2.4936362120829214e-10,4.2259276546516398e-10,0,0
487,0,1,9.85833636946154e-12,7.2337430396951898e-07,6.8954291652509241e-07,1.7962412879085714e-12,0,0
488,0,1,1.397415516635192e-11,1.5439037233482809e-07,1.4049657723819103e-07,6.7734919774267815e-12,0,0
489,0,1,2.0161650127192843e-13,1.4069147085209538e-07,1.2823681199939786e-07,1.0140864339860277e-13,0,0
490,0,1,9.3494101349733683e-12,1.1081719818207251e-07,1.4281425436605187e-07,4.5500951893943553e-12,0,0
491,0,1,4.0363268283272191e-12,1.2275360748698144e-07,1.1127902431547252e-07,2.1054095475706208e-12,0,0
492,0,1,3.1796787425264483e-12,1.2552043650746837e-07,1.1338874184775675e-07,1.6616507176973173e-12,0,0
493,0,0,0,4.7363560817550728e-09,4.6757896912159291e-09,0,0,0
494,0,1,3.525180147789797e-12,1.5581647609146156e-07,1.3846749292738133e-07,1.7277983347112858e-12,0,0
495,0,0,0,1.1214437307780445e-08,9.3386540144832417e-09,3.1496881602463485e-17,0,0
496,0,0,1.7947243691196491e-10,2.4733601385226488e-09,1.1392346747777157e-10,2.1646107465119526e-10,0,0
497,0,0,4.2099657093785936e-13,5.4431723743523377e-09,4.4268127293384233e-09,5.4591015719744606e-13,0,0
498,0,0,2.9012348079504591e-11,4.6388529447506495e-09,7.6321541851352034e-09,2.3954626336260183e-11,0,0
499,0,0,4.0856207306205761e-14,2.985296732289751e-09,2.6281953699655713e-10,5.429056559098854e-14,0,0
500,1,0,3.7836400679225335e-13,6.4573246582884842e-09,5.111241897608541e-09,4.7006123288788317e-13,0,0
501,1,0,2.7977620220553945e-14,2.5794185550015175e-09,4.3340885178519698e-09,3.2695936287414196e-14,0,0
502,0,0,0,3.4714413604627191e-09,1.1987564762144986e-09,3.7489591067462215e-17,0,0
503,0,0,0,1.317443885321846e-08,3.7360012767534404e-09,0,0,0
504,0,0,9.4124708027720771e-12,9.2444939254527116e-09,5.2084421293290441e-09,1.0852884361503157e-11,0,0
505,1,0,2.7435831384536868e-12,8.751032028181076e-09,1.1416925581673484e-08,3.4003038085403698e-12,0,0
506,0,0,4.5018611061209413e-10,1.4880865357287518e-08,1.5265426908250177e-08,3.6640445696203027e-10,0,0
507,1,0,4.4408920985006262e-16,1.3522799017404231e-08,2.32015984612201e-08,2.5683926054741256e-16,0,0
508,0,0,5.4551918537981692e-12,5.2924853016326961e-09,6.004676727291683e-09,6.7105553132781707e-12,0,0
509,0,0,1.510658265146958e-11,9.2323361979251969e-09,1.1235334600916917e-08,1.9825175427887604e-11,0,0
510,1,0,3.3779645747245013e-11,2.207750345844942e-09,4.9870025199751018e-09,3.8269293156793306e-11,0,0
511,0,0,1.0182965581861936e-11,1.1047240076174859e-08,6.7774807696462462e-09,1.2665957867403122e-11,0,0
512,0,0,0,1.4107633447481152e-08,1.0188015159792686e-08,4.123003521690077e-17,0,0
513,0,0,8.3044682241961709e-14,1.5804780011175771e-09,2.1948016781042641e-09,1.0102401849384195e-13,0,0
514,0,0,4.2868375516036394e-11,1.8858740556074448e-10,1.4142458447266602e-10,1.0091305568948883e-10,1,0
515,1,0,0,2.9835802225288097e-09,1.3045137907832963e-08,1.487111431115761e-16,0,0
516,0,0,8.8817841970012523e-14,1.9560970250146082e-09,6.0673428365090944e-09,1.1069514999561178e-13,0,0
517,1,0,7.9936057773011271e-15,8.7258990975034224e-09,6.2925086674977175e-10,6.9409266846228688e-15,0,0
518,0,0,0,5.5537445324905147e-09,3.8052818632865171e-09,1.4833869840591128e-17,0,0
519,1,0,9.3702823278363212e-14,8.0953976803285235e-09,7.5527489599872249e-09,1.2000099508757434e-13,0,0
520,1,0,4.4408920985006262e-16,9.505463223018678e-09,4.4414351366641532e-09,1.4892175638493386e-16,0,0
521,0,0,0,5.6125086190201017e-09,6.4390105205336815e-09,1.8468007614582335e-17,0,0
522,0,1,2.3033575047293198e-11,1.5652740646911678e-07,1.9063902390536762e-07,1.1094837375284232e-11,0,0
523,0,0,6.9131367297359247e-12,1.5955222996159352e-08,1.37050420723949e-08,5.470261564318779e-12,0,0
524,1,0,6.9677597025474824e-12,2.0703877988024971e-08,1.6669354621769983e-08,5.0969676587863776e-12,0,0
525,0,0,0,1.3686361528913314e-08,1.2841351967490662e-08,1.8753580569872981e-17,0,0
526,0,0,1.3322676295501878e-15,5.6373886848323987e-09,2.6153557924265778e-09,1.8885072515607788e-15,0,0
527,0,0,1.4745626941703449e-10,1.2845870821619897e-10,5.3287472963029149e-11,2.1778234771119287e-10,1,0
528,0,0,1.1080025785759062e-10,3.308186830855344e-10,2.2854347182838332e-10,2.4055357705776714e-10,1,0
529,0,0,1.0297718233687192e-10,4.0156664348381679e-09,3.9723677367873511e-09,1.061591837779556e-10,0,0
530,0,0,0,9.7303880914863558e-09,7.7840026220568699e-09,2.1516496518790492e-17,0,0
531,0,0,2.042810365310288e-14,8.386113341297693e-09,4.9861826552635143e-09,2.4020799600096193e-14,0,0
532,0,0,1.5631940186722204e-13,6.237446226789632e-09,8.1253627425211613e-09,1.8192674328497869e-13,0,0
533,0,0,2.0271784251235658e-11,9.1008704618742728e-09,6.2892283094855093e-09,1.6629517069264286e-11,0,0
534,0,0,3.5527136788005009e-15,3.5499177131991628e-09,6.5880167633564373e-10,3.4518236666804337e-15,0,0
535,1,0,1.0125233984581428e-13,6.3537197407473919e-09,1.085755599807482e-09,1.1381439793706604e-13,0,0
536,0,0,2.3952395622472977e-11,4.9091931790146047e-09,7.9455133625120134e-09,2.0137171406431084e-11,0,0
537,0,0,1.6858514584328077e-10,2.383462649812301e-10,3.091910141159556e-10,2.6419311183190075e-10,1,0
538,0,0,2.8058977363798476e-10,9.0839577207958424e-10,8.0368331417079296e-09,3.4824931827159844e-10,0,0
539,0,0,1.2812861882594007e-11,2.29447072632285e-09,4.9127650910337566e-10,1.1960137960496136e-11,0,0
540,1,0,6.6613381477509392e-15,3.9451784343595645e-09,2.5520751111794178e-09,7.24140018428711e-15,0,0
541,0,0,9.9954267085422543e-11,9.9041143730266632e-09,9.0863998372433467e-09,7.9967652254270549e-11,0,0
542,1,0,1.6731371843548004e-10,1.0336279684775862e-08,9.6511186871785562e-09,2.0895099966297857e-10,0,0
543,1,0,2.3003821070233244e-13,5.6529211201642785e-09,1.0162637004443894e-08,2.9977787106685635e-13,0,0
544,1,0,1.3411494137471891e-13,5.8555487994343215e-09,7.7032971541155536e-09,1.0950269447934477e-13,0,0
545,1,0,0,3.4658273485902739e-09,1.0872046750562241e-09,2.9365653048184278e-17,0,0
546,1,0,0,1.1543321234128621e-10,5.5347578085243566e-11,4.1404449172903153e-17,0,0
547,0,0,1.7876811142514271e-11,3.0767089630242217e-09,2.7724742089507888e-09,1.7028335929022334e-11,0,0
548,1,0,1.8109069799265853e-11,1.2875678090820963e-08,2.4927763251807007e-08,1.4080493355599174e-11,0,0
549,0,0,2.1314505715963605e-11,1.5934449881554628e-08,1.291286969658986e-08,2.8704373686097478e-11,0,0
550,0,0,0,8.7769268080633612e-09,7.7132408167488589e-09,3.3687742747490292e-17,0,0
551,0,0,6.4526162191214098e-13,1.3184888922905647e-08,1.2374512472576552e-08,8.6246484101693731e-13,0,0
552,0,0,1.3411494137471891e-12,1.9336726934723377e-09,6.5489634816378111e-10,1.5474659729360175e-12,0,0
553,0,0,3.1086244689504383e-15,6.395990501967254e-09,1.0432314935591732e-08,3.7218671496264369e-15,0,0
554,0,0,6.567635324472576e-12,8.8902597232268682e-09,6.0369041610431728e-09,8.3237776133698767e-12,0,0
555,1,0,6.6568972556524386e-13,6.9510117629040665e-09,1.7715526852944521e-09,8.1232754720227154e-13,0,0
556,0,0,1.1661782650662644e-12,1.6813972740906551e-09,1.813137553806624e-09,1.3718703226477904e-12,0,0
557,0,0,2.4604318582532869e-11,6.497794065327317e-09,6.1707883350453633e-10,2.3434671162486683e-11,0,0
558,1,0,3.907985046680551e-14,6.4933480604843578e-09,7.0439472236250341e-09,4.6517977036424559e-14,0,0
559,0,0,9.610090501155355e-13,8.1710927362890242e-11,5.0593543371938069e-09,1.169085755226222e-12,0,0
560,1,0,3.9612757518625585e-13,9.6729233573270897e-10,3.6590970561000904e-09,5.0990717432309947e-13,0,0
561,1,0,2.2070789640338262e-10,3.3050501483788442e-09,6.9657864172186304e-09,2.3904713227865041e-10,0,0
562,0,0,6.0022564696282643e-10,5.4248077695639801e-09,1.0468290835012881e-08,4.7988446315011741e-10,0,0
563,0,0,8.6113338682025642e-11,4.1722023318913745e-09,1.8911876878778565e-10,1.1739081482670251e-10,0,0
564,0,0,2.5705260142672159e-10,7.1922246495550087e-09,1.1573575634551492e-08,3.045862758552505e-10,0,0
565,0,0,1.3392842390658188e-11,1.1603566551312536e-08,1.9539428332811889e-08,1.0733922896523989e-11,0,0
566,0,0,1.8767654097473496e-10,2.6947559449319115e-10,7.0620148996381685e-09,2.1665902640963449e-10,0,0
567,1,0,1.5987211554602254e-14,1.2038941035157666e-08,7.0865158778012438e-09,2.0974762787491562e-14,0,0
568,1,0,1.4166445794216997e-13,9.2218420581903899e-09,2.7544223683573642e-09,1.6703522817513993e-13,0,0
569,0,0,2.8302249432954341e-11,8.6231528577675396e-11,2.0509952790295056e-11,4.7810422287852816e-11,1,0
570,0,0,0,5.4911042396026998e-09,2.8327052721841647e-10,1.144930495115297e-17,0,0
571,0,0,9.5301544433823437e-13,4.3946092497617035e-09,7.7368582842035084e-09,1.0981530016436612e-12,0,0
572,0,0,2.188209613507297e-10,3.2043428018640711e-09,3.5456975348987582e-09,2.7035243331925879e-10,0,0
573,0,0,1.2331025089906689e-10,8.3142558408411675e-10,4.2872027231836879e-09,1.3370925177896832e-10,0,0
574,0,0,2.9709568138969189e-13,1.6049933744356055e-09,6.1035709941147722e-09,3.515105784137591e-13,0,0
575,1,0,2.6423307986078726e-13,1.9863800443131274e-09,2.0118649211933227e-09,2.9785138796310889e-13,0,0
576,0,0,0,6.3723549602917655e-11,1.0166054489244161e-10,4.4408920985006262e-16,1,0
577,0,0,3.4665603720895888e-12,7.7518037531611551e-09,3.8909700528182286e-09,4.1801122506613589e-12,0,0
578,0,0,3.3077540706472064e-10,3.8863478860363167e-10,3.8863478860363167e-10,4.7228987387626375e-10,1,0
579,1,0,2.4134205744985593e-10,6.407916940517937e-09,4.078352674318271e-10,2.2119100749939461e-10,0,0
580,0,0,2.230646778400569e-10,6.3125716235948463e-09,3.26774677670744e-09,2.4812174032106567e-10,0,0
581,0,0,3.7938452379648879e-10,2.2583925882205569e-09,3.5748165145822584e-11,4.3459956488128372e-10,0,0
582,0,0,3.2440894415231014e-10,9.0290788250873437e-09,9.3328344686901382e-10,4.4488090988892282e-10,0,0
583,0,0,7.900524678916554e-11,9.4109539102539617e-09,3.6461977120377578e-09,9.1585854417562442e-11,0,0
584,0,0,6.8256511553954624e-13,1.3322077769518927e-09,3.2835765212879162e-09,7.5768505076460564e-13,0,0
585,0,0,8.9626084331939637e-11,6.334504292218508e-10,8.1951839606988074e-10,1.0907237412106615e-10,0,0
586,1,0,1.6076029396572267e-13,6.1183962505003917e-09,8.188574676631987e-09,1.876654306257483e-13,0,0
587,0,0,1.0463185873277325e-11,6.5020125695028881e-09,2.3670523677806902e-09,9.7670604471431072e-12,0,0
588,0,0,1.8856027850233659e-12,5.0617215129517316e-09,1.097123573970693e-09,1.6892646493348889e-12,0,0
589,0,0,1.5640821970919205e-12,5.3977068400723526e-09,1.4498768059875741e-09,1.7393995932344449e-12,0,0
590,0,0,3.4410874150125892e-10,2.9100730800777845e-09,2.9263815589661846e-09,3.1530451083222509e-10,0,0
591,0,0,1.8878232310726162e-12,7.6261781038336368e-09,2.3326827379048139e-08,3.2073442730654754e-12,0,0
592,0,0,3.9968028886505635e-15,2.7906541684182713e-09,4.1816705664857012e-09,3.9614673588258742e-15,0,0
593,0,0,1.7559287357471476e-12,8.3596977109014063e-09,1.4150683246292083e-09,1.5907309976090312e-12,0,0
594,1,0,5.3290705182007514e-15,1.0263089770125217e-08,6.3798732685184456e-09,6.4279203697241445e-15,0,0
595,1,0,1.3745449223279138e-11,6.6395805693609353e-09,4.782249451530593e-09,1.7523837632915591e-11,0,0
596,1,0,1.1919354392375681e-12,6.0591440779681456e-09,1.2666675355733127e-09,1.4059042942439358e-12,0,0
597,0,0,1.6287904358591732e-10,9.0721897150151754e-10,1.0882081004350268e-09,1.8688777288057607e-10,0,0
598,0,0,1.7763568394002505e-15,1.1146946290965783e-08,1.1242329196501765e-08,2.3280929687404776e-15,0,0
599,0,0,8.8817841970012523e-14,5.1384941564961519e-09,4.6107573814935538e-09,1.0147844773782483e-13,0,0
