method,timing_kind,repetition,value_ms
fp64,kernel,0,473.199554443
fp64,e2e,0,477.640777588
fp64,kernel,1,472.574310303
fp64,e2e,1,477.784576416
fp64,kernel,2,471.953857422
fp64,e2e,2,478.322723389
fp64,kernel,3,470.657714844
fp64,e2e,3,483.722167969
fp64,kernel,4,470.269287109
fp64,e2e,4,480.724487305
fp64,kernel,5,471.870025635
fp64,e2e,5,481.241912842
fp64,kernel,6,472.698913574
fp64,e2e,6,478.924835205
fp64,kernel,7,474.074737549
fp64,e2e,7,477.813293457
fp64,kernel,8,472.436889648
fp64,e2e,8,480.378723145
fp64,kernel,9,474.701019287
fp64,e2e,9,480.577484131
fp64,kernel,10,472.130950928
fp64,e2e,10,480.473693848
fp64,kernel,11,472.271209717
fp64,e2e,11,481.610900879
fp64,kernel,12,473.028991699
fp64,e2e,12,479.703918457
fp64,kernel,13,473.577819824
fp64,e2e,13,477.62197876
fp64,kernel,14,471.517181396
fp64,e2e,14,481.413604736
fp64,kernel,15,472.033081055
fp64,e2e,15,480.159820557
fp64,kernel,16,473.024108887
fp64,e2e,16,480.74786377
fp64,kernel,17,470.075836182
fp64,e2e,17,480.930114746
fp64,kernel,18,473.62979126
fp64,e2e,18,483.211456299
fp64,kernel,19,470.806396484
fp64,e2e,19,480.804626465
fp64,kernel,20,473.431549072
fp64,e2e,20,481.576843262
fp64,kernel,21,476.566802979
fp64,e2e,21,482.08996582
fp64,kernel,22,472.493652344
fp64,e2e,22,478.166778564
fp64,kernel,23,472.683258057
fp64,e2e,23,478.255004883
fp64,kernel,24,472.630340576
fp64,e2e,24,478.960388184
fp64,kernel,25,474.489196777
fp64,e2e,25,479.921295166
fp64,kernel,26,475.833282471
fp64,e2e,26,479.910888672
fp64,kernel,27,469.14956665
fp64,e2e,27,479.73638916
fp64,kernel,28,470.584869385
fp64,e2e,28,480.590789795
fp64,kernel,29,475.58972168
fp64,e2e,29,479.537811279
fp32,kernel,0,37.3464012146
fp32,e2e,0,43.9826545715
fp32,kernel,1,37.1415367126
fp32,e2e,1,44.0533447266
fp32,kernel,2,37.104927063
fp32,e2e,2,44.0247344971
fp32,kernel,3,37.5123825073
fp32,e2e,3,44.2415046692
fp32,kernel,4,37.0758094788
fp32,e2e,4,44.0024642944
fp32,kernel,5,37.0577583313
fp32,e2e,5,44.066368103
fp32,kernel,6,37.3364143372
fp32,e2e,6,44.1430702209
fp32,kernel,7,37.2687034607
fp32,e2e,7,43.9371528625
fp32,kernel,8,37.2108802795
fp32,e2e,8,44.4724807739
fp32,kernel,9,36.9556159973
fp32,e2e,9,43.9377593994
fp32,kernel,10,37.1357116699
fp32,e2e,10,44.5569915771
fp32,kernel,11,37.4238739014
fp32,e2e,11,43.8690872192
fp32,kernel,12,37.1143684387
fp32,e2e,12,44.3224639893
fp32,kernel,13,37.0434570312
fp32,e2e,13,43.9798736572
fp32,kernel,14,37.4178886414
fp32,e2e,14,44.1361923218
fp32,kernel,15,37.1067848206
fp32,e2e,15,44.274017334
fp32,kernel,16,37.3638725281
fp32,e2e,16,44.0206069946
fp32,kernel,17,37.0622406006
fp32,e2e,17,44.3964805603
fp32,kernel,18,37.1201591492
fp32,e2e,18,44.2331504822
fp32,kernel,19,37.1435203552
fp32,e2e,19,44.154624939
fp32,kernel,20,37.0973434448
fp32,e2e,20,44.1726722717
fp32,kernel,21,37.1518707275
fp32,e2e,21,44.0907211304
fp32,kernel,22,37.2253112793
fp32,e2e,22,44.0341453552
fp32,kernel,23,37.0984954834
fp32,e2e,23,43.7895050049
fp32,kernel,24,37.3412818909
fp32,e2e,24,44.4964485168
fp32,kernel,25,37.1889915466
fp32,e2e,25,44.5309448242
fp32,kernel,26,37.0163192749
fp32,e2e,26,44.5459213257
fp32,kernel,27,38.0245742798
fp32,e2e,27,43.8920326233
fp32,kernel,28,37.1281585693
fp32,e2e,28,44.4037132263
fp32,kernel,29,37.1336326599
fp32,e2e,29,44.0235824585
df32_adaptive,kernel,0,51.7948150635
df32_adaptive,e2e,0,59.3325424194
df32_adaptive,kernel,1,52.0788803101
df32_adaptive,e2e,1,58.6682548523
df32_adaptive,kernel,2,51.6915512085
df32_adaptive,e2e,2,59.2377929688
df32_adaptive,kernel,3,51.984992981
df32_adaptive,e2e,3,59.1926727295
df32_adaptive,kernel,4,51.8093452454
df32_adaptive,e2e,4,58.8418235779
df32_adaptive,kernel,5,51.9889297485
df32_adaptive,e2e,5,59.213470459
df32_adaptive,kernel,6,51.7930221558
df32_adaptive,e2e,6,58.7022094727
df32_adaptive,kernel,7,52.0216331482
df32_adaptive,e2e,7,60.1351051331
df32_adaptive,kernel,8,51.9124488831
df32_adaptive,e2e,8,59.2932167053
df32_adaptive,kernel,9,52.2431678772
df32_adaptive,e2e,9,58.7432632446
df32_adaptive,kernel,10,51.7475852966
df32_adaptive,e2e,10,59.0948486328
df32_adaptive,kernel,11,52.074016571
df32_adaptive,e2e,11,58.564289093
df32_adaptive,kernel,12,51.9119377136
df32_adaptive,e2e,12,59.289024353
df32_adaptive,kernel,13,51.9002876282
df32_adaptive,e2e,13,58.5376014709
df32_adaptive,kernel,14,52.3575363159
df32_adaptive,e2e,14,58.779712677
df32_adaptive,kernel,15,51.9281616211
df32_adaptive,e2e,15,59.049823761
df32_adaptive,kernel,16,52.3836784363
df32_adaptive,e2e,16,58.9316177368
df32_adaptive,kernel,17,51.9099845886
df32_adaptive,e2e,17,58.9925422668
df32_adaptive,kernel,18,52.0770874023
df32_adaptive,e2e,18,58.7846717834
df32_adaptive,kernel,19,51.9863052368
df32_adaptive,e2e,19,58.9785919189
df32_adaptive,kernel,20,52.1825294495
df32_adaptive,e2e,20,59.1998062134
df32_adaptive,kernel,21,51.8709106445
df32_adaptive,e2e,21,58.5311050415
df32_adaptive,kernel,22,52.1348152161
df32_adaptive,e2e,22,58.7986564636
df32_adaptive,kernel,23,51.831905365
df32_adaptive,e2e,23,58.5747184753
df32_adaptive,kernel,24,51.9004478455
df32_adaptive,e2e,24,59.0638084412
df32_adaptive,kernel,25,51.9269104004
df32_adaptive,e2e,25,58.8922576904
df32_adaptive,kernel,26,51.9374732971
df32_adaptive,e2e,26,58.8045425415
df32_adaptive,kernel,27,51.8876800537
df32_adaptive,e2e,27,58.9344978333
df32_adaptive,kernel,28,52.2814407349
df32_adaptive,e2e,28,58.7968635559
df32_adaptive,kernel,29,51.8483505249
df32_adaptive,e2e,29,59.0969276428
fp32_df32_refine,kernel,0,50.9986877441
fp32_df32_refine,e2e,0,57.8600311279
fp32_df32_refine,kernel,1,51.1989440918
fp32_df32_refine,e2e,1,58.3605117798
fp32_df32_refine,kernel,2,50.9893760681
fp32_df32_refine,e2e,2,58.666847229
fp32_df32_refine,kernel,3,51.2761917114
fp32_df32_refine,e2e,3,58.1269111633
fp32_df32_refine,kernel,4,51.1544647217
fp32_df32_refine,e2e,4,58.1477127075
fp32_df32_refine,kernel,5,51.4829101562
fp32_df32_refine,e2e,5,57.777633667
fp32_df32_refine,kernel,6,51.3220176697
fp32_df32_refine,e2e,6,58.3101768494
fp32_df32_refine,kernel,7,51.2884483337
fp32_df32_refine,e2e,7,58.1566390991
fp32_df32_refine,kernel,8,51.059009552
fp32_df32_refine,e2e,8,58.1322898865
fp32_df32_refine,kernel,9,51.3540153503
fp32_df32_refine,e2e,9,58.3003501892
fp32_df32_refine,kernel,10,51.0252799988
fp32_df32_refine,e2e,10,57.9883842468
fp32_df32_refine,kernel,11,51.4488334656
fp32_df32_refine,e2e,11,58.2531509399
fp32_df32_refine,kernel,12,51.1311378479
fp32_df32_refine,e2e,12,58.1188468933
fp32_df32_refine,kernel,13,51.5620155334
fp32_df32_refine,e2e,13,58.4600944519
fp32_df32_refine,kernel,14,51.0802879333
fp32_df32_refine,e2e,14,58.1672325134
fp32_df32_refine,kernel,15,51.3983345032
fp32_df32_refine,e2e,15,57.8184013367
fp32_df32_refine,kernel,16,50.9986572266
fp32_df32_refine,e2e,16,58.2862701416
fp32_df32_refine,kernel,17,51.3300476074
fp32_df32_refine,e2e,17,57.8038063049
fp32_df32_refine,kernel,18,51.1383056641
fp32_df32_refine,e2e,18,58.448638916
fp32_df32_refine,kernel,19,51.4247055054
fp32_df32_refine,e2e,19,57.9772148132
fp32_df32_refine,kernel,20,51.1062736511
fp32_df32_refine,e2e,20,58.2614402771
fp32_df32_refine,kernel,21,51.5526390076
fp32_df32_refine,e2e,21,58.3276481628
fp32_df32_refine,kernel,22,50.9552955627
fp32_df32_refine,e2e,22,57.8176002502
fp32_df32_refine,kernel,23,51.4232330322
fp32_df32_refine,e2e,23,57.9844818115
fp32_df32_refine,kernel,24,50.9474258423
fp32_df32_refine,e2e,24,58.2153930664
fp32_df32_refine,kernel,25,51.2287025452
fp32_df32_refine,e2e,25,58.4393615723
fp32_df32_refine,kernel,26,51.0634880066
fp32_df32_refine,e2e,26,58.1704330444
fp32_df32_refine,kernel,27,51.4199028015
fp32_df32_refine,e2e,27,57.9360656738
fp32_df32_refine,kernel,28,51.1091537476
fp32_df32_refine,e2e,28,58.7079048157
fp32_df32_refine,kernel,29,51.5520973206
fp32_df32_refine,e2e,29,57.8540802002
adaptive,kernel,0,498.348999023
adaptive,e2e,0,511.388427734
adaptive,kernel,1,501.470550537
adaptive,e2e,1,509.715270996
adaptive,kernel,2,498.212432861
adaptive,e2e,2,506.522003174
adaptive,kernel,3,498.539581299
adaptive,e2e,3,509.599578857
adaptive,kernel,4,502.619018555
adaptive,e2e,4,504.867614746
adaptive,kernel,5,500.060791016
adaptive,e2e,5,508.16494751
adaptive,kernel,6,501.597412109
adaptive,e2e,6,509.920837402
adaptive,kernel,7,502.421691895
adaptive,e2e,7,508.361450195
adaptive,kernel,8,500.65713501
adaptive,e2e,8,507.273010254
adaptive,kernel,9,503.220794678
adaptive,e2e,9,507.698577881
adaptive,kernel,10,499.538604736
adaptive,e2e,10,507.913330078
adaptive,kernel,11,501.105834961
adaptive,e2e,11,508.903564453
adaptive,kernel,12,500.034973145
adaptive,e2e,12,507.333862305
adaptive,kernel,13,501.135986328
adaptive,e2e,13,511.548828125
adaptive,kernel,14,500.987030029
adaptive,e2e,14,506.869384766
adaptive,kernel,15,498.915557861
adaptive,e2e,15,508.967712402
adaptive,kernel,16,501.355010986
adaptive,e2e,16,510.301147461
adaptive,kernel,17,500.812255859
adaptive,e2e,17,507.979278564
adaptive,kernel,18,499.443572998
adaptive,e2e,18,507.842468262
adaptive,kernel,19,502.792541504
adaptive,e2e,19,509.451202393
adaptive,kernel,20,500.991210938
adaptive,e2e,20,505.105712891
adaptive,kernel,21,501.36328125
adaptive,e2e,21,506.397155762
adaptive,kernel,22,499.975769043
adaptive,e2e,22,507.685180664
adaptive,kernel,23,496.870788574
adaptive,e2e,23,510.381408691
adaptive,kernel,24,500.273986816
adaptive,e2e,24,509.108123779
adaptive,kernel,25,499.807067871
adaptive,e2e,25,508.993835449
adaptive,kernel,26,501.570556641
adaptive,e2e,26,507.165985107
adaptive,kernel,27,498.475250244
adaptive,e2e,27,508.624084473
adaptive,kernel,28,502.103607178
adaptive,e2e,28,507.188049316
adaptive,kernel,29,501.242858887
adaptive,e2e,29,509.678161621
