domain,n,method,timing_kind,speedup_vs_brent,ci95_low,ci95_high,faster_than_brent
bem,1,bracketed_secant,e2e,1.0574397790143177,1.0344069761916064,1.0639103783279058,True
bem,1,bracketed_secant,kernel,1.0726219800174444,1.0721196713867185,1.0737254060631634,True
bem,1,safeguarded_halley,e2e,0.43378230799020556,0.43115642028092727,0.44231681719517224,False
bem,1,safeguarded_halley,kernel,0.4271998660174916,0.4270037703564443,0.4273738716031194,False
bem,1,safeguarded_newton,e2e,0.8407823805281676,0.8273627676201962,0.8537886393682107,False
bem,1,safeguarded_newton,kernel,0.8302319369051054,0.8301416477161581,0.8311528231219212,False
bem,8,bracketed_secant,e2e,1.3621909045915888,1.3494063422385736,1.4021954958565976,True
bem,8,bracketed_secant,kernel,1.4185383184483402,1.416948152649838,1.4189823922644988,True
bem,8,safeguarded_halley,e2e,0.5640783534324576,0.560605695011164,0.5687692150514676,False
bem,8,safeguarded_halley,kernel,0.5640081799901606,0.5638829682318492,0.5641613166806987,False
bem,8,safeguarded_newton,e2e,1.0950132154642294,1.0863716845830456,1.099882604609111,True
bem,8,safeguarded_newton,kernel,1.098276065716561,1.0974557413500123,1.0990642360400014,True
bem,32,bracketed_secant,e2e,1.3939333306428099,1.3879165486587604,1.4132774200481033,True
bem,32,bracketed_secant,kernel,1.4493471910781786,1.447568711107636,1.45045619509294,True
bem,32,safeguarded_halley,e2e,0.5620479026080049,0.560774144174236,0.5625644049887224,False
bem,32,safeguarded_halley,kernel,0.5517250111529309,0.5515048326361363,0.551794871773202,False
bem,32,safeguarded_newton,e2e,1.0989654534656708,1.0922092063819777,1.110456833315846,True
bem,32,safeguarded_newton,kernel,1.1216739847997559,1.1214153203785553,1.1218747567193121,True
bem,128,bracketed_secant,e2e,1.3852623787442384,1.3735076776255637,1.3939616794859675,True
bem,128,bracketed_secant,kernel,1.456918526991513,1.4565725169739512,1.4580717770259635,True
bem,128,safeguarded_halley,e2e,0.5578428696696642,0.5560223429963763,0.5599610075517,False
bem,128,safeguarded_halley,kernel,0.5482046433418564,0.5480674621846945,0.5483511777692794,False
bem,128,safeguarded_newton,e2e,1.1372115875528652,1.1072618577826785,1.1475902559008082,True
bem,128,safeguarded_newton,kernel,1.1311565187927477,1.131003757581314,1.131351031379318,True
bem,512,bracketed_secant,e2e,1.4232874432449147,1.4201193142136588,1.426261577234718,True
bem,512,bracketed_secant,kernel,1.436957113720807,1.4367794575304929,1.4373410702413536,True
bem,512,safeguarded_halley,e2e,0.551310109280087,0.5509193713313841,0.5521301063661677,False
bem,512,safeguarded_halley,kernel,0.5426591254078723,0.5426107585401906,0.542749127698223,False
bem,512,safeguarded_newton,e2e,1.1216863962065253,1.1179953145203911,1.1245983894256546,True
bem,512,safeguarded_newton,kernel,1.1250158419205658,1.1244895396561705,1.1253400702530514,True
bem,2048,bracketed_secant,e2e,1.4140930980986655,1.4093566574427911,1.4184872193402223,True
bem,2048,bracketed_secant,kernel,1.4366985022809873,1.4273805891786473,1.4376755050546706,True
bem,2048,safeguarded_halley,e2e,0.5429961611666461,0.542130559320392,0.5454651834739718,False
bem,2048,safeguarded_halley,kernel,0.5326775703332669,0.5325296384079197,0.5339708856972503,False
bem,2048,safeguarded_newton,e2e,1.1192886289109074,1.1071443481099421,1.1265613626357915,True
bem,2048,safeguarded_newton,kernel,1.1218336916363612,1.1213197080295916,1.124808942905231,True
bem,8192,bracketed_secant,e2e,1.3811098742881964,1.3748500334954503,1.3919714593689059,True
bem,8192,bracketed_secant,kernel,1.4516899104449636,1.4437344320716101,1.4532747578786842,True
bem,8192,safeguarded_halley,e2e,0.5645471546304772,0.56336428736114,0.5661031612316604,False
bem,8192,safeguarded_halley,kernel,0.5377906871983044,0.5374889219898935,0.5381017021005245,False
bem,8192,safeguarded_newton,e2e,1.1152902414660417,1.110870222391188,1.1193420715101277,True
bem,8192,safeguarded_newton,kernel,1.1342823170798693,1.1339535935803267,1.138229127624402,True
bem,32768,bracketed_secant,e2e,1.284247778660483,1.2779539113375933,1.2891047327898875,True
bem,32768,bracketed_secant,kernel,1.4466501715601279,1.4454715918665473,1.4487541246291569,True
bem,32768,safeguarded_halley,e2e,0.6102830034352458,0.6069791537945475,0.6135455534060816,False
bem,32768,safeguarded_halley,kernel,0.5325118296313652,0.5322996447913946,0.5328840610396042,False
bem,32768,safeguarded_newton,e2e,1.091476361493839,1.0859816263070194,1.0942395324586869,True
bem,32768,safeguarded_newton,kernel,1.135599131433323,1.1350937671457788,1.1363575176452279,True
bem,131072,bracketed_secant,e2e,1.2915358306393723,1.2874274388355698,1.2939039881526346,True
bem,131072,bracketed_secant,kernel,1.4482039218679328,1.4472750263105665,1.4501375002307864,True
bem,131072,safeguarded_halley,e2e,0.6211106166027269,0.6184587299487365,0.6225304200241635,False
bem,131072,safeguarded_halley,kernel,0.5485828971243762,0.5473699466334565,0.5497742675861828,False
bem,131072,safeguarded_newton,e2e,1.0884749936792018,1.0872261717087042,1.0903508301576026,True
bem,131072,safeguarded_newton,kernel,1.1261499039936815,1.1253300407581937,1.1267491098536682,True
bem,524288,bracketed_secant,e2e,1.2749128794836149,1.2615113168228722,1.2806955534320275,True
bem,524288,bracketed_secant,kernel,1.4457092485367595,1.4449266921788442,1.4463916216183137,True
bem,524288,safeguarded_halley,e2e,0.6347282218779534,0.6273662614163538,0.6390546068074574,False
bem,524288,safeguarded_halley,kernel,0.5481441793961392,0.5395380389386712,0.5490709896371795,False
bem,524288,safeguarded_newton,e2e,1.083440455754096,1.0776306539820424,1.0886597487504663,True
bem,524288,safeguarded_newton,kernel,1.1245928285335478,1.1240027502497618,1.125050057051125,True
bem,2097152,bracketed_secant,e2e,1.267835355604468,1.259152260306117,1.282485991091539,True
bem,2097152,bracketed_secant,kernel,1.4587000510102879,1.4278374143420987,1.4688334901692635,True
bem,2097152,safeguarded_halley,e2e,0.6349869784077152,0.6325427672758345,0.6409679349959265,False
bem,2097152,safeguarded_halley,kernel,0.5480410301642279,0.546516222441565,0.5523861067024847,False
bem,2097152,safeguarded_newton,e2e,1.078298682739879,1.0717519194309646,1.083720302824499,True
bem,2097152,safeguarded_newton,kernel,1.1233778006371118,1.1110098249805775,1.142731808233897,True
bem,8388608,bracketed_secant,e2e,1.2700323349784126,1.2685543297816282,1.2718835104897068,True
bem,8388608,bracketed_secant,kernel,1.4447498347887455,1.4379554906375394,1.4513951626700115,True
bem,8388608,safeguarded_halley,e2e,0.6366947739294113,0.6361632510624852,0.6375541861751008,False
bem,8388608,safeguarded_halley,kernel,0.5468094450598816,0.5459742243351621,0.5472942713507445,False
bem,8388608,safeguarded_newton,e2e,1.0821635803725136,1.0803230911922608,1.0830221736832328,True
bem,8388608,safeguarded_newton,kernel,1.1248921876265756,1.122213930849422,1.1269720510032393,True
bem,16777216,bracketed_secant,e2e,1.2691395328627522,1.267046523171481,1.2718093827235255,True
bem,16777216,bracketed_secant,kernel,1.4448279202746925,1.4415779186439641,1.4464851670675756,True
bem,16777216,safeguarded_halley,e2e,0.6376193838813259,0.6365026371444649,0.6383804060710934,False
bem,16777216,safeguarded_halley,kernel,0.5487187954587812,0.5481149632479425,0.549081532381825,False
bem,16777216,safeguarded_newton,e2e,1.0822313285828191,1.0793570859686212,1.0829205906460635,True
bem,16777216,safeguarded_newton,kernel,1.1235571339675166,1.1228528675287026,1.1242083721787597,True
cstr,1,bracketed_secant,e2e,1.0816004143920293,1.08000312998586,1.082768517465716,True
cstr,1,bracketed_secant,kernel,1.0778942232475577,1.077527744306456,1.0780214148412486,True
cstr,1,safeguarded_halley,e2e,1.060361707510309,1.0570505144971452,1.0643968443519403,True
cstr,1,safeguarded_halley,kernel,1.053255988332115,1.0530558350348547,1.0534730701415191,True
cstr,1,safeguarded_newton,e2e,1.079097177971381,1.0774042502547463,1.0809677628790586,True
cstr,1,safeguarded_newton,kernel,1.072842961099965,1.0726902386975021,1.0732248729836935,True
cstr,8,bracketed_secant,e2e,1.163705143701545,1.1599445526657117,1.1663420222779914,True
cstr,8,bracketed_secant,kernel,1.174672320159074,1.174529240032838,1.1747855481689338,True
cstr,8,safeguarded_halley,e2e,1.1293324174045143,1.1267442053051235,1.1351295079472814,True
cstr,8,safeguarded_halley,kernel,1.146478886587666,1.146231871938193,1.146667051751777,True
cstr,8,safeguarded_newton,e2e,1.1627221741990335,1.160507608746041,1.165865756999142,True
cstr,8,safeguarded_newton,kernel,1.1682704349378357,1.168116042804377,1.1683723695852068,True
cstr,32,bracketed_secant,e2e,1.200609726787583,1.1917661438032812,1.2068975797737445,True
cstr,32,bracketed_secant,kernel,1.2060223688511804,1.2056277279449363,1.2063535302603476,True
cstr,32,safeguarded_halley,e2e,1.1758035656152037,1.1712039087819228,1.1845710930537017,True
cstr,32,safeguarded_halley,kernel,1.1832505910902538,1.1828724999059257,1.1836297203505235,True
cstr,32,safeguarded_newton,e2e,1.1942988560827754,1.1869562804984921,1.2001852574587117,True
cstr,32,safeguarded_newton,kernel,1.2057092980694972,1.2055680589531723,1.2061028157038947,True
cstr,128,bracketed_secant,e2e,1.178444129913036,1.177748801938138,1.1814058699115626,True
cstr,128,bracketed_secant,kernel,1.2008679950087586,1.2004350566920037,1.2009514439849913,True
cstr,128,safeguarded_halley,e2e,1.17645488281669,1.1750632326035797,1.1773594774121672,True
cstr,128,safeguarded_halley,kernel,1.1812245539740873,1.1807306072794046,1.1813516399395494,True
cstr,128,safeguarded_newton,e2e,1.1820037699588837,1.1798516523077,1.1828850002518343,True
cstr,128,safeguarded_newton,kernel,1.2026667463743137,1.2023035457354145,1.2028778704047471,True
cstr,512,bracketed_secant,e2e,1.199865626427941,1.19906774402607,1.201071389514646,True
cstr,512,bracketed_secant,kernel,1.207867606486205,1.2077593935249828,1.2080300005185154,True
cstr,512,safeguarded_halley,e2e,1.1930481008282228,1.1904496315475508,1.1952003207595843,True
cstr,512,safeguarded_halley,kernel,1.1978778190100243,1.1977649095578453,1.1980552009345626,True
cstr,512,safeguarded_newton,e2e,1.2068124592715512,1.2052691272121472,1.208660539812702,True
cstr,512,safeguarded_newton,kernel,1.2165965510238153,1.2164871779175161,1.2168468446978764,True
cstr,2048,bracketed_secant,e2e,1.2015481645454487,1.1938761231765382,1.2102691983053955,True
cstr,2048,bracketed_secant,kernel,1.2061018941817097,1.2037749594910159,1.2068287278041323,True
cstr,2048,safeguarded_halley,e2e,1.185410406452676,1.1828664336225705,1.194317860691703,True
cstr,2048,safeguarded_halley,kernel,1.193768147760045,1.1930008600447717,1.1963179936040986,True
cstr,2048,safeguarded_newton,e2e,1.2044308614150168,1.2025814526256822,1.2081823923048236,True
cstr,2048,safeguarded_newton,kernel,1.2144461776302695,1.2123792193647405,1.2148759503960225,True
cstr,8192,bracketed_secant,e2e,1.1928931025521488,1.1894429720324,1.195545450594313,True
cstr,8192,bracketed_secant,kernel,1.2092888598373315,1.2064315478898215,1.2095000112778616,True
cstr,8192,safeguarded_halley,e2e,1.1832086211854098,1.176713111362452,1.1866648540558584,True
cstr,8192,safeguarded_halley,kernel,1.1957790501892767,1.1944050305759784,1.197648496605335,True
cstr,8192,safeguarded_newton,e2e,1.198745551097352,1.1944034538789747,1.2039427513989125,True
cstr,8192,safeguarded_newton,kernel,1.2159944216187952,1.2130179129801872,1.216209835704917,True
cstr,32768,bracketed_secant,e2e,1.1718231361624412,1.1704788784734659,1.1723193075356637,True
cstr,32768,bracketed_secant,kernel,1.2081227731462763,1.2073913591886907,1.20873483925797,True
cstr,32768,safeguarded_halley,e2e,1.1627607502740598,1.1565504719773896,1.1660481189471972,True
cstr,32768,safeguarded_halley,kernel,1.1968757016964686,1.1961624385742373,1.1979108030726362,True
cstr,32768,safeguarded_newton,e2e,1.1763678285715797,1.1724422425263148,1.1777970314887267,True
cstr,32768,safeguarded_newton,kernel,1.2142353629287244,1.213949776381713,1.2160214186953033,True
cstr,131072,bracketed_secant,e2e,1.1704713504993967,1.1690220941657583,1.1719558723569634,True
cstr,131072,bracketed_secant,kernel,1.2031359787505662,1.2022041821253109,1.2040453403137046,True
cstr,131072,safeguarded_halley,e2e,1.1628760243656797,1.1619062223179095,1.1637618215606778,True
cstr,131072,safeguarded_halley,kernel,1.1938277667944286,1.1927510205149545,1.1947150648833156,True
cstr,131072,safeguarded_newton,e2e,1.1783862513920904,1.177065431239117,1.1801331502354113,True
cstr,131072,safeguarded_newton,kernel,1.2119273027793247,1.211346429424652,1.2126810622200113,True
cstr,524288,bracketed_secant,e2e,1.1651873100556003,1.1634096778481573,1.1671826295179784,True
cstr,524288,bracketed_secant,kernel,1.204248457321511,1.2005510977332812,1.2048380007731956,True
cstr,524288,safeguarded_halley,e2e,1.1589019650742156,1.157417780594079,1.1631022201221497,True
cstr,524288,safeguarded_halley,kernel,1.1950580315446855,1.191623139893074,1.1957018629585496,True
cstr,524288,safeguarded_newton,e2e,1.1726122218661177,1.1703988800509948,1.181877335560563,True
cstr,524288,safeguarded_newton,kernel,1.2131439699114737,1.2123497352741355,1.2137890194436824,True
cstr,2097152,bracketed_secant,e2e,1.1625284533161566,1.1617574879651873,1.1639299390750417,True
cstr,2097152,bracketed_secant,kernel,1.200928342620958,1.200184459053708,1.210414221845192,True
cstr,2097152,safeguarded_halley,e2e,1.155266877180422,1.1540835243123801,1.1580046637709218,True
cstr,2097152,safeguarded_halley,kernel,1.191814671290476,1.1915784210931841,1.1935365300076552,True
cstr,2097152,safeguarded_newton,e2e,1.1699427039815629,1.1692971885608414,1.175088596088166,True
cstr,2097152,safeguarded_newton,kernel,1.2100009812676535,1.2093308437961405,1.218873104258559,True
cstr,8388608,bracketed_secant,e2e,1.1647426136153118,1.1632983099303615,1.1654553864575448,True
cstr,8388608,bracketed_secant,kernel,1.2044772981400398,1.2038685258376443,1.2059984714599294,True
cstr,8388608,safeguarded_halley,e2e,1.159779006933542,1.1592707266395035,1.160480225708464,True
cstr,8388608,safeguarded_halley,kernel,1.1971184010549796,1.194789958204215,1.198080651528775,True
cstr,8388608,safeguarded_newton,e2e,1.171019507668108,1.1700990469366617,1.1724231901903588,True
cstr,8388608,safeguarded_newton,kernel,1.2133983027656123,1.2123319640792705,1.2147455457770298,True
cstr,16777216,bracketed_secant,e2e,1.1656593012964531,1.1642640338092498,1.1672255357672827,True
cstr,16777216,bracketed_secant,kernel,1.204405559299669,1.2036257010550875,1.2047509089753472,True
cstr,16777216,safeguarded_halley,e2e,1.157781814098123,1.1568997974956043,1.1587250394590605,True
cstr,16777216,safeguarded_halley,kernel,1.1945942126637434,1.1943989022986048,1.195535171134284,True
cstr,16777216,safeguarded_newton,e2e,1.1719124518981592,1.1709677774612997,1.1730623813179628,True
cstr,16777216,safeguarded_newton,kernel,1.2133609277969457,1.2129022609004498,1.2136483975754393,True
kepler,1,bracketed_secant,e2e,0.5850481306301223,0.5760118528037846,0.5868985816355294,False
kepler,1,bracketed_secant,kernel,0.6150600337543932,0.6145886189783754,0.6160260437564207,False
kepler,1,safeguarded_halley,e2e,2.07335696409812,2.0671412988099576,2.0777938641156104,True
kepler,1,safeguarded_halley,kernel,2.183539049037504,2.1795521005148064,2.188094192960156,True
kepler,1,safeguarded_newton,e2e,1.9286614941518705,1.9218693791312333,1.9450406874975963,True
kepler,1,safeguarded_newton,kernel,2.1777124086171553,2.1746520530640723,2.1858752126581793,True
kepler,8,bracketed_secant,e2e,0.9999835670490997,0.9961081935921248,1.0088968327311185,False
kepler,8,bracketed_secant,kernel,1.0000429567286793,0.9999149232464324,1.0003869402717467,False
kepler,8,safeguarded_halley,e2e,3.3539542736623726,3.0000445810400365,3.543428245004898,True
kepler,8,safeguarded_halley,kernel,3.5485809181078825,3.529291194671643,3.557186002435521,True
kepler,8,safeguarded_newton,e2e,3.214241896879738,2.8957613626913377,3.315786230994898,True
kepler,8,safeguarded_newton,kernel,3.4166402419971824,3.4041795837751003,3.424727086344562,True
kepler,32,bracketed_secant,e2e,0.8597499194670948,0.8454670826974666,0.8699384688486014,False
kepler,32,bracketed_secant,kernel,0.8344398762220716,0.8341670829946478,0.8350530183020123,False
kepler,32,safeguarded_halley,e2e,2.693565374084558,2.641204812957585,2.7005947705366182,True
kepler,32,safeguarded_halley,kernel,3.0411348111776193,3.035032920608333,3.0507751634013385,True
kepler,32,safeguarded_newton,e2e,2.68153397909687,2.4755297780200722,2.6866207487440987,True
kepler,32,safeguarded_newton,kernel,2.8407506178801025,2.8357834732555682,2.84346399365325,True
kepler,128,bracketed_secant,e2e,0.8183814022992442,0.8040911449613413,0.8340730764217756,False
kepler,128,bracketed_secant,kernel,0.8107380036289706,0.8105633745032323,0.8109538677701844,False
kepler,128,safeguarded_halley,e2e,2.334405790046657,2.315261953648318,2.511766620331699,True
kepler,128,safeguarded_halley,kernel,2.9382388555341326,2.9338722123181844,2.9387112138358513,True
kepler,128,safeguarded_newton,e2e,2.305375512013756,2.2211968648009788,2.3155592273046732,True
kepler,128,safeguarded_newton,kernel,2.7651177672435248,2.763748726157731,2.7680729859690127,True
kepler,512,bracketed_secant,e2e,0.8620068491830765,0.8487193341599935,0.8733793293660846,False
kepler,512,bracketed_secant,kernel,0.8576860108463533,0.8576525610718138,0.858003198919612,False
kepler,512,safeguarded_halley,e2e,3.0031563412693743,2.8940239867224764,3.0493524760595783,True
kepler,512,safeguarded_halley,kernel,3.2223657974732323,3.2171487156032526,3.2244184892764998,True
kepler,512,safeguarded_newton,e2e,2.8095429379925445,2.7020835828875565,2.9320182061400892,True
kepler,512,safeguarded_newton,kernel,3.1090658596471,3.102300273384016,3.11032501937133,True
kepler,2048,bracketed_secant,e2e,0.8768310901329386,0.8495820801858203,0.8827997931458456,False
kepler,2048,bracketed_secant,kernel,0.8553704762595813,0.850219640689446,0.8606746388507202,False
kepler,2048,safeguarded_halley,e2e,2.6644836992291836,2.6612041833414515,2.6806157016649386,True
kepler,2048,safeguarded_halley,kernel,3.2436239407065073,3.241712095340692,3.2737343496577065,True
kepler,2048,safeguarded_newton,e2e,2.635784057990263,2.6031464867020953,2.647287069640474,True
kepler,2048,safeguarded_newton,kernel,3.1294756449388155,3.125430172626478,3.1575533877657236,True
kepler,8192,bracketed_secant,e2e,0.8633316125641692,0.8594357846109206,0.8736841308013157,False
kepler,8192,bracketed_secant,kernel,0.8420629602378376,0.8351566578348353,0.8463071705061358,False
kepler,8192,safeguarded_halley,e2e,2.265383054038388,2.2296299512167783,2.3206190861845792,True
kepler,8192,safeguarded_halley,kernel,3.169070005952931,3.1542191778559614,3.1858908544848186,True
kepler,8192,safeguarded_newton,e2e,2.214583589502025,2.1969858390026986,2.2315258336823285,True
kepler,8192,safeguarded_newton,kernel,3.048871143929833,3.03349367825073,3.064972753147801,True
kepler,32768,bracketed_secant,e2e,0.9104800871921273,0.9007845286699392,0.9161906094085296,False
kepler,32768,bracketed_secant,kernel,0.8475940324545553,0.8467596596577268,0.8484016092406528,False
kepler,32768,safeguarded_halley,e2e,1.7438750525334765,1.7134700596009331,1.751908217947662,True
kepler,32768,safeguarded_halley,kernel,3.1829529819910696,3.179886149077128,3.184833176158959,True
kepler,32768,safeguarded_newton,e2e,1.6917609598454921,1.6839131006787884,1.7043467397034564,True
kepler,32768,safeguarded_newton,kernel,3.0733265357994535,3.070217038434243,3.0760116717244803,True
kepler,131072,bracketed_secant,e2e,0.8895989721003372,0.8865814413329469,0.8916254731542124,False
kepler,131072,bracketed_secant,kernel,0.8290777697905612,0.8226293985338778,0.8339527946553444,False
kepler,131072,safeguarded_halley,e2e,1.603737395307392,1.5961220672132959,1.614941331314147,True
kepler,131072,safeguarded_halley,kernel,2.644796796185723,2.6399746273049116,2.6479111139467646,True
kepler,131072,safeguarded_newton,e2e,1.6895244687833026,1.6780634653043007,1.6991771324945781,True
kepler,131072,safeguarded_newton,kernel,3.0705302515263524,3.0643576234267833,3.0747642982331573,True
kepler,524288,bracketed_secant,e2e,0.8973233860444542,0.8950517808452356,0.8994278417958352,False
kepler,524288,bracketed_secant,kernel,0.8334118167555741,0.8309580149547386,0.8343414379974038,False
kepler,524288,safeguarded_halley,e2e,1.6282174653574253,1.6256490466959042,1.6319039793372887,True
kepler,524288,safeguarded_halley,kernel,3.2688513928639784,3.2584935313810437,3.27569066927739,True
kepler,524288,safeguarded_newton,e2e,1.610449679566877,1.607620020641315,1.6119831853750424,True
kepler,524288,safeguarded_newton,kernel,3.158309854916853,3.153811850152976,3.1656809192192634,True
kepler,2097152,bracketed_secant,e2e,0.9021935064638953,0.8973198301276508,0.9068981924889086,False
kepler,2097152,bracketed_secant,kernel,0.830736498151674,0.8300256110694574,0.833692039506196,False
kepler,2097152,safeguarded_halley,e2e,1.6185324090751474,1.6114474245978452,1.6319865807052407,True
kepler,2097152,safeguarded_halley,kernel,3.2822140916456553,3.272574746604051,3.3704915924426184,True
kepler,2097152,safeguarded_newton,e2e,1.601695226577014,1.5955952265681304,1.617527971751876,True
kepler,2097152,safeguarded_newton,kernel,3.1685096866969156,3.161491168907263,3.246382457451647,True
kepler,8388608,bracketed_secant,e2e,0.8987986920781639,0.8982774205468682,0.9012220098644901,False
kepler,8388608,bracketed_secant,kernel,0.832653113243377,0.827999308765524,0.8330466348447816,False
kepler,8388608,safeguarded_halley,e2e,1.6096459678895876,1.605641798294981,1.6146452708536352,True
kepler,8388608,safeguarded_halley,kernel,3.318516354106346,3.245167052039594,3.32275895925652,True
kepler,8388608,safeguarded_newton,e2e,1.5956218886756188,1.5894040746682874,1.5993541024009945,True
kepler,8388608,safeguarded_newton,kernel,3.1349628833656014,3.130328027200301,3.207243203004529,True
kepler,16777216,bracketed_secant,e2e,0.8972632583923041,0.8956761192786217,0.9002515803254285,False
kepler,16777216,bracketed_secant,kernel,0.8309730549353253,0.830139514577708,0.8322527543628754,False
kepler,16777216,safeguarded_halley,e2e,1.6116087705501188,1.602168827423248,1.6165256680719136,True
kepler,16777216,safeguarded_halley,kernel,3.2834658733199085,3.2682724886800063,3.2873292441992503,True
kepler,16777216,safeguarded_newton,e2e,1.5950121625034175,1.5913235397934238,1.598805623626253,True
kepler,16777216,safeguarded_newton,kernel,3.170365570596087,3.162549035197469,3.1720869597321597,True
peng_robinson,1,analytic_cubic,e2e,2.9945072715761722,2.983392200385691,3.0135457779909633,True
peng_robinson,1,analytic_cubic,kernel,4.2782992170874525,4.268491484357388,4.28860934790495,True
peng_robinson,1,bracketed_secant,e2e,1.4720066846393682,1.465108403138017,1.497205721953767,True
peng_robinson,1,bracketed_secant,kernel,1.8876330614431263,1.8844227100728026,1.8896646374617427,True
peng_robinson,1,safeguarded_halley,e2e,2.571948285744484,2.5607555722787305,2.5862854976506773,True
peng_robinson,1,safeguarded_halley,kernel,2.8465372289551034,2.8253341334865603,2.8584163408092262,True
peng_robinson,1,safeguarded_newton,e2e,2.5745345960923594,2.5451873940685994,2.586864472668979,True
peng_robinson,1,safeguarded_newton,kernel,2.8469672432337356,2.824786550970978,2.858823214183089,True
peng_robinson,8,analytic_cubic,e2e,6.059885134280782,5.798031192556539,6.085135949840122,True
peng_robinson,8,analytic_cubic,kernel,6.833480865108911,6.753940736895346,6.847077716705185,True
peng_robinson,8,bracketed_secant,e2e,1.4108374794207523,1.3260330711292816,1.425656133074329,True
peng_robinson,8,bracketed_secant,kernel,1.37208365550844,1.3715713160608358,1.3736168576785324,True
peng_robinson,8,safeguarded_halley,e2e,3.5071936552590497,3.38925084502434,4.506434312156422,True
peng_robinson,8,safeguarded_halley,kernel,4.843686581676387,4.832444088990911,4.8781925389555845,True
peng_robinson,8,safeguarded_newton,e2e,3.0357507916203295,3.0217641124644996,3.0860977345712612,True
peng_robinson,8,safeguarded_newton,kernel,4.206162016806878,4.201800194057803,4.215063223527379,True
peng_robinson,32,analytic_cubic,e2e,4.244932017387098,4.178996687762005,4.683073284329367,True
peng_robinson,32,analytic_cubic,kernel,7.46440560380997,7.40190265522177,7.466872190361989,True
peng_robinson,32,bracketed_secant,e2e,1.2827520671516917,1.1961561835894545,1.3769160163683134,True
peng_robinson,32,bracketed_secant,kernel,1.3216834889460498,1.318705298203192,1.322116214308083,True
peng_robinson,32,safeguarded_halley,e2e,3.6796527940729122,3.5585064501533976,3.6974948059161545,True
peng_robinson,32,safeguarded_halley,kernel,4.620781715888434,4.617294538606912,4.622462772191559,True
peng_robinson,32,safeguarded_newton,e2e,3.610017584001336,3.602344490243574,3.6396226066090245,True
peng_robinson,32,safeguarded_newton,kernel,4.119512924090385,4.114508806705982,4.150408912711414,True
peng_robinson,128,analytic_cubic,e2e,4.830655669653357,4.758535623168084,5.101911663829296,True
peng_robinson,128,analytic_cubic,kernel,8.856993938073582,8.758453337510883,8.860490566406089,True
peng_robinson,128,bracketed_secant,e2e,1.339327333840525,1.3330641127083913,1.3582781938372466,True
peng_robinson,128,bracketed_secant,kernel,1.4190206945924637,1.4180877931538212,1.4206607039596217,True
peng_robinson,128,safeguarded_halley,e2e,3.803620986485935,3.4653271394372034,4.076045099590145,True
peng_robinson,128,safeguarded_halley,kernel,4.884911519813004,4.876580925053076,4.892411634993568,True
peng_robinson,128,safeguarded_newton,e2e,3.8174370406948723,3.6017179418636793,4.061641492790207,True
peng_robinson,128,safeguarded_newton,kernel,4.884502448430382,4.876774723645434,4.88642979612945,True
peng_robinson,512,analytic_cubic,e2e,6.4578146696861065,5.858358618337945,7.248756637252554,True
peng_robinson,512,analytic_cubic,kernel,9.6568883989103,9.565997284248862,9.70153124518011,True
peng_robinson,512,bracketed_secant,e2e,1.3986392830340475,1.3783991260803445,1.4031376399092155,True
peng_robinson,512,bracketed_secant,kernel,1.4114492363719657,1.4112056325757314,1.4122170668755998,True
peng_robinson,512,safeguarded_halley,e2e,4.24763447023529,3.9959680229473373,4.573106587488164,True
peng_robinson,512,safeguarded_halley,kernel,5.494160859784941,5.473480656508633,5.49618133207038,True
peng_robinson,512,safeguarded_newton,e2e,3.6604670339204253,3.6423659675445528,3.852910125338753,True
peng_robinson,512,safeguarded_newton,kernel,4.979258821543633,4.974648970680166,4.991442057448014,True
peng_robinson,2048,analytic_cubic,e2e,4.86720260365952,4.781250088136007,4.947951438356166,True
peng_robinson,2048,analytic_cubic,kernel,9.764175568835839,9.675903954332181,9.771322597290755,True
peng_robinson,2048,bracketed_secant,e2e,1.388446385142919,1.3824963447129006,1.3918624740005487,True
peng_robinson,2048,bracketed_secant,kernel,1.4193055849407568,1.4130664573787952,1.4276770846530003,True
peng_robinson,2048,safeguarded_halley,e2e,3.568867666178498,3.5609037369159564,3.615564486879991,True
peng_robinson,2048,safeguarded_halley,kernel,5.215149991412757,5.163254259200106,5.218578352396462,True
peng_robinson,2048,safeguarded_newton,e2e,3.5156654807145262,3.5093783989242624,3.540701897826232,True
peng_robinson,2048,safeguarded_newton,kernel,4.864035132791402,4.8380898531608105,4.891482762678095,True
peng_robinson,8192,analytic_cubic,e2e,3.518126404144901,3.5039194518342134,3.5313657985304676,True
peng_robinson,8192,analytic_cubic,kernel,9.775758386161097,9.681219148065942,9.78135238105461,True
peng_robinson,8192,bracketed_secant,e2e,1.302653464461463,1.2948045793661231,1.305471633222036,True
peng_robinson,8192,bracketed_secant,kernel,1.4085273789337838,1.4034748801196888,1.4144537457775745,True
peng_robinson,8192,safeguarded_halley,e2e,2.858699732731022,2.8424897192945906,2.8733026530824732,True
peng_robinson,8192,safeguarded_halley,kernel,5.2175018417270085,5.167821947066495,5.223034161362712,True
peng_robinson,8192,safeguarded_newton,e2e,2.7374244940334487,2.6978769646202565,2.7948838366853628,True
peng_robinson,8192,safeguarded_newton,kernel,4.843270434540568,4.801930656278625,4.855151710143124,True
peng_robinson,32768,analytic_cubic,e2e,2.042468488716022,2.0202977041526777,2.077868783699276,True
peng_robinson,32768,analytic_cubic,kernel,9.297840228967683,9.269423124558946,9.40812185797242,True
peng_robinson,32768,bracketed_secant,e2e,1.1522080090201037,1.1377751006821777,1.1581844115798128,True
peng_robinson,32768,bracketed_secant,kernel,1.2789356933216949,1.2780045672417315,1.2812276521663128,True
peng_robinson,32768,safeguarded_halley,e2e,1.8356373318026264,1.8155873470479538,1.8727512198022223,True
peng_robinson,32768,safeguarded_halley,kernel,5.173846085395294,5.169158138165978,5.178826672558955,True
peng_robinson,32768,safeguarded_newton,e2e,1.8062722937228912,1.7892825270774844,1.8310740842446158,True
peng_robinson,32768,safeguarded_newton,kernel,4.584934222965739,4.5795686407837835,4.591432875614821,True
peng_robinson,131072,analytic_cubic,e2e,2.0565951307415657,2.0387542937778633,2.0685214350528094,True
peng_robinson,131072,analytic_cubic,kernel,9.781082235689142,9.770135421330497,9.824161684749251,True
peng_robinson,131072,bracketed_secant,e2e,1.1987644793468768,1.1951771598977083,1.202932650342066,True
peng_robinson,131072,bracketed_secant,kernel,1.4145357101166636,1.4127214486224733,1.4172278199491464,True
peng_robinson,131072,safeguarded_halley,e2e,1.8923419938223969,1.8733600387605072,1.8986705245820825,True
peng_robinson,131072,safeguarded_halley,kernel,5.691106190855996,5.685551022843955,5.711658315362862,True
peng_robinson,131072,safeguarded_newton,e2e,1.8395199727258411,1.8320241154446726,1.850923867045723,True
peng_robinson,131072,safeguarded_newton,kernel,5.0970539413204925,5.070773880008662,5.105271729210605,True
peng_robinson,524288,analytic_cubic,e2e,1.8853978654139918,1.8793788734676982,1.8903625693535786,True
peng_robinson,524288,analytic_cubic,kernel,10.071898219295095,10.05993260511353,10.09021340058889,True
peng_robinson,524288,bracketed_secant,e2e,1.1775343466257886,1.1750885892583889,1.1799987393173557,True
peng_robinson,524288,bracketed_secant,kernel,1.4073391196338085,1.4058552027599198,1.4089517959777182,True
peng_robinson,524288,safeguarded_halley,e2e,1.7575365999327084,1.7546395628407636,1.7643943046688066,True
peng_robinson,524288,safeguarded_halley,kernel,5.807750920493723,5.799272206899964,5.812080648257286,True
peng_robinson,524288,safeguarded_newton,e2e,1.7186267820369518,1.7127080232117313,1.7233589112816907,True
peng_robinson,524288,safeguarded_newton,kernel,5.099013620633772,5.092635859876031,5.106260985745512,True
peng_robinson,2097152,analytic_cubic,e2e,1.8584263098024296,1.8560577351344902,1.8645028568938606,True
peng_robinson,2097152,analytic_cubic,kernel,10.156636166286944,10.148562846076576,10.343506030996084,True
peng_robinson,2097152,bracketed_secant,e2e,1.172603684131029,1.1655089181255238,1.177658064861872,True
peng_robinson,2097152,bracketed_secant,kernel,1.4078114280109275,1.4072896906031886,1.408349222335552,True
peng_robinson,2097152,safeguarded_halley,e2e,1.737543370024996,1.7350243034287054,1.7506354230275738,True
peng_robinson,2097152,safeguarded_halley,kernel,5.832988202608038,5.823340005645185,5.931315261917888,True
peng_robinson,2097152,safeguarded_newton,e2e,1.7014806704674295,1.6946001269883397,1.7107523125100679,True
peng_robinson,2097152,safeguarded_newton,kernel,5.133534357669506,5.124795093497064,5.216245743171002,True
peng_robinson,8388608,analytic_cubic,e2e,1.851309536118663,1.8470878176749181,1.8568763811098759,True
peng_robinson,8388608,analytic_cubic,kernel,10.284487517989032,10.261383844238491,10.358924677924527,True
peng_robinson,8388608,bracketed_secant,e2e,1.1732884353358788,1.1712069572469925,1.1748584646896882,True
peng_robinson,8388608,bracketed_secant,kernel,1.4111915153516055,1.4026080986320677,1.416786186011195,True
peng_robinson,8388608,safeguarded_halley,e2e,1.7345439226817534,1.7286118908031094,1.7397624256363655,True
peng_robinson,8388608,safeguarded_halley,kernel,5.898010274192642,5.889634448073601,5.943040856033599,True
peng_robinson,8388608,safeguarded_newton,e2e,1.7003039170950291,1.6969974686917753,1.7046773034556653,True
peng_robinson,8388608,safeguarded_newton,kernel,5.1896623489311695,5.185098560761581,5.233422003647473,True
peng_robinson,16777216,analytic_cubic,e2e,1.8480816870422636,1.8438356154851474,1.8533551404972248,True
peng_robinson,16777216,analytic_cubic,kernel,10.310317591120654,10.306624815152295,10.315664139132599,True
peng_robinson,16777216,bracketed_secant,e2e,1.1722542336325752,1.1709582577300477,1.1743845845314964,True
peng_robinson,16777216,bracketed_secant,kernel,1.408821503486187,1.4082507900047583,1.409544873413227,True
peng_robinson,16777216,safeguarded_halley,e2e,1.7253228029077916,1.7210950845058517,1.7355811749342172,True
peng_robinson,16777216,safeguarded_halley,kernel,5.91858328652801,5.845685438801118,5.922689051879628,True
peng_robinson,16777216,safeguarded_newton,e2e,1.6995451966283266,1.6941013328621568,1.7025610070861603,True
peng_robinson,16777216,safeguarded_newton,kernel,5.191435332756283,5.087544385548691,5.207149957148021,True
pv,1,bracketed_secant,e2e,5.422551033426869,5.336460266856712,5.807638954192742,True
pv,1,bracketed_secant,kernel,6.857876460415126,6.76484708861868,6.8597246441210515,True
pv,1,safeguarded_halley,e2e,3.245819575411198,3.1901551882884704,3.262055556178027,True
pv,1,safeguarded_halley,kernel,4.252849175805354,4.246903029301703,4.284518891606698,True
pv,1,safeguarded_newton,e2e,4.94306356236495,4.521110641083707,5.085516390883295,True
pv,1,safeguarded_newton,kernel,5.678973928615889,5.645221049846652,5.7178147885236275,True
pv,8,bracketed_secant,e2e,1.338978498185396,1.335902313366907,1.3683146192452211,True
pv,8,bracketed_secant,kernel,1.4548764994386545,1.4526314216450547,1.4549801946379528,True
pv,8,safeguarded_halley,e2e,3.9427411242756394,3.84700531801425,4.054704331186281,True
pv,8,safeguarded_halley,kernel,4.367644715498449,4.364553328947823,4.374460476102655,True
pv,8,safeguarded_newton,e2e,3.9411700280040054,3.9117249181911653,4.018440624743025,True
pv,8,safeguarded_newton,kernel,4.8051186118644145,4.797121661883412,4.810631357804536,True
pv,32,bracketed_secant,e2e,1.3292541678137433,1.317999990529002,1.3621912982956104,True
pv,32,bracketed_secant,kernel,1.3490399788865655,1.347107746079232,1.3493099891257683,True
pv,32,safeguarded_halley,e2e,3.1370759194680646,3.005307047499717,3.1974910974146145,True
pv,32,safeguarded_halley,kernel,3.7456850551783143,3.744101912467915,3.762922149312172,True
pv,32,safeguarded_newton,e2e,3.2301179210570883,3.164201880074342,3.277361187415692,True
pv,32,safeguarded_newton,kernel,4.051704149509771,4.032374459994812,4.054934793995065,True
pv,128,bracketed_secant,e2e,1.3904174260864746,1.3513761558079964,1.4031707393250226,True
pv,128,bracketed_secant,kernel,1.3964506933239238,1.395039244334282,1.3976499316286302,True
pv,128,safeguarded_halley,e2e,3.4843933855294655,3.373603716227893,3.5441168541719934,True
pv,128,safeguarded_halley,kernel,3.817041885872837,3.8136905450423075,3.8311948606850206,True
pv,128,safeguarded_newton,e2e,3.5254734572201984,3.441484707606669,3.576820330193061,True
pv,128,safeguarded_newton,kernel,4.195426318513812,4.189141093155456,4.208478890750929,True
pv,512,bracketed_secant,e2e,1.486041324531719,1.4759047368476539,1.4957357272184468,True
pv,512,bracketed_secant,kernel,1.4912565221770002,1.4903981058026199,1.4915473826065213,True
pv,512,safeguarded_halley,e2e,3.6458651829956086,3.6269895032472625,3.6503421777889846,True
pv,512,safeguarded_halley,kernel,4.058415411649877,4.056358198604835,4.06283623781617,True
pv,512,safeguarded_newton,e2e,3.7148880284518038,3.6976899742006246,3.8402600085713443,True
pv,512,safeguarded_newton,kernel,4.62082074805639,4.604068476576072,4.621614914848461,True
pv,2048,bracketed_secant,e2e,1.475804373099475,1.4727154470525226,1.4847246896414816,True
pv,2048,bracketed_secant,kernel,1.5309462147115205,1.5222799253721098,1.5404110764298475,True
pv,2048,safeguarded_halley,e2e,3.5101908354404086,3.4908893999575117,3.532670128192316,True
pv,2048,safeguarded_halley,kernel,4.190750319216243,4.1852743793310445,4.1933008617887415,True
pv,2048,safeguarded_newton,e2e,3.5978252484711737,3.5800689767988243,3.6271466987142573,True
pv,2048,safeguarded_newton,kernel,4.763484005603209,4.759716155005745,4.765987612477798,True
pv,8192,bracketed_secant,e2e,1.4212003411144019,1.4129660690515742,1.4243053694521075,True
pv,8192,bracketed_secant,kernel,1.5510441079970152,1.542767371823281,1.5614515089175922,True
pv,8192,safeguarded_halley,e2e,2.714073295107985,2.7068792857159396,2.7208545598917135,True
pv,8192,safeguarded_halley,kernel,4.083879481139363,4.081821885590492,4.085009111782901,True
pv,8192,safeguarded_newton,e2e,2.9188619519275565,2.9040548480981956,2.9429084221229527,True
pv,8192,safeguarded_newton,kernel,4.618920459700501,4.597714517952233,4.6200816509526375,True
pv,32768,bracketed_secant,e2e,1.3207685828950377,1.307124119200493,1.3254291457756309,True
pv,32768,bracketed_secant,kernel,1.5868810214008437,1.58535264001898,1.5881997195742648,True
pv,32768,safeguarded_halley,e2e,2.0218172534283716,2.011976610751092,2.028930853276709,True
pv,32768,safeguarded_halley,kernel,4.3255058424356765,4.321392347603357,4.33157544935588,True
pv,32768,safeguarded_newton,e2e,2.0245862682889104,2.0173528809618286,2.0438543981451502,True
pv,32768,safeguarded_newton,kernel,4.695273927944674,4.690129680133108,4.698366186346751,True
pv,131072,bracketed_secant,e2e,1.3756829953512324,1.3748254377181102,1.3782054734898335,True
pv,131072,bracketed_secant,kernel,1.735518462585019,1.7345601262199022,1.7383239447402459,True
pv,131072,safeguarded_halley,e2e,2.0574531849409228,2.027543078374918,2.06510226693152,True
pv,131072,safeguarded_halley,kernel,5.019166127052561,4.993665589247648,5.032737508083498,True
pv,131072,safeguarded_newton,e2e,2.0792190126059946,2.0642624132039016,2.0862686169002345,True
pv,131072,safeguarded_newton,kernel,5.1797244120407315,5.086276750236685,5.214073992681988,True
pv,524288,bracketed_secant,e2e,1.3152492777923155,1.312117514280061,1.32423692269174,True
pv,524288,bracketed_secant,kernel,1.6858557139633468,1.6705448877165527,1.69028906319324,True
pv,524288,safeguarded_halley,e2e,1.8951231279471776,1.8889121732847385,1.9014823951139093,True
pv,524288,safeguarded_halley,kernel,4.919754879347797,4.899784568234588,4.936752375180051,True
pv,524288,safeguarded_newton,e2e,1.9281404442721843,1.9249427752883799,1.933997467707343,True
pv,524288,safeguarded_newton,kernel,5.312713397906923,5.280786347480966,5.323229132374092,True
pv,2097152,bracketed_secant,e2e,1.3146755035014936,1.3057933378981461,1.3222537640252296,True
pv,2097152,bracketed_secant,kernel,1.695768169983525,1.6914350725607932,1.7322057202522365,True
pv,2097152,safeguarded_halley,e2e,1.8760052352269736,1.8700594384196556,1.8910036047649101,True
pv,2097152,safeguarded_halley,kernel,4.991326582469828,4.969894576168282,5.106181746176092,True
pv,2097152,safeguarded_newton,e2e,1.9062648440908316,1.9031656896403524,1.9200031922726102,True
pv,2097152,safeguarded_newton,kernel,5.383428097759335,5.368876597409672,5.503919351289419,True
pv,8388608,bracketed_secant,e2e,1.3155995018406865,1.312013363223319,1.317487758476243,True
pv,8388608,bracketed_secant,kernel,1.7001888346210183,1.6908720254125154,1.7022656601740715,True
pv,8388608,safeguarded_halley,e2e,1.8690780382297953,1.8655951614067514,1.8769187934360647,True
pv,8388608,safeguarded_halley,kernel,5.047427674317198,4.977367253649955,5.054118640136114,True
pv,8388608,safeguarded_newton,e2e,1.9043884094803079,1.8981179001427098,1.9094596312479206,True
pv,8388608,safeguarded_newton,kernel,5.445042480658724,5.357678198789161,5.458695941417854,True
pv,16777216,bracketed_secant,e2e,1.3182178196894578,1.315348862644818,1.3194595117807493,True
pv,16777216,bracketed_secant,kernel,1.7018580278309843,1.695039194149,1.7034709495338396,True
pv,16777216,safeguarded_halley,e2e,1.8703966546126554,1.8604368818097115,1.8782273100689915,True
pv,16777216,safeguarded_halley,kernel,4.980575065496243,4.971347770136994,5.0268787727608855,True
pv,16777216,safeguarded_newton,e2e,1.9029512609988206,1.894063514695473,1.909822055211933,True
pv,16777216,safeguarded_newton,kernel,5.3738658664704975,5.355035745340929,5.441470063335052,True
