domain,n,timing_kind,frozen_over_no_gate_median,ci95_low,ci95_high
bem,1,kernel,0.9999945738650594,0.999660334862294,1.0000403099449342
bem,1,e2e,1.0022587555428841,1.0004776234482546,1.0039860250214456
bem,8,kernel,1.0001199385442217,0.999937365422598,1.0002963512033
bem,8,e2e,0.9998752597268279,0.9998157632098348,1.0000831873913816
bem,32,kernel,1.0002087928297008,0.9998607898218836,1.0005924408040483
bem,32,e2e,1.0051096251354397,0.9994728725325202,1.0380641483477746
bem,128,kernel,1.000035618824942,0.9991939853203506,1.0003592273925674
bem,128,e2e,1.0088173054282135,0.993607172437348,1.0318060800326625
bem,512,kernel,0.9998445645469858,0.9995687987204644,1.000072530376872
bem,512,e2e,0.9997867513659169,0.9957531613292596,1.0035423779586767
bem,2048,kernel,0.9998840430008371,0.9997642122668275,1.0000057519718883
bem,2048,e2e,1.0000034241573628,0.9981012258656159,1.0018215450543178
bem,8192,kernel,0.9997634815653824,0.9978882033666503,1.0005101087157118
bem,8192,e2e,1.002441893740869,0.9981852935527544,1.004752974181655
bem,32768,kernel,1.0001231508921973,0.9997460489491884,1.0003658766795942
bem,32768,e2e,0.9984406930903222,0.994353071738768,1.0016576009624778
bem,131072,kernel,0.9999322477742603,0.998654134499317,1.000571950775073
bem,131072,e2e,1.0008935830164156,0.9983638456426062,1.0029485074470923
bem,524288,kernel,1.0016110286495619,0.9989566905841497,1.0023413078633419
bem,524288,e2e,0.9975464295833273,0.9946769048667816,1.0003807835676124
bem,2097152,kernel,1.0003823253132649,0.9998171955155157,1.0011800989499995
bem,2097152,e2e,0.9990937532788022,0.9975282272683956,1.0011793517461778
bem,8388608,kernel,0.9998256473943116,0.9989692014538663,1.0000202005554135
bem,8388608,e2e,0.999829421526322,0.998729580948006,1.0001732706390163
bem,16777216,kernel,0.9996205459949374,0.9995083365323518,1.0000152517065422
bem,16777216,e2e,1.0000840272514966,0.9999383835759851,1.00088205231634
cstr,1,kernel,1.000014573164921,0.9967898879625137,1.0004014267355468
cstr,1,e2e,1.0002610612705798,0.9993683227742389,1.0023186073462518
cstr,8,kernel,0.9995618464954303,0.9992756780236186,1.0001870159426671
cstr,8,e2e,0.9998130719447665,0.9948635751513342,1.0052716123714904
cstr,32,kernel,0.9980989006032446,0.9976777181479934,0.9985178139668931
cstr,32,e2e,0.9998416099261132,0.9940865199798591,1.007497825613799
cstr,128,kernel,1.000099197332657,0.9999935086736736,1.000276857613283
cstr,128,e2e,0.999908048835966,0.9996461405806872,1.0008372343972902
cstr,512,kernel,1.0000780678460495,0.9998688940037794,1.0001976811710676
cstr,512,e2e,0.9994981175539044,0.9986376194980463,1.0023786568066242
cstr,2048,kernel,1.0001043411121286,0.9999685243891803,1.000449771870183
cstr,2048,e2e,1.00006938946903,0.9997941039468864,1.0003905501903134
cstr,8192,kernel,1.0001711825947301,0.9988577659841273,1.0015350164394792
cstr,8192,e2e,1.000763413393959,0.998604038666662,1.0022608149639716
cstr,32768,kernel,1.0003325477096014,1.0001608186828446,1.0005134305039485
cstr,32768,e2e,1.0001690986376282,0.9981667331179056,1.0015572831890134
cstr,131072,kernel,0.9990036984548785,0.9981910114462882,1.0000571213273712
cstr,131072,e2e,1.0016820905874213,0.9995453679249287,1.0043424132206744
cstr,524288,kernel,1.0000123455507433,0.9991666838925426,1.0005592568605646
cstr,524288,e2e,0.9994515948383145,0.9985572769373448,1.000282215818931
cstr,2097152,kernel,0.999959228147434,0.999533419193045,1.0008187067779253
cstr,2097152,e2e,1.0002681182862951,0.9966720711230458,1.0035845177776714
cstr,8388608,kernel,0.9999316040718382,0.9997931906863811,1.0001169537445564
cstr,8388608,e2e,0.999743330639465,0.999354418478267,1.0000341682777947
cstr,16777216,kernel,1.0003154202328766,0.9998497278255121,1.0006969876559255
cstr,16777216,e2e,0.999850281676611,0.9994296485527037,0.9999778438041834
kepler,1,kernel,0.9999544769649875,0.9997707254360958,1.0002084164055398
kepler,1,e2e,1.000505860754469,0.9996697398668075,1.0015697744988523
kepler,8,kernel,1.0000277801056379,0.9999415123290425,1.0005885466216196
kepler,8,e2e,0.9993903014419785,0.9991027965423231,1.0004537799757505
kepler,32,kernel,0.9999908878524895,0.9999792707241559,1.000013966049795
kepler,32,e2e,1.000388733693423,0.9994403707353723,1.0315676683798856
kepler,128,kernel,0.9999035954054772,0.9993899909415482,1.0001720634199875
kepler,128,e2e,0.9955399741233657,0.9916108572660114,0.9996663671837617
kepler,512,kernel,0.9999758581868683,0.9998224990693021,1.0004187607334494
kepler,512,e2e,1.0001020926442437,0.9998654489812538,1.0002750240330407
kepler,2048,kernel,1.0000400406807992,0.9997635500319486,1.0003104116446053
kepler,2048,e2e,0.9993774088607893,0.9940717922038278,1.0006487341222208
kepler,8192,kernel,1.0000517666298783,0.9998987511134391,1.0004057899826615
kepler,8192,e2e,1.000491126141156,0.9982478352484541,1.0022241198321735
kepler,32768,kernel,1.0001107396706113,0.9992699686376071,1.0009386096659616
kepler,32768,e2e,1.0032771057177872,0.9905873393969087,1.0115768742995916
kepler,131072,kernel,0.9999014346495343,0.9982639451343828,1.0002560672784444
kepler,131072,e2e,1.0006881180000835,0.9971923250641122,1.0033067544889165
kepler,524288,kernel,0.9999451080228405,0.9984623100942466,1.0019885070234054
kepler,524288,e2e,1.0008374176071235,0.9999843877126262,1.0018088242903027
kepler,2097152,kernel,1.0003635977838874,1.0001769646350596,1.001086565645943
kepler,2097152,e2e,1.000131365118484,0.9992730399502403,1.0012133485149344
kepler,8388608,kernel,0.9998985704341032,0.9997529735660038,1.000064838179525
kepler,8388608,e2e,1.0000328590132381,0.9996836019417086,1.000409079233905
kepler,16777216,kernel,0.9997267539020558,0.9995376440610886,0.9998488702543344
kepler,16777216,e2e,0.9999126344419862,0.9996873520331079,1.0001569658035625
peng_robinson,1,kernel,0.9999583589519002,0.9998229710096717,1.0001458611836682
peng_robinson,1,e2e,0.9923247520230667,0.9854845294043973,0.9961432269538555
peng_robinson,8,kernel,0.9999999999467349,0.9999709935182792,1.0000323837434024
peng_robinson,8,e2e,1.0002443127637826,0.9910399596521187,1.0134296473654318
peng_robinson,32,kernel,1.0000000650336045,0.9999665433502162,1.0000592159281871
peng_robinson,32,e2e,0.9999864062447121,0.9987194002479243,1.0016895605424159
peng_robinson,128,kernel,0.9999888356881197,0.9999620949273267,1.000046800531037
peng_robinson,128,e2e,0.9997833438921879,0.9974594927072581,1.0026989652858336
peng_robinson,512,kernel,1.0000780814012677,0.99998508755061,1.0001341867889577
peng_robinson,512,e2e,1.000846359947475,0.9998544514868136,1.001740323305151
peng_robinson,2048,kernel,1.0001418819485874,0.9997376270945862,1.000525141136025
peng_robinson,2048,e2e,1.0028939632588993,1.0019303546180547,1.004923478080607
peng_robinson,8192,kernel,1.0000425962112,0.9999006751128596,1.0004044403219203
peng_robinson,8192,e2e,1.0088814344790822,0.9856505772344035,1.0145619553173741
peng_robinson,32768,kernel,1.000424654017323,0.9995050278983781,1.0036008057084203
peng_robinson,32768,e2e,1.0004458624993,0.9868572161012481,1.0083345873108835
peng_robinson,131072,kernel,1.0013560307456157,1.0,1.0062309202990614
peng_robinson,131072,e2e,1.0018143294114683,0.9944568620686209,1.0091929481602435
peng_robinson,524288,kernel,1.008790496847751,1.0070358263785282,1.011996225363884
peng_robinson,524288,e2e,0.9996058269134842,0.9938750877850955,1.0038498664425932
peng_robinson,2097152,kernel,1.008165496872824,1.0072790261556497,1.0097972244614124
peng_robinson,2097152,e2e,1.0007739238959155,0.9995924044901232,1.0021862746392372
peng_robinson,8388608,kernel,1.009692253589924,1.0095513778916398,1.0100155942307918
peng_robinson,8388608,e2e,1.001306613952711,1.0002990655462414,1.0023258103732247
peng_robinson,16777216,kernel,1.0108354144103455,1.01057295352342,1.0109384525794116
peng_robinson,16777216,e2e,1.0012722996879253,1.0010431830444355,1.0014777834427289
pv,1,kernel,0.9998608956599114,0.9995065340765871,0.9999916457540394
pv,1,e2e,0.9996385892896944,0.9974453859272558,1.0015381465721636
pv,8,kernel,1.0001238454933687,1.000003130931074,1.000993007593568
pv,8,e2e,0.9991932598329651,0.9982778390748125,1.0006926968787453
pv,32,kernel,1.000071709670948,0.9984423033734676,1.0015052186085471
pv,32,e2e,0.99973217375811,0.999591652266612,1.0000060717728696
pv,128,kernel,0.9996723574874573,0.9992900229576167,1.000078059323823
pv,128,e2e,0.9998994530524568,0.9998389074299736,1.0001480661128104
pv,512,kernel,1.0000763756873239,0.9999795469426607,1.0001559522443684
pv,512,e2e,1.0000256355979906,0.9997888160474905,1.000220663907046
pv,2048,kernel,0.9999572755169504,0.9999007272304845,1.0000672132211783
pv,2048,e2e,1.0032853054227768,1.000380094766622,1.004675760082213
pv,8192,kernel,1.000024070944555,0.9996645485499789,1.000299602315816
pv,8192,e2e,1.001228684845033,0.9992843142536704,1.002425768884064
pv,32768,kernel,0.999190645798025,0.9986409534883259,0.999490998215162
pv,32768,e2e,0.9997580800001209,0.9950103176087819,1.0027841347162616
pv,131072,kernel,1.0000631168114382,0.9987881783882324,1.0009297808711537
pv,131072,e2e,0.9985129231334359,0.9966263781848479,1.0009752406242773
pv,524288,kernel,0.9998569577355738,0.9985621777888822,1.0003061326614713
pv,524288,e2e,1.000850270561379,0.9995110541052156,1.0021983632635665
pv,2097152,kernel,0.9996332027123831,0.999456069566477,0.9999449446771027
pv,2097152,e2e,0.9999808708946365,0.9991177306679067,1.0004303677501392
pv,8388608,kernel,0.9997045080022484,0.9929893782337247,1.0063917908394715
pv,8388608,e2e,0.9991858827689384,0.9937529296629549,1.0062873004211652
pv,16777216,kernel,1.0002712350769838,1.0002295237677739,1.0003309768921658
pv,16777216,e2e,0.9999379152933021,0.9997254627388847,1.0002051790028752
