index,path,root_abs,rho,accepted,status
0,1,4.4408920985006262e-16,5.0770761232615772e-10,1,1
1,1,4.4408920985006262e-16,5.0000666133814778e-10,1,1
2,1,0,5.0000000000000003e-10,1,1
3,1,0,5.0006439293542829e-10,1,1
4,1,8.8817841970012523e-16,5.3446620766567324e-10,1,1
5,1,8.8817841970012523e-16,5.0453992399229722e-10,1,1
6,0,2.2554555556553169e-08,2.305455555655317e-08,1,1
7,1,8.8817841970012523e-16,5.1118571901770341e-10,1,1
8,1,8.8817841970012523e-16,5.0000088817841973e-10,1,1
9,1,1.3633538742396922e-13,5.00136335387424e-10,1,1
10,1,5.1514348342607263e-14,5.0005107025913279e-10,1,1
11,1,1.7763568394002505e-15,5.0000222044604928e-10,1,1
12,1,4.4408920985006262e-16,5.6616440728635101e-10,1,1
13,1,8.8817841970012523e-16,5.444835279722611e-10,1,1
14,1,4.4408920985006262e-16,5.0639532871105078e-10,1,1
15,1,1.7763568394002505e-15,5.00145217171621e-10,1,1
16,1,1.3322676295501878e-15,5.3993516628497676e-10,1,1
17,1,0,5.015618617510427e-10,1,1
18,0,6.0669370860466643e-08,6.116937086046664e-08,1,1
19,1,4.4408920985006262e-16,6.2120793257963672e-10,1,1
20,1,4.4408920985006262e-15,5.0000399680288868e-10,1,1
21,1,4.4408920985006262e-16,9.206941461859515e-10,1,1
22,1,1.7763568394002505e-15,5.5355005328055998e-10,1,1
23,1,4.4408920985006262e-16,5.0000044408920988e-10,1,1
24,1,1.3322676295501878e-15,7.8954660891145071e-10,1,1
25,1,0,5.0024735768988652e-10,1,1
26,1,0,5.0000310862446898e-10,1,1
27,1,0,5.0235411690141521e-10,1,1
28,1,1.1146639167236572e-13,5.0068034466949033e-10,1,1
29,1,8.8817841970012523e-16,7.7976998495660158e-10,1,1
30,1,1.7763568394002505e-15,5.0000177635683943e-10,1,1
31,1,4.4408920985006262e-16,5.6718314793374705e-10,1,1
32,1,1.3322676295501878e-15,1.0148557136180897e-09,1,1
33,1,4.4408920985006262e-16,5.4971489886429484e-10,1,1
34,1,4.4408920985006262e-16,5.0000000000000003e-10,1,1
35,1,5.773159728050814e-15,5.0000577315972808e-10,1,1
36,1,8.8817841970012523e-16,5.0000088817841973e-10,1,1
37,1,6.0529359302563535e-13,5.0085620399659095e-10,1,1
38,1,8.8817841970012523e-16,5.0000088817841973e-10,1,1
39,1,5.773159728050814e-15,5.0000532907051823e-10,1,1
40,1,8.8817841970012523e-16,5.0073852035598069e-10,1,1
41,1,4.4408920985006262e-16,8.1537039646423185e-10,1,1
42,1,4.4408920985006262e-16,5.0009636735853749e-10,1,1
43,0,7.4145408035519722e-08,7.4645405370984461e-08,1,1
44,1,4.4408920985006262e-16,7.3341728550008159e-10,1,1
45,0,7.1648307731209115e-08,7.2148307731209113e-08,1,1
46,1,4.4408920985006262e-16,1.01775739251525e-09,1,1
47,1,8.8817841970012523e-16,7.0096146968739962e-10,1,1
48,0,4.1561318386840185e-08,4.2023777749574717e-08,1,1
49,1,0,5.0000044408920988e-10,1,1
50,1,4.4408920985006262e-16,1.0365490274300554e-09,1,1
51,1,8.8817841970012523e-16,5.1268274374410797e-10,1,1
52,1,4.4408920985006262e-16,5.0456967796935718e-10,1,1
53,1,0,5.1337863153594302e-10,1,1
54,1,0,5.9072076423422007e-10,1,1
55,1,4.4408920985006262e-16,6.416227135564441e-10,1,1
56,0,6.0768088339102633e-08,6.1268088339102631e-08,1,1
57,1,4.4408920985006262e-16,5.4389288932316052e-10,1,1
58,1,1.7763568394002505e-15,5.6099565297290613e-10,1,1
59,1,4.4408920985006262e-16,7.4200907944305075e-10,1,1
60,0,5.2481004875204462e-08,5.2901107897281916e-08,1,1
61,1,8.8817841970012523e-16,5.0000088817841973e-10,1,1
62,0,2.754310290953299e-08,2.8043102909532992e-08,1,1
63,1,7.5495165674510645e-15,5.3983657848039005e-10,1,1
64,1,8.8817841970012523e-16,5.0000177635683943e-10,1,1
65,1,4.4408920985006262e-16,5.0020117241206211e-10,1,1
66,1,0,5.0000000000000003e-10,1,1
67,0,3.4734024989546697e-08,3.5231239662022515e-08,1,1
68,1,0,5.3586908547958959e-10,1,1
69,1,0,5.0000621724893793e-10,1,1
70,1,0,5.0123767662785216e-10,1,1
71,1,4.4408920985006262e-16,5.0000044408920988e-10,1,1
72,1,4.4408920985006262e-16,5.0231237251568931e-10,1,1
73,1,4.4408920985006262e-16,5.0001998401444328e-10,1,1
74,2,1.9095836023552692e-14,inf,1,1
75,1,0,5.0000000000000003e-10,1,1
76,1,1.3988810110276972e-13,5.0014210854715205e-10,1,1
77,2,1.59574575775423e-11,inf,1,1
78,1,0,5.0162714286489066e-10,1,1
79,1,4.4408920985006262e-16,5.0020383694732121e-10,1,1
80,1,0,5.0047828407900855e-10,1,1
81,1,0,5.2382449793003619e-10,1,1
82,2,2.7173818750725331e-12,inf,1,1
83,2,1.9095836023552692e-14,inf,1,1
84,1,2.4868995751603507e-14,5.0001953992523343e-10,1,1
85,1,4.4408920985006262e-16,5.0236344277482206e-10,1,1
86,1,0,5.0000444089209853e-10,1,1
87,1,4.4408920985006262e-16,5.019264589923296e-10,1,1
88,1,0,5.427147206494283e-10,1,1
89,1,0,8.2534552829588395e-10,1,1
90,2,2.078337502098293e-13,inf,1,1
91,1,7.9936057773011271e-15,5.8643841198363592e-10,1,1
92,2,0,inf,1,1
93,1,8.8817841970012523e-16,5.004725109192805e-10,1,1
94,1,2.48245868306185e-13,5.0028954616482227e-10,1,1
95,1,3.1086244689504383e-15,3.8693727807815325e-09,1,1
96,2,2.7797630863801714e-10,inf,1,1
97,2,6.4739325011942128e-12,inf,1,1
98,2,0,inf,1,1
99,2,1.7266188478970435e-12,inf,1,1
100,1,0,9.6190029578951901e-10,1,1
101,1,5.5067062021407764e-14,5.3205258281013815e-10,1,1
102,1,8.8817841970012523e-16,5.3057776254422609e-10,1,1
103,1,0,5.0945155065323891e-10,1,1
104,1,4.4408920985006262e-16,8.5778624507543103e-10,1,1
105,1,1.7763568394002505e-15,5.2335109883233602e-10,1,1
106,1,4.8849813083506888e-15,7.0828716529308625e-10,1,1
107,1,2.3980817331903381e-14,5.0699795776881732e-10,1,1
108,1,4.4408920985006262e-15,6.7467760571321381e-10,1,1
109,1,8.8817841970012523e-16,5.0000088817841973e-10,1,1
110,1,4.4408920985006262e-14,9.9293502613068078e-10,1,1
111,1,9.5923269327613525e-14,5.0414468459553067e-10,1,1
112,1,0,5.0144240175359303e-10,1,1
113,1,1.3322676295501878e-15,5.0001820765760388e-10,1,1
114,1,0,5.0556221735337207e-10,1,1
115,1,1.7763568394002505e-15,5.1868016852313307e-10,1,1
116,1,4.4408920985006262e-16,5.0041566750041969e-10,1,1
117,1,8.8817841970012523e-16,5.0728261895233121e-10,1,1
118,1,4.4408920985006262e-16,5.0287903034745799e-10,1,1
119,1,4.4408920985006262e-16,5.0000532907051823e-10,1,1
120,1,8.8817841970012523e-16,5.0953193080022178e-10,1,1
121,1,3.9968028886505635e-15,2.133455593008648e-09,1,1
122,1,3.8635761256955448e-14,1.6761112084229807e-09,1,1
123,1,4.4408920985006262e-16,5.075504047458708e-10,1,1
124,1,4.4408920985006262e-16,5.6417222309096363e-10,1,1
125,1,4.8849813083506888e-15,5.398272526069832e-10,1,1
126,1,1.7763568394002505e-15,5.086459728265709e-10,1,1
127,1,8.8817841970012523e-16,5.0001243449787583e-10,1,1
128,1,3.5527136788005009e-15,5.0033351099659743e-10,1,1
129,1,4.4408920985006262e-16,5.0000044408920988e-10,1,1
130,1,0,5.0009681144774734e-10,1,1
131,1,4.4408920985006262e-16,5.2664357623416439e-10,1,1
132,1,6.2172489379008766e-15,2.5682158208273903e-09,1,1
133,1,0,7.1722579290894831e-10,1,1
134,1,2.6645352591003757e-15,5.118598464382558e-10,1,1
135,1,2.2204460492503131e-15,1.9486074562114481e-09,1,1
136,1,0,5.2501421292322451e-10,1,1
137,0,8.3250069060625265e-08,8.3747689630638886e-08,1,1
138,1,4.4408920985006262e-16,5.047286619064835e-10,1,1
139,1,8.8817841970012523e-16,3.4165452275492498e-09,1,1
140,0,4.7132136415939385e-08,4.7632135971850173e-08,1,1
141,1,2.9753977059954195e-14,1.9208012544258963e-09,1,1
142,1,2.2204460492503131e-15,5.5323741447682554e-10,1,1
143,1,3.0198066269804258e-14,5.6796208040782406e-10,1,1
144,1,3.1086244689504383e-15,5.1506883506863236e-10,1,1
145,1,8.8817841970012523e-16,5.079301010202926e-10,1,1
146,1,1.3322676295501878e-15,2.1732473184788432e-09,1,1
147,1,4.4408920985006262e-16,5.0018696155734691e-10,1,1
148,1,4.4408920985006262e-16,5.086211038308193e-10,1,1
149,1,6.4392935428259079e-14,7.5196777997393841e-10,1,1
150,1,3.9968028886505635e-15,6.9106893844877962e-10,1,1
151,1,7.9491968563161208e-14,1.3690284047929708e-09,1,1
152,1,0,5.0007549516567454e-10,1,1
153,1,0,5.0389155374591613e-10,1,1
154,1,1.7763568394002505e-15,3.5965696673490583e-09,1,1
155,1,0,5.0538991073995024e-10,1,1
156,1,4.4408920985006262e-16,5.0000044408920988e-10,1,1
157,1,4.4408920985006262e-16,5.1595923393438173e-10,1,1
158,1,0,5.0666355859380022e-10,1,1
159,1,0,5.2644595653578111e-10,1,1
160,1,3.1086244689504383e-15,5.2584554792406383e-10,1,1
161,1,3.3306690738754696e-14,5.040385472743765e-10,1,1
162,1,1.3322676295501878e-15,3.3053404044214857e-09,1,1
163,1,8.8817841970012523e-16,5.3729860864609694e-10,1,1
164,1,0,5.0453281856493962e-10,1,1
165,1,9.3258734068513149e-14,1.3378711430630573e-08,1,1
166,1,4.4408920985006262e-16,5.1324851339745695e-10,1,1
167,1,9.8587804586713901e-14,5.1925659631751845e-10,1,1
168,1,7.1054273576010019e-15,1.0638161049148493e-09,1,1
169,1,1.6431300764452317e-14,9.7326542684800181e-10,1,1
170,1,0,5.0091482377229116e-10,1,1
171,1,0,5.0287903034745799e-10,1,1
172,1,1.6431300764452317e-14,6.6569003229067224e-09,1,1
173,1,3.907985046680551e-14,7.4609025928157283e-10,1,1
174,1,1.2878587085651816e-14,6.0306155928674346e-10,1,1
175,1,4.4408920985006262e-16,5.0050404125317985e-10,1,1
176,1,1.3322676295501878e-15,6.1980505476572037e-10,1,1
177,0,2.0241514242513858e-08,2.0747929111150144e-08,1,1
178,1,0,5.0105293551655453e-10,1,1
179,1,8.8817841970012523e-16,5.0505417929730359e-10,1,1
180,1,3.9968028886505635e-14,5.02277733557321e-10,1,1
181,1,1.3322676295501878e-15,1.2691061121306574e-09,1,1
182,1,1.7763568394002505e-15,5.0018962609260601e-10,1,1
183,1,1.6431300764452317e-14,3.528075123978624e-09,1,1
184,1,1.3322676295501878e-15,5.817261813779169e-10,1,1
185,1,8.8817841970012523e-16,5.0625943741283666e-10,1,1
186,1,4.4408920985006262e-16,5.054667381732543e-10,1,1
187,1,3.9968028886505635e-15,7.051252501189538e-10,1,1
188,1,3.4727776210274897e-13,5.0025934809855247e-10,1,1
189,1,1.3322676295501878e-15,1.3376082050176591e-09,1,1
190,1,0,5.0066524563635542e-10,1,1
191,1,2.2648549702353193e-14,2.4895631808708458e-09,1,1
192,1,8.1712414612411521e-14,5.0008171241461244e-10,1,1
193,2,3.3704017354807547e-10,inf,1,1
194,1,8.8817841970012523e-16,5.1036193353343154e-10,1,1
195,1,3.1086244689504383e-15,5.0563948887588598e-10,1,1
196,1,8.8817841970012523e-15,2.0286225618638127e-09,1,1
197,1,9.3258734068513149e-15,2.0067871395046949e-09,1,1
198,1,8.4376949871511897e-15,5.5622036169938841e-10,1,1
199,1,4.4408920985006262e-15,5.8760325798107263e-10,1,1
200,1,0,5.0000799360577733e-10,1,1
201,2,1.3470780046986874e-10,inf,1,1
202,1,0,5.0000222044604928e-10,1,1
203,1,9.7699626167013776e-15,5.5426592508683828e-10,1,1
204,1,0,5.0043698378249249e-10,1,1
205,1,8.8817841970012523e-16,6.8327472872670117e-10,1,1
206,1,2.708944180085382e-14,6.288915640884625e-10,1,1
207,1,1.7763568394002505e-15,1.588712675567649e-09,1,1
208,1,7.1054273576010019e-15,3.393854045282751e-09,1,1
209,1,5.3290705182007514e-15,5.0412025968898891e-10,1,1
210,1,9.3258734068513149e-15,5.0995115101432023e-10,1,1
211,1,8.8817841970012523e-15,1.5774412473324445e-09,1,1
212,2,2.1040946762695967e-12,inf,1,1
213,1,4.4408920985006262e-16,5.1210853639577184e-10,1,1
214,1,0,5.0534017274844703e-10,1,1
215,1,8.8817841970012523e-16,5.1180033848413589e-10,1,1
216,1,4.4408920985006262e-16,5.0002842170943044e-10,1,1
217,1,8.8817841970012523e-16,5.0222355467371929e-10,1,1
218,1,4.4408920985006262e-16,5.0069277916736613e-10,1,1
219,1,4.4408920985006262e-16,5.0110222941884789e-10,1,1
220,1,0,5.0135003119794422e-10,1,1
221,1,0,5.0644950759465249e-10,1,1
222,1,0,5.0000000000000003e-10,1,1
223,1,4.4408920985006262e-16,5.2845190749667384e-10,1,1
224,1,3.1086244689504383e-15,1.9063648023920904e-09,1,1
225,1,3.1086244689504383e-15,5.3353184396814871e-10,1,1
226,1,4.4408920985006262e-16,5.0029576341376017e-10,1,1
227,1,6.6613381477509392e-14,5.0220445883769574e-10,1,1
228,1,1.3322676295501878e-15,5.0000133226762958e-10,1,1
229,1,0,5.0000000000000003e-10,1,1
230,1,8.0824236192711396e-14,5.0008082423619274e-10,1,1
231,1,4.4408920985006262e-16,5.0000044408920988e-10,1,1
232,1,4.4408920985006262e-16,5.0000488498130838e-10,1,1
233,1,4.4408920985006262e-16,5.0065591976294857e-10,1,1
234,1,4.4408920985006262e-16,5.3235367529441649e-10,1,1
235,1,1.7763568394002505e-15,5.0002842170943044e-10,1,1
236,1,1.3322676295501878e-15,5.0009148237722914e-10,1,1
237,1,1.0880185641326534e-12,5.0108757447492283e-10,1,1
238,1,4.4408920985006262e-16,5.1121991388686186e-10,1,1
239,1,1.3322676295501878e-15,6.1893641627125365e-10,1,1
240,1,2.6645352591003757e-15,8.8538239266472377e-10,1,1
241,1,0,5.7108358346386015e-10,1,1
242,1,5.3734794391857577e-14,5.1401634364128771e-10,1,1
243,1,5.7331916991643084e-13,5.0011279865930195e-10,1,1
244,1,4.4408920985006262e-16,7.8002222762779641e-10,1,1
245,1,0,5.0000222044604928e-10,1,1
246,1,8.8817841970012523e-16,5.0091837648596996e-10,1,1
247,1,2.6645352591003757e-15,5.0336397576461426e-10,1,1
248,0,5.4112052616517303e-08,5.4956829268190175e-08,1,1
249,1,8.8817841970012523e-16,5.5618971954390875e-10,1,1
250,1,0,6.7925305684229901e-10,1,1
251,1,0,5.0029132252166167e-10,1,1
252,1,0,5.0078159700933614e-10,1,1
253,1,3.7614356074300304e-13,5.0037614356074303e-10,1,1
254,1,4.4408920985006262e-16,5.0495337104666763e-10,1,1
255,0,4.1465447520039334e-08,4.196468191024155e-08,1,1
256,1,3.1086244689504383e-15,5.9791634170142064e-10,1,1
257,1,7.2519767968515225e-13,5.0072786221494428e-10,1,1
258,1,3.1974423109204508e-14,5.0504751795915584e-10,1,1
259,1,8.8817841970012523e-16,5.0000088817841973e-10,1,1
260,1,8.8817841970012523e-16,7.9143576441015287e-10,1,1
261,1,4.4408920985006262e-16,5.0000355271367883e-10,1,1
262,2,0,inf,1,1
263,1,2.6645352591003757e-15,5.0000266453525913e-10,1,1
264,1,1.7763568394002505e-15,5.0000222044604928e-10,1,1
265,1,1.7763568394002505e-15,5.0273780997872567e-10,1,1
266,1,8.8817841970012523e-16,6.493951629072399e-10,1,1
267,1,1.7763568394002505e-15,5.1558086992758948e-10,1,1
268,1,1.3322676295501878e-15,5.0033573144264668e-10,1,1
269,1,0,1.039992051074023e-09,1,1
270,1,8.8817841970012523e-16,5.0000088817841973e-10,1,1
271,1,2.2204460492503131e-15,5.9986367288661316e-10,1,1
272,1,8.8817841970012523e-16,8.1879698880743493e-10,1,1
273,1,4.4408920985006262e-16,5.0043698378249249e-10,1,1
274,0,5.5910698293359928e-08,5.6519233696247282e-08,1,1
275,1,4.4408920985006262e-16,5.2586553193850708e-10,1,1
276,1,0,5.0027178259642827e-10,1,1
277,1,2.2204460492503131e-15,5.4744604709117087e-10,1,1
278,0,7.6513128721700241e-08,7.7013128721700239e-08,1,1
279,1,4.4408920985006262e-16,5.7363887277733741e-10,1,1
280,1,4.4408920985006262e-16,5.0000088817841973e-10,1,1
281,1,8.8817841970012523e-16,8.9474779001125174e-10,1,1
282,1,0,7.486997274786518e-10,1,1
283,0,6.2538499712161411e-08,6.323089514508001e-08,1,1
284,1,4.4408920985006262e-16,5.0000044408920988e-10,1,1
285,1,4.4408920985006262e-16,5.011874945471391e-10,1,1
286,1,2.2648549702353193e-14,7.4042279278546633e-10,1,1
287,1,6.794564910705958e-14,6.5465539959791389e-10,1,1
288,1,4.4408920985006262e-16,5.0021360690993791e-10,1,1
289,1,8.8817841970012523e-16,5.1530064963617409e-10,1,1
290,1,1.3322676295501878e-15,7.9708369098102597e-10,1,1
291,1,6.6746608240464411e-13,5.0066746608240468e-10,1,1
292,1,8.8817841970012523e-16,5.0000088817841973e-10,1,1
293,1,1.7763568394002505e-15,7.1015944540181411e-10,1,1
294,0,2.6191809610054406e-08,2.6691809610054407e-08,1,1
295,1,4.4408920985006262e-16,5.9140199708213007e-10,1,1
296,1,9.5923269327613525e-14,5.0009592326932764e-10,1,1
297,1,0,5.9888267982205437e-10,1,1
298,1,4.4408920985006262e-16,5.0091082696940251e-10,1,1
299,1,0,5.0145972123277719e-10,1,1
300,1,8.8817841970012523e-16,5.4256683894254823e-10,1,1
301,1,4.4408920985006262e-15,5.0000444089209853e-10,1,1
302,0,1.7131447371809827e-08,1.7864159443644668e-08,1,1
303,1,1.8474111129762605e-13,5.0018474111129766e-10,1,1
304,1,4.4408920985006262e-16,8.2832003782345967e-10,1,1
305,1,1.7763568394002505e-15,5.0000177635683943e-10,1,1
306,1,8.8817841970012523e-16,6.3264900289300388e-10,1,1
307,1,8.8817841970012523e-16,5.0100364161426117e-10,1,1
308,1,8.8817841970012523e-16,5.3762412603691704e-10,1,1
309,1,0,5.0103694830499993e-10,1,1
310,1,7.1942451995710144e-14,5.001301181384861e-10,1,1
311,1,8.8817841970012523e-16,5.0874189609589851e-10,1,1
312,1,3.9035441545820504e-13,5.0039035441545824e-10,1,1
313,1,4.4408920985006262e-16,5.0006217248937904e-10,1,1
314,1,8.8817841970012523e-16,5.0003597122599789e-10,1,1
315,1,8.8817841970012523e-16,5.85250473347287e-10,1,1
316,1,0,5.0612532247146194e-10,1,1
317,1,4.4408920985006262e-16,7.2259882825892422e-10,1,1
318,1,0,5.0007993605777304e-10,1,1
319,1,5.3290705182007514e-15,5.0000532907051823e-10,1,1
320,1,2.19824158875781e-13,5.0021893598045611e-10,1,1
321,1,8.8817841970012523e-16,5.0000843769498718e-10,1,1
322,1,4.4408920985006262e-16,5.0109734443753954e-10,1,1
323,1,1.3766765505351941e-13,7.9148816693691518e-10,1,1
324,1,0,5.0019095836023556e-10,1,1
325,1,4.4408920985006262e-16,5.0072120087679653e-10,1,1
326,1,8.8817841970012523e-16,5.0000088817841973e-10,1,1
327,1,1.3322676295501878e-15,6.3861711778417888e-10,1,1
328,1,2.6645352591003757e-15,5.0015809575870665e-10,1,1
329,1,2.7533531010703882e-14,7.4017188238190105e-10,1,1
330,1,0,5.0198463467881996e-10,1,1
331,1,0,5.0104227737551813e-10,1,1
332,1,1.3322676295501878e-15,5.0001643130076448e-10,1,1
333,1,0,5.0104671826761663e-10,1,1
334,1,8.8817841970012523e-16,5.4070077608275827e-10,1,1
335,1,8.8817841970012523e-16,5.0060085270092717e-10,1,1
336,1,8.8817841970012523e-16,5.0006528111384799e-10,1,1
337,1,7.6161299489285739e-13,5.0076161299489289e-10,1,1
338,1,4.4408920985006262e-16,6.2445644514968993e-10,1,1
339,0,2.0079905738157322e-08,2.0579905738157323e-08,1,1
340,1,1.3322676295501878e-15,5.0003641531520774e-10,1,1
341,1,3.1086244689504383e-15,6.5463363922663123e-10,1,1
342,1,1.5099033134902129e-14,5.0001554312234478e-10,1,1
343,1,0,5.1819921990886545e-10,1,1
344,0,9.8566137474165316e-09,1.0356613747416531e-08,1,1
345,1,1.3322676295501878e-15,5.015263346142547e-10,1,1
346,1,1.7763568394002505e-15,5.0271738187507256e-10,1,1
347,0,4.849575008236684e-08,4.8995746973742369e-08,1,1
348,1,0,5.0272404321322032e-10,1,1
349,1,4.4408920985006262e-16,5.0131805677483502e-10,1,1
350,1,2.6645352591003757e-15,5.103952402241703e-10,1,1
351,1,4.4408920985006262e-16,5.1348121614341838e-10,1,1
352,1,4.454214774796128e-13,5.0043964831775159e-10,1,1
353,1,5.3290705182007514e-15,5.4029931943705381e-10,1,1
354,1,0,5.097424290856907e-10,1,1
355,1,0,5.0000044408920988e-10,1,1
356,1,1.5809575870662229e-13,5.0015809575870665e-10,1,1
357,1,8.8817841970012523e-16,5.4169153910993376e-10,1,1
358,0,9.2769964155081652e-08,9.326996415508165e-08,1,1
359,1,1.3322676295501878e-15,5.2376321361907688e-10,1,1
360,1,8.8817841970012523e-16,5.0000088817841973e-10,1,1
361,1,0,5.0017719159473021e-10,1,1
362,1,0,5.0000000000000003e-10,1,1
363,1,8.8817841970012523e-16,5.0000088817841973e-10,1,1
364,0,2.7342234698579659e-08,2.7969887253772641e-08,1,1
365,1,8.8817841970012523e-16,5.6260325591256336e-10,1,1
366,1,2.2204460492503131e-15,6.8450840855166465e-10,1,1
367,1,0,6.5987389190286197e-10,1,1
368,1,4.4408920985006262e-16,5.0146949119539389e-10,1,1
369,1,7.8914652590356127e-13,5.0358646445874914e-10,1,1
370,0,7.6440818119749565e-08,7.6940817231571143e-08,1,1
371,2,0,inf,1,1
372,1,4.4408920985006262e-16,5.0035615954629978e-10,1,1
373,1,1.6564527527407336e-13,5.0001909583602358e-10,1,1
374,1,0,5.3849809360190196e-10,1,1
375,1,4.4408920985006262e-16,8.7655700779737348e-10,1,1
376,1,0,5.0055910831520126e-10,1,1
377,1,0,5.0000000000000003e-10,1,1
378,0,4.9629554688124244e-08,5.0167871593328525e-08,1,1
379,1,8.8817841970012523e-16,1.6215668394015665e-09,1,1
380,1,2.3980817331903381e-14,7.5336177600365775e-10,1,1
381,1,7.9936057773011271e-15,6.674931304762595e-10,1,1
382,1,1.7763568394002505e-15,5.0000177635683943e-10,1,1
383,1,1.3322676295501878e-15,9.8907367045103449e-10,1,1
384,1,2.6645352591003757e-14,7.387574582485286e-10,1,1
385,1,8.8817841970012523e-16,5.1094502266596467e-10,1,1
386,1,4.4408920985006262e-16,5.1164801588515732e-10,1,1
387,1,0,5.0000000000000003e-10,1,1
388,1,5.773159728050814e-15,5.0005639932965099e-10,1,1
389,1,4.4408920985006262e-16,5.1016786654872706e-10,1,1
390,1,4.4408920985006262e-16,5.0662137011886446e-10,1,1
391,1,6.6613381477509392e-15,5.0304023473063356e-10,1,1
392,1,4.4408920985006262e-16,5.0554623014181746e-10,1,1
393,1,2.2204460492503131e-15,5.0007416289804499e-10,1,1
394,1,0,1.0051501439368166e-09,1,1
395,1,4.7961634663806763e-14,7.7126834112323198e-10,1,1
396,1,4.4408920985006262e-16,5.1413136274663887e-10,1,1
397,1,0,5.0983080283845087e-10,1,1
398,1,4.4408920985006262e-16,8.4068925458541347e-10,1,1
399,1,4.4408920985006262e-16,5.0115685239165944e-10,1,1
400,1,0,5.1462741039404139e-10,1,1
401,2,5.5946358656910888e-11,5.0000000000000003e-10,2,2
402,1,4.4408920985006262e-16,5.0497557550716013e-10,1,1
403,1,0,5.0001998401444328e-10,1,1
404,1,8.8817841970012523e-16,5.0009192646643899e-10,1,1
405,1,1.0658141036401503e-14,2.549486358401964e-09,1,1
406,1,1.9095836023552692e-14,5.221143103829036e-10,1,1
407,1,3.9968028886505635e-15,9.8728798773822738e-10,1,1
408,1,0,5.0097699626167017e-10,1,1
409,1,7.9936057773011271e-15,5.9778533538451487e-10,1,1
410,1,0,5.0929878396505049e-10,1,1
411,1,4.4408920985006262e-16,5.0738964445190507e-10,1,1
412,1,4.4408920985006262e-16,5.0345590223105322e-10,1,1
413,0,3.7668462571360806e-08,3.816542100436254e-08,1,1
414,1,4.4408920985006262e-16,5.3266853454420019e-10,1,1
415,1,8.8817841970012523e-16,7.4011725940908949e-10,1,1
416,1,4.4408920985006262e-16,5.6486322590149033e-10,1,1
417,0,2.2907955532502911e-09,2.7907888919121432e-09,1,1
418,1,1.1546319456101628e-14,5.0001243449787583e-10,1,1
419,1,7.4971140406887571e-12,5.0608313399652619e-10,1,1
420,1,7.9936057773011271e-15,6.1001421995615604e-10,1,1
421,1,8.8817841970012523e-16,5.1335731525387021e-10,1,1
422,1,0,5.3813571680666431e-10,1,1
423,1,4.4408920985006262e-16,5.0000044408920988e-10,1,1
424,1,4.4408920985006262e-16,6.3477086113766748e-10,1,1
425,1,4.4408920985006262e-16,8.6561065286377928e-10,1,1
426,1,4.4408920985006262e-16,5.2000977161742415e-10,1,1
427,1,8.8817841970012523e-16,5.0502353714182394e-10,1,1
428,0,7.6439763851965381e-08,7.6953517738883645e-08,1,1
429,1,0,4.1787914936553537e-09,1,1
430,1,0,5.0180433445962084e-10,1,1
431,1,8.8817841970012523e-16,5.1095967760988973e-10,1,1
432,1,2.7436719562956569e-11,5.0030375701953747e-10,1,1
433,1,8.8817841970012523e-16,5.0112176934408129e-10,1,1
434,1,2.6645352591003757e-15,1.66515463943756e-09,1,1
435,1,4.4408920985006262e-16,5.0034239278079443e-10,1,1
436,1,4.4408920985006262e-16,5.0014210854715205e-10,1,1
437,1,3.0642155479654321e-14,2.1269252611778028e-09,1,1
438,1,4.4408920985006262e-16,3.6318112547751297e-09,1,1
439,1,6.2172489379008766e-15,9.9166626325813915e-10,1,1
440,1,4.4408920985006262e-16,5.0089750429310701e-10,1,1
441,1,3.1530333899354446e-14,2.5661312660763542e-09,1,1
442,1,0,5.0201039185299126e-10,1,1
443,1,1.9095836023552692e-14,5.0313615799996117e-10,1,1
444,1,4.4408920985006262e-16,5.3402922388318078e-10,1,1
445,1,9.3258734068513149e-15,9.9994985928947237e-10,1,1
446,1,4.4408920985006262e-16,1.0885913978431744e-09,1,1
447,1,3.1086244689504383e-15,5.2579758628940002e-10,1,1
448,1,0,5.0000000000000003e-10,1,1
449,1,4.4408920985006262e-16,5.0053246296261026e-10,1,1
450,1,0,5.0000000000000003e-10,1,1
451,1,4.4408920985006262e-16,5.2552669187139148e-10,1,1
452,1,4.4408920985006262e-16,5.0535038680027359e-10,1,1
453,1,4.4408920985006262e-15,5.0000444089209853e-10,1,1
454,1,8.8817841970012523e-16,5.1653654990718681e-10,1,1
455,1,3.9968028886505635e-15,7.1882273770756913e-10,1,1
456,1,3.1086244689504383e-15,6.3670575782498421e-10,1,1
457,1,0,5.0098099306455882e-10,1,1
458,1,4.4408920985006262e-15,6.7260193274637462e-10,1,1
459,1,1.2168044349891716e-13,5.0118527410108985e-10,1,1
460,1,2.7977620220553945e-14,5.5656275448018281e-10,1,1
461,1,4.4408920985006262e-16,5.5363176569517239e-10,1,1
462,1,1.7763568394002505e-15,5.1397504334477165e-10,1,1
463,1,1.3766765505351941e-14,2.4103998383229736e-09,1,1
464,1,7.1054273576010019e-15,5.0952438128365432e-10,1,1
465,0,2.0623166285815842e-08,2.1123165841726633e-08,1,1
466,0,7.4029925745122682e-08,7.4502817207485803e-08,1,1
467,1,0,5.0000000000000003e-10,1,1
468,1,8.8817841970012523e-16,5.0832089952496065e-10,1,1
469,0,1.8825100589481281e-08,1.9325100589481282e-08,1,1
470,1,0,5.263908894737597e-10,1,1
471,1,8.8817841970012523e-16,5.0594191362779387e-10,1,1
472,1,2.708944180085382e-14,9.9920201306008486e-10,1,1
473,1,4.8849813083506888e-15,5.1234834456909087e-10,1,1
474,1,4.4408920985006262e-16,5.0240119035765932e-10,1,1
475,1,4.4408920985006262e-16,5.0091171514782221e-10,1,1
476,1,4.4408920985006262e-16,5.3819966565288272e-10,1,1
477,1,6.4837024638109142e-14,5.0007949196856319e-10,1,1
478,1,0,5.0091393559387146e-10,1,1
479,1,0,5.0884758932784283e-10,1,1
480,1,7.1054273576010019e-15,5.3879518928329165e-10,1,1
481,0,3.1409168599338955e-09,3.6409168599338954e-09,1,1
482,1,8.8817841970012523e-15,3.7859732712609006e-09,1,1
483,1,7.1054273576010019e-15,6.9889512259396728e-10,1,1
484,1,2.6645352591003757e-15,5.1206457156399668e-10,1,1
485,1,3.1086244689504383e-15,5.0000310862446898e-10,1,1
486,1,1.3322676295501878e-15,8.4251890212999573e-10,1,1
487,1,8.8817841970012523e-16,5.0985922454788127e-10,1,1
488,1,8.8817841970012523e-16,5.1397326698793225e-10,1,1
489,1,0,5.0020117241206211e-10,1,1
490,1,1.3322676295501878e-15,5.0934807786734385e-10,1,1
491,1,0,5.040367709175371e-10,1,1
492,1,8.8817841970012523e-16,5.0318056692094618e-10,1,1
493,1,8.8817841970012523e-16,5.0000088817841973e-10,1,1
494,1,1.3322676295501878e-15,5.0352651241541938e-10,1,1
495,1,4.4408920985006262e-16,5.0000044408920988e-10,1,1
496,1,4.4408920985006262e-16,6.7947332509038464e-10,1,1
497,1,4.4408920985006262e-16,5.0042144066014774e-10,1,1
498,1,8.8817841970012523e-16,5.2901323625792432e-10,1,1
499,1,3.5527136788005009e-15,5.0004440892098504e-10,1,1
500,1,0,5.0037791991758243e-10,1,1
501,1,0,5.0002797762022059e-10,1,1
502,1,0,5.0000000000000003e-10,1,1
503,1,2.2204460492503131e-15,5.0000222044604928e-10,1,1
504,1,1.3322676295501878e-15,5.0941380307040166e-10,1,1
505,1,4.4408920985006262e-16,5.0274313904924387e-10,1,1
506,1,0,9.501856665228842e-10,1,1
507,1,2.1316282072803006e-14,5.0002176037128268e-10,1,1
508,1,0,5.054551918537982e-10,1,1
509,0,7.7453283786610427e-08,7.7938177203958956e-08,1,1
510,1,1.7763568394002505e-15,5.3378142210408444e-10,1,1
511,1,4.4408920985006262e-16,5.1018296558186197e-10,1,1
512,1,1.3322676295501878e-15,5.0000133226762958e-10,1,1
513,1,3.1086244689504383e-15,5.0008615330671094e-10,1,1
514,1,1.7763568394002505e-15,5.4287015187287583e-10,1,1
515,1,4.5874415377511468e-13,5.00459188242985e-10,1,1
516,1,4.4408920985006262e-16,5.0008837375276019e-10,1,1
517,1,4.4408920985006262e-16,5.0000799360577733e-10,1,1
518,1,0,5.0000000000000003e-10,1,1
519,1,4.4408920985006262e-16,5.0009414691248824e-10,1,1
520,1,6.3060667798708891e-14,5.0006306066779874e-10,1,1
521,1,4.4408920985006262e-16,5.0000044408920988e-10,1,1
522,1,0,5.2303357504729323e-10,1,1
523,1,4.4408920985006262e-16,5.0691402490815566e-10,1,1
524,1,8.8817841970012523e-16,5.0696687152412781e-10,1,1
525,1,0,5.0000000000000003e-10,1,1
526,1,4.4408920985006262e-16,5.0000133226762958e-10,1,1
527,1,4.4408920985006262e-16,6.4745671350624437e-10,1,1
528,1,0,6.1080025785759065e-10,1,1
529,1,0,6.0297718233687195e-10,1,1
530,0,9.863777350460623e-08,9.9137773504606228e-08,1,1
531,0,3.6676525816403682e-08,3.7176505388300027e-08,1,1
532,1,0,5.0015631940186725e-10,1,1
533,1,0,5.2027134016202584e-10,1,1
534,1,4.4408920985006262e-16,5.0000399680288868e-10,1,1
535,1,1.6209256159527285e-13,5.0026378899065097e-10,1,1
536,1,0,5.2395239562247301e-10,1,1
537,1,4.4408920985006262e-16,6.6858558993249065e-10,1,1
538,1,1.7763568394002505e-15,7.8058755319193554e-10,1,1
539,1,0,5.1281241779338419e-10,1,1
540,1,4.3041126218668069e-12,5.0431121804922444e-10,1,1
541,1,1.3322676295501878e-15,5.9995559935305212e-10,1,1
542,1,4.4408920985006262e-16,6.6731327434627022e-10,1,1
543,1,1.7763568394002505e-15,5.0023181456754176e-10,1,1
544,1,1.3322676295501878e-15,5.001327826737452e-10,1,1
545,1,1.865174681370263e-13,5.0018651746813706e-10,1,1
546,1,1.1013412404281553e-13,5.0011013412404285e-10,1,1
547,1,4.4408920985006262e-16,5.1787636705330445e-10,1,1
548,1,2.6645352591003757e-14,5.1813571515185689e-10,1,1
549,1,8.8817841970012523e-16,5.2131406162675379e-10,1,1
550,1,0,5.0000000000000003e-10,1,1
551,1,0,5.0064526162191217e-10,1,1
552,1,8.8817841970012523e-16,5.0134026123532752e-10,1,1
553,1,8.8817841970012523e-16,5.0000444089209853e-10,1,1
554,1,0,5.0656763532447261e-10,1,1
555,1,5.2002846473442332e-13,5.0014566126083085e-10,1,1
556,1,1.3322676295501878e-15,5.0116484599743675e-10,1,1
557,1,0,5.246043185825329e-10,1,1
558,1,4.3698378249246161e-13,5.004760636329593e-10,1,1
559,1,1.7763568394002505e-15,5.0095923269327617e-10,1,1
560,1,3.5527136788005009e-15,5.0039968028886509e-10,1,1
561,1,2.5313084961453569e-14,7.2068302740763105e-10,1,1
562,1,0,1.1002256469628264e-09,1,1
563,1,8.8817841970012523e-16,5.8611245050360597e-10,1,1
564,1,4.4408920985006262e-16,7.5705304551593148e-10,1,1
565,1,1.7763568394002505e-15,5.1339151012302867e-10,1,1
566,1,8.8817841970012523e-16,6.8767742915315469e-10,1,1
567,1,4.0589753780295723e-13,5.0038991032624839e-10,1,1
568,1,3.0864200084579352e-13,5.0016697754290365e-10,1,1
569,0,9.7354779349245746e-08,9.7826477099812789e-08,1,1
570,1,8.8817841970012523e-16,5.0000088817841973e-10,1,1
571,1,1.3322676295501878e-15,5.0095434771196782e-10,1,1
572,1,4.4408920985006262e-16,7.1882140543993958e-10,1,1
573,1,4.4408920985006262e-16,6.2331025089906692e-10,1,1
574,1,8.8817841970012523e-16,5.0029753977059957e-10,1,1
575,1,8.8817841970012523e-16,5.0026334490144112e-10,1,1
576,0,5.879172437772695e-08,5.9291724377726948e-08,1,1
577,1,8.8817841970012523e-16,5.0346744855050932e-10,1,1
578,1,3.5527136788005009e-15,8.3077141026183202e-10,1,1
579,1,4.8849813083506888e-15,7.4133717246854761e-10,1,1
580,1,4.4408920985006262e-16,7.2306512192926678e-10,1,1
581,1,8.8817841970012523e-16,8.7938363561806912e-10,1,1
582,1,2.6645352591003757e-15,8.2440627961705107e-10,1,1
583,1,8.8817841970012523e-16,5.7900613496758527e-10,1,1
584,0,1.8065863471861121e-08,1.8566545592887452e-08,1,1
585,1,1.7763568394002505e-15,5.8962830477798892e-10,1,1
586,1,0,5.0016076029396575e-10,1,1
587,1,8.8817841970012523e-16,5.1046229769485766e-10,1,1
588,1,8.8817841970012523e-16,5.018847146066037e-10,1,1
589,1,1.7763568394002505e-15,5.0156230584025255e-10,1,1
590,1,4.4408920985006262e-16,8.4410874150125895e-10,1,1
591,1,8.8817841970012523e-16,5.0188693505265295e-10,1,1
592,1,8.8817841970012523e-16,5.0000310862446898e-10,1,1
593,1,1.3322676295501878e-15,5.0175726100337673e-10,1,1
594,1,1.020961093445294e-12,5.0102673425317338e-10,1,1
595,1,5.3290705182007514e-15,5.1374012015276097e-10,1,1
596,1,1.3322676295501878e-15,5.0119326770686715e-10,1,1
597,1,8.8817841970012523e-16,6.628785994967075e-10,1,1
598,1,4.4408920985006262e-16,5.0000222044604928e-10,1,1
599,1,1.7763568394002505e-15,5.0008704148513064e-10,1,1
